id,board,company_name,sector,merchant_banker,city,size_cr,open_date,close_date,listing_date,period,year,month,ipo_url
4679,Main Board,Dhoot Transmission Limited,Electric Equipments,Axis Capital Limited Axis Capital Limited and Jefferies India Private Limited and Kotak Mahindra Capital Company Limited and Nomura Financial Advisory And Securities (India) Private Limited and SBI Capital Markets Limited and 360 ONE WAM Limited +,Aurangabad,3066.89,2026-08-10,1970-01-01,,2026-08,2026,8,https://www.ipoplatform.com/ipo/dhoot-transmission-ipo/4679
4472,Main Board,Ardee Industries Limited,Recycling,Pantomath Capital Advisors Private Limited,New Delhi,425.87,2026-08-05,1970-01-01,,2026-08,2026,8,https://www.ipoplatform.com/ipo/ardee-industries-ipo/4472
4414,Main Board,Behari Lal Engineering Limited,Steel - Iron,Systematix Corporate Services Limited Systematix Corporate Services Limited and Emkay Global Financial Services Limited +,Gobindgarh,301.62,2026-08-12,,,2026-08,2026,8,https://www.ipoplatform.com/ipo/behari-lal-engineering-ipo/4414
4281,Main Board,Leap India Limited,Logistics,Avendus Capital Private Limited Avendus Capital Private Limited and IIFL Securities Limited and Jm Financial Limited and Ubs Securities India Private Limited +,Mumbai,2480.0,2026-08-07,1970-01-01,,2026-08,2026,8,https://www.ipoplatform.com/ipo/leap-india-ipo/4281
4278,Main Board,Molbio Diagnostics Limited,Healthcare,IIFL Securities Limited IIFL Securities Limited and Jefferies India Private Limited and Kotak Mahindra Capital Company Limited and Motilal Oswal Investment Advisors Limited +,Goa,939.7,2026-08-10,1970-01-01,,2026-08,2026,8,https://www.ipoplatform.com/ipo/molbio-diagnostics-ipo/4278
4266,Main Board,Technocraft Ventures Limited,Engineering - EPC,Khambatta Securities Limited,New Delhi,251.88,2026-08-07,1970-01-01,,2026-08,2026,8,https://www.ipoplatform.com/ipo/technocraft-ventures-ipo/4266
4239,Main Board,Milky Mist Dairy Food Limited,FMCG,Axis Capital Limited Axis Capital Limited and IIFL Securities Limited and Jm Financial Limited +,Perundurai,2035.0,2026-08-11,1970-01-01,,2026-08,2026,8,https://www.ipoplatform.com/ipo/milky-mist-dairy-food-ipo/4239
4146,Main Board,Shiprocket Limited,Logistics,Axis Capital Limited Axis Capital Limited and Bofa Securities India Limited and Jm Financial Limited and Kotak Mahindra Capital Company Limited +,New Delhi,1617.48,2026-08-12,,,2026-08,2026,8,https://www.ipoplatform.com/ipo/shiprocket-ipo/4146
4693,SME,Q&T Foods Limited,FMCG,Corporate Makers Capital Limited,Ghaziabad,26.25,2026-08-12,,,2026-08,2026,8,https://www.ipoplatform.com/ipo/qandt-foods-ipo/4693
4671,SME,Pramodini Medicare Limited,Laboratories,Smart Horizon Capital Advisors Private Limited,Vijayawada,69.04,2026-08-12,,,2026-08,2026,8,https://www.ipoplatform.com/ipo/pramodini-medicare-ipo/4671
4592,SME,Sham Foam Limited,Home Appliances,Navigant Corporate Advisors Limited Navigant Corporate Advisors Limited and Corporate Makers Capital Limited +,Ambala,40.48,2026-08-11,1970-01-01,,2026-08,2026,8,https://www.ipoplatform.com/ipo/sham-foam-ipo/4592
4561,SME,Aegeus Technologies Limited,Solar,Turnaround Corporate Advisors Private Limited,Bengaluru,23.71,2026-08-04,1970-01-01,,2026-08,2026,8,https://www.ipoplatform.com/ipo/aegeus-technologies-ipo/4561
4462,SME,Anawil Wire and Engineering Limited,Power and Energy - Wind,Hem Securities Limited,Valsad,177.81,2026-08-03,1970-01-01,,2026-08,2026,8,https://www.ipoplatform.com/ipo/anawil-wire-engineering-ipo/4462
4410,SME,Optimystix Entertainment India Limited,Advertising and Media,Nexgen Financial Solutions Private Limited Nexgen Financial Solutions Private Limited and LSI Financial Services Private Limited +,Mumbai,108.5,2026-08-07,1970-01-01,,2026-08,2026,8,https://www.ipoplatform.com/ipo/optimystix-entertainment-india-ipo/4410
4095,SME,LAPL Automotive Limited,Automobile,GYR Capital Advisors Private Limited,Aurangabad,32.4,2026-08-06,1970-01-01,,2026-08,2026,8,https://www.ipoplatform.com/ipo/lapl-automotive-ipo/4095
4736,Main Board,Cube Highways Trust Invit,Real Estate - REIT,Hdfc Bank Limited Hdfc Bank Limited and Hsbc Securities & Capital Markets Private limited and Jm Financial Limited and Kotak Mahindra Capital Company Limited +,New Delhi,5000.0,2026-07-22,1970-01-01,,2026-07,2026,7,https://www.ipoplatform.com/ipo/cube-highways-trust-ipo/4736
4624,Main Board,Manipal Health Enterprises Limited,Healthcare - Hospitals and Clinic,Axis Capital Limited Axis Capital Limited and Goldman Sachs (India) Securities Private Limited and J.P. Morgan India Private Limited and Jefferies India Private Limited and Kotak Mahindra Capital Company Limited and Ubs Securities India Private Limited +,Bengaluru,9275.22,2026-07-29,1970-01-01,,2026-07,2026,7,https://www.ipoplatform.com/ipo/manipal-health-enterprises-ipo/4624
4618,Main Board,Sbi Funds Management Limited,Financial Services - Wealth Management,Axis Capital Limited Axis Capital Limited and Bofa Securities India Limited and Hsbc Securities & Capital Markets Private limited and ICICI Securities Limited and Jefferies India Private Limited and Jm Financial Limited and Kotak Mahindra Capital Company Limited and Motilal Oswal Investment Advisors Limited and SBI Capital Markets Limited +,Mumbai,11692.91,2026-07-14,1970-01-01,,2026-07,2026,7,https://www.ipoplatform.com/ipo/sbi-funds-management-ipo/4618
4518,Main Board,MV Electrosystems Limited,Electric Equipments,Sundae Capital Advisors,New Delhi,290.0,2026-07-30,1970-01-01,,2026-07,2026,7,https://www.ipoplatform.com/ipo/mv-electrosystems-ipo/4518
4489,Main Board,Xtranet Technologies Limited,Engineering - Tech Solutions,Share India Capital Services Private Limited,Bhopal,166.8,2026-07-23,1970-01-01,,2026-07,2026,7,https://www.ipoplatform.com/ipo/xtranet-technologies-ipo/4489
4477,Main Board,Indo Mim Limited,Engineering,Axis Capital Limited Axis Capital Limited and Hdfc Bank Limited and ICICI Securities Limited and Kotak Mahindra Capital Company Limited and SBI Capital Markets Limited +,Bengaluru,3811.21,2026-07-23,1970-01-01,,2026-07,2026,7,https://www.ipoplatform.com/ipo/indo-mim-ipo/4477
4434,Main Board,Laser Power & Infra Limited,Cables and Wires,ICICI Securities Limited ICICI Securities Limited and IIFL Securities Limited +,Kolkata,742.0,2026-07-09,1970-01-01,,2026-07,2026,7,https://www.ipoplatform.com/ipo/laser-power-infra-ipo/4434
4417,Main Board,Kusumgar Limited,Textiles - Fabrics,Axis Capital Limited Axis Capital Limited and IIFL Securities Limited and Motilal Oswal Investment Advisors Limited +,Mumbai,650.0,2026-07-08,1970-01-01,,2026-07,2026,7,https://www.ipoplatform.com/ipo/kusumgar-ipo/4417
4386,Main Board,Alpine Texworld Limited,Textiles,D&A Financial Services Private Limited,Ahmedabad,126.25,2026-07-14,1970-01-01,,2026-07,2026,7,https://www.ipoplatform.com/ipo/alpine-texworld-ipo/4386
4291,Main Board,Knack Packaging Limited,Packaging & Disposables,Pantomath Capital Advisors Private Limited Pantomath Capital Advisors Private Limited and Systematix Corporate Services Limited and Idbi Capital Market Services Limited +,Ahmedabad,439.5,2026-07-01,1970-01-01,,2026-07,2026,7,https://www.ipoplatform.com/ipo/knack-packaging-ipo/4291
4271,Main Board,Lohia Corp Limited,Engineering - Heavy Machinery,Equirus Capital Private Limited Equirus Capital Private Limited and Motilal Oswal Investment Advisors Limited +,Kanpur,1101.28,2026-07-23,1970-01-01,,2026-07,2026,7,https://www.ipoplatform.com/ipo/lohia-corp-ipo/4271
4205,Main Board,Juniper Green Energy Limited,Power and Energy,Hsbc Securities & Capital Markets Private limited Hsbc Securities & Capital Markets Private limited and ICICI Securities Limited and Jm Financial Limited and Kotak Mahindra Capital Company Limited +,New Delhi,1800.0,2026-07-30,1970-01-01,,2026-07,2026,7,https://www.ipoplatform.com/ipo/juniper-green-energy-ipo/4205
3938,Main Board,Caliber Mining and Logistics Limited,Minerals,Dam Capital Advisors Limited (Formerly Idfc Securities Limited),Nagpur,450.0,2026-07-17,1970-01-01,,2026-07,2026,7,https://www.ipoplatform.com/ipo/caliber-mining-and-logistics-ipo/3938
4689,SME,Millworks Technologies Limited,Engineering,GYR Capital Advisors Private Limited,Bengaluru,160.34,2026-07-14,1970-01-01,,2026-07,2026,7,https://www.ipoplatform.com/ipo/millworks-technologies-ipo/4689
4657,SME,G V Electricals Limited,Power and Energy,Seren Capital Private Limited,Mumbai,42.25,2026-07-31,1970-01-01,,2026-07,2026,7,https://www.ipoplatform.com/ipo/gv-electricals-ipo/4657
4656,SME,Metalic Technoforge Limited,Metal,Smart Horizon Capital Advisors Private Limited,Rajkot,49.96,2026-07-21,1970-01-01,,2026-07,2026,7,https://www.ipoplatform.com/ipo/metalic-technoforge-ipo/4656
4622,SME,Poojaa Precision Engg. Limited,Aluminium,Hem Securities Limited,Pune,159.83,2026-07-28,1970-01-01,,2026-07,2026,7,https://www.ipoplatform.com/ipo/poojaa-precision-engg-ipo/4622
4617,SME,Gulf Lloyds (India) Limited,Oil and Gas,Interactive Financial Services Limited,Ahmedabad,18.19,2026-07-20,1970-01-01,,2026-07,2026,7,https://www.ipoplatform.com/ipo/gulf-lloyds-india-ipo/4617
4610,SME,Devson Catalyst Limited,Chemical,JJ IPO Advisors Private Limited,Ahmedabad,42.34,2026-07-09,1970-01-01,,2026-07,2026,7,https://www.ipoplatform.com/ipo/devson-catalyst-ipo/4610
4591,SME,Fusion Klassroom Edutech Limited,Education - Edtech,Narnolia Financial Services Limited,Mumbai,39.04,2026-07-31,1970-01-01,,2026-07,2026,7,https://www.ipoplatform.com/ipo/fusion-klassroom-edutech-ipo/4591
4588,SME,Happy Steels Limited,Engineering,Share India Capital Services Private Limited,Ludhiana,25.0,2026-07-09,1970-01-01,,2026-07,2026,7,https://www.ipoplatform.com/ipo/happy-steels-ipo/4588
4559,SME,Dhaval Packaging Limited,Packaging & Disposables,Rarever Financial Advisors Private Limited,Ahmedabad,36.36,2026-07-30,1970-01-01,,2026-07,2026,7,https://www.ipoplatform.com/ipo/dhaval-packaging-ipo/4559
4558,SME,Sotefin Bharat Limited,Corporate Solutions,Choice Capital Advisors Private Limited,Kolkata,89.76,2026-07-16,1970-01-01,,2026-07,2026,7,https://www.ipoplatform.com/ipo/sotefin-bharat-ipo/4558
4550,SME,Silverstorm Parks and Resorts Limited,Travel and Tourism,Vivro Financial Services Private Limited,Thrissur,82.43,2026-07-24,1970-01-01,,2026-07,2026,7,https://www.ipoplatform.com/ipo/silverstorm-parks-and-resorts-ipo/4550
4418,SME,IC Electricals Company Limited,Railway,Nexgen Financial Solutions Private Limited,New Delhi,47.91,2026-07-03,1970-01-01,,2026-07,2026,7,https://www.ipoplatform.com/ipo/ic-electricals-company-ipo/4418
4401,SME,Shree Balaji (Mala) Textiles Limited,Textiles - Fabrics,GYR Capital Advisors Private Limited,Kolkata,18.9,2026-07-22,1970-01-01,,2026-07,2026,7,https://www.ipoplatform.com/ipo/shree-balaji-mala-textiles-ipo/4401
4392,SME,H. R. Hygiene Products Limited,Healthcare - Personal Care,Marwadi Chandarana Intermediaries Brokers Private Limited,Rajkot,53.95,2026-07-29,1970-01-01,,2026-07,2026,7,https://www.ipoplatform.com/ipo/hr-hygiene-products-ipo/4392
4361,SME,Propshop Events and Exhibitions Limited,Corporate Solutions,Unistone Capital Private Limited,Mumbai,28.57,2026-07-27,1970-01-01,,2026-07,2026,7,https://www.ipoplatform.com/ipo/propshop-events-and-exhibitions-ipo/4361
4356,SME,Oneindig Technologies Limited,Solar,Share India Capital Services Private Limited,Faridabad,27.65,2026-07-30,1970-01-01,,2026-07,2026,7,https://www.ipoplatform.com/ipo/oneindig-technologies-ipo/4356
4065,SME,Advance Technoforge Limited,Electric Equipments - OEM,Sun Capital Advisory Services (P) Limited,Rajkot,24.03,2026-07-27,1970-01-01,,2026-07,2026,7,https://www.ipoplatform.com/ipo/advance-technoforge-ipo/4065
4536,Main Board,Turtlemint Fintech Solutions Limited,Banking and Finance - FinTech,ICICI Securities Limited ICICI Securities Limited and Jefferies India Private Limited and Jm Financial Limited and Motilal Oswal Investment Advisors Limited +,Mumbai,882.67,2026-06-19,1970-01-01,,2026-06,2026,6,https://www.ipoplatform.com/ipo/turtlemint-fintech-solutions-ipo/4536
4485,Main Board,Aastha Spintex Limited,Textiles - Fabrics,BOI Merchant Bankers Limited BOI Merchant Bankers Limited and Pnb Investment Services Limited +,Ahmedabad,170.0,2026-06-29,1970-01-01,,2026-06,2026,6,https://www.ipoplatform.com/ipo/aastha-spintex-ipo/4485
4469,Main Board,Hexagon Nutrition Limited,FMCG,Cumulative Capital Private Limited Cumulative Capital Private Limited and Catalyst Capital Partners Private Limited +,Mumbai,138.87,2026-06-05,1970-01-01,,2026-06,2026,6,https://www.ipoplatform.com/ipo/hexagon-nutrition-ipo/4469
4466,Main Board,Advit Jewels Limited,Jewellery,Holani Consultants Private Limited,Jaipur,165.16,2026-06-23,1970-01-01,,2026-06,2026,6,https://www.ipoplatform.com/ipo/advit-jewels-ipo/4466
4412,Main Board,Csm Technologies Limited,Engineering - Tech Solutions,Keynote Financial Services Limited,Bhubaneswar,145.78,2026-06-24,1970-01-01,,2026-06,2026,6,https://www.ipoplatform.com/ipo/csm-technologies-ipo/4412
4283,Main Board,CMR Green Technologies Limited,Aluminium,Equirus Capital Private Limited Equirus Capital Private Limited and ICICI Securities Limited and Motilal Oswal Investment Advisors Limited +,Faridabad,630.88,2026-06-03,1970-01-01,,2026-06,2026,6,https://www.ipoplatform.com/ipo/cmr-green-technologies-ipo/4283
4171,Main Board,Waterways Leisure Tourism Limited,Travel and Tourism,Intensive Fiscal Services Private Limited Intensive Fiscal Services Private Limited and Centrum Capital Limited and Motilal Oswal Investment Advisors Limited +,Mumbai,585.0,2026-06-23,1970-01-01,,2026-06,2026,6,https://www.ipoplatform.com/ipo/cordelia-cruises-ipo/4171
4628,SME,Merritronix Limited,Engineering,GYR Capital Advisors Private Limited,Hyderabad,70.03,2026-06-01,1970-01-01,,2026-06,2026,6,https://www.ipoplatform.com/ipo/merritronix-ipo/4628
4603,SME,Horizon Reclaim (India) Limited,Rubber,GYR Capital Advisors Private Limited,Saharanpur,54.27,2026-06-12,1970-01-01,,2026-06,2026,6,https://www.ipoplatform.com/ipo/horizon-reclaim-india-ipo/4603
4595,SME,Susan Electricals India Limited,Electric Equipments,Seren Capital Private Limited,New Delhi,70.38,2026-06-11,1970-01-01,,2026-06,2026,6,https://www.ipoplatform.com/ipo/susan-electricals-india-ipo/4595
4576,SME,Shreedhar Spinners Limited,Textiles,Marwadi Chandarana Intermediaries Brokers Private Limited,Mumbai,30.68,2026-06-23,1970-01-01,,2026-06,2026,6,https://www.ipoplatform.com/ipo/shreedhar-spinners-limited/4576
4573,SME,UHM Vacation Limited,Travel and Tourism,Sobhagya Capital Options Limited,Mumbai,36.02,2026-06-04,1970-01-01,,2026-06,2026,6,https://www.ipoplatform.com/ipo/uhm-vacation-ipo/4573
4560,SME,Kratikal Tech Limited,Artificial Intelligence (AI),Beeline Capital Advisors Private Limited,Noida,39.69,2026-06-30,,,2026-06,2026,6,https://www.ipoplatform.com/ipo/kratikal-tech-ipo/4560
4545,SME,Vinit Mobile Limited,Retail,Comfort Securities Limited,Surat,34.13,2026-06-30,1970-01-01,,2026-06,2026,6,https://www.ipoplatform.com/ipo/vinit-mobile-ipo/4545
4520,SME,Vahh Chemicals Limited,Textiles,Marwadi Chandarana Intermediaries Brokers Private Limited,Surat,13.45,2026-06-04,1970-01-01,,2026-06,2026,6,https://www.ipoplatform.com/ipo/vahh-chemicals-ipo/4520
4519,SME,GenxAI Analytics Limited,Information Technology,Choice Capital Advisors Private Limited,Jaipur,54.84,2026-06-05,1970-01-01,,2026-06,2026,6,https://www.ipoplatform.com/ipo/genxai-analytics-ipo/4519
4433,SME,Seemax Resources Limited,Infrastructure,Wealth Mine Networks Private Limited,Vadodara,19.74,2026-06-30,1970-01-01,,2026-06,2026,6,https://www.ipoplatform.com/ipo/seema-resources-ipo/4433
4384,SME,Atharva Poly-Plast Limited,Plastic and Polymer,Horizon Management Private Limited,Pune,27.0,2026-06-30,1970-01-01,,2026-06,2026,6,https://www.ipoplatform.com/ipo/atharva-ployplast-ipo/4384
4366,SME,Sampark India Logistics Limited,Logistics,Finshore Management Services Limited,New Delhi,27.22,2026-06-30,1970-01-01,,2026-06,2026,6,https://www.ipoplatform.com/ipo/sampark-india-logistics-ipo/4366
4347,SME,Utkal Speciality Industries India Limited,Packaging & Disposables,Affinity Global Capital Market Private Limited,Orissa,34.54,2026-06-10,1970-01-01,,2026-06,2026,6,https://www.ipoplatform.com/ipo/utkal-specialty-industries-india-ipo/4347
4306,SME,Anubhav Plast Limited,Steel - Tubes and Pipes,Capitalsquare Advisors Private Limited,Kanpur,24.0,2026-06-19,1970-01-01,,2026-06,2026,6,https://www.ipoplatform.com/ipo/anubahv-palst-ipo/4306
4286,SME,Clay Craft India Limited,Ceramic and Stone,Hem Securities Limited,Jaipur,110.11,2026-06-17,1970-01-01,,2026-06,2026,6,https://www.ipoplatform.com/ipo/clay-craft-india-ipo/4286
4270,SME,Diksha Polymers Limited,Plastic and Polymer,Aryaman Financial Services Limited,Gwalior,17.9,2026-06-17,1970-01-01,,2026-06,2026,6,https://www.ipoplatform.com/ipo/diksha-polymers-ipo/4270
4237,SME,Riyaasat Lifestyle Limited,Textiles - Fabrics,Mark Corporate Advisors Private Limited,Ahmedabad,30.77,2026-06-18,1970-01-01,,2026-06,2026,6,https://www.ipoplatform.com/ipo/riyaasat-lifestyle-ipo/4237
4165,SME,Adon Agro Commodities Limited,Agro,Galactico Corporate Service Limited,Mumbai,44.03,2026-06-29,1970-01-01,,2026-06,2026,6,https://www.ipoplatform.com/ipo/adon-agro-commodities-ipo/4165
4104,SME,Teja Engineering Industries Limited,Oil and Gas,Interactive Financial Services Limited,Bharuch,37.36,2026-06-30,1970-01-01,,2026-06,2026,6,https://www.ipoplatform.com/ipo/teja-engineering-industries-ipo/4104
3980,SME,Leapfrog Engineering Services Limited,Engineering - EPC,Finshore Management Services Limited,Bengaluru,88.51,2026-06-17,1970-01-01,,2026-06,2026,6,https://www.ipoplatform.com/ipo/leapfrog-engineering-services-ipo/3980
3920,SME,Crazy Snacks Limited,FMCG - Snacks and Beverages,Inventure Merchant Banker Services Private Limited,Gorakhpur,31.47,2026-06-25,1970-01-01,,2026-06,2026,6,https://www.ipoplatform.com/ipo/crazy-snacks-ipo/3920
3906,SME,Avience Biomedicals Lmited,Healthcare,Fintellectual Corporate Advisors Private Limited,New Delhi,30.24,2026-06-18,1970-01-01,,2026-06,2026,6,https://www.ipoplatform.com/ipo/avience-biomedicals-ipo/3906
3727,SME,Liotech Industries Limited,Furniture,Wealth Mine Networks Private Limited,Rajkot,36.02,2026-06-17,1970-01-01,,2026-06,2026,6,https://www.ipoplatform.com/ipo/liotech-industries-ipo/3727
3698,SME,Jivial Industries Limited,Steel,Corporate Makers Capital Limited,Rajkot,31.99,2026-06-23,1970-01-01,,2026-06,2026,6,https://www.ipoplatform.com/ipo/jivial-industries-ipo/3698
4672,Main Board,Bagmane Prime Office REIT,Real Estate - REIT,Axis Capital Limited Axis Capital Limited and Hdfc Bank Limited and IIFL Securities Limited and Jm Financial Limited and Kotak Mahindra Capital Company Limited and SBI Capital Markets Limited and 360 ONE WAM Limited +,Bengaluru,4000.0,2026-05-05,1970-01-01,,2026-05,2026,5,https://www.ipoplatform.com/ipo/bagmane-reit-ipo/4672
4682,SME,M R Maniveni Foods Limited,FMCG,Capitalsquare Advisors Private Limited,Chennai,27.04,2026-05-22,1970-01-01,,2026-05,2026,5,https://www.ipoplatform.com/ipo/mr-maniveni-foods-ipo/4682
4677,SME,RFBL Flexi Pack Limited,Packaging & Disposables,Grow House Wealth Management Private Limited,Himmatnagar,35.33,2026-05-12,1970-01-01,,2026-05,2026,5,https://www.ipoplatform.com/ipo/rfbl-flexi-pack-ipo/4677
4600,SME,Teamtech Formwork Solutions Limited,Real Estate - Infrastructure,Getfive Advisors Private Limited,Hyderabad,50.15,2026-05-19,1970-01-01,,2026-05,2026,5,https://www.ipoplatform.com/ipo/teamtech-formwork-solutions-ipo/4600
4551,SME,Recode Studios Limited,Cosmetic,Seren Capital Private Limited,Ludhiana,44.59,2026-05-05,1970-01-01,,2026-05,2026,5,https://www.ipoplatform.com/ipo/recode-studios-ipo/4551
4546,SME,Yaashvi Jewellers Limited,Jewellery,Smart Horizon Capital Advisors Private Limited,Jaipur,43.88,2026-05-25,1970-01-01,,2026-05,2026,5,https://www.ipoplatform.com/ipo/yaashvi-jewellers-ipo/4546
4543,SME,Aureate Tradde Limited,Electric Equipments,Corporate Capital Ventures Private Limited,Mumbai,27.29,2026-05-29,1970-01-01,,2026-05,2026,5,https://www.ipoplatform.com/ipo/aureate-tradde-ipo/4543
4460,SME,Autofurnish Limited,Automobile,Fast Track Finsec Private Limited,New Delhi,14.6,2026-05-21,1970-01-01,,2026-05,2026,5,https://www.ipoplatform.com/ipo/autofurnish-ipo/4460
4446,SME,Harikanta Overseas Limited,Textiles - Fabrics,Interactive Financial Services Limited,Surat,24.3,2026-05-20,1970-01-01,,2026-05,2026,5,https://www.ipoplatform.com/ipo/harikanta-overseas-ipo/4446
4430,SME,Goldline Pharmaceutical Limited,Pharmaceutical,Cumulative Capital Private Limited,Nagpur,11.61,2026-05-12,1970-01-01,,2026-05,2026,5,https://www.ipoplatform.com/ipo/goldline-pharmaceutical-ipo/4430
4423,SME,Rajnandini Fashion India Limited,Textiles,Seren Capital Private Limited,Jaipur,18.21,2026-05-26,1970-01-01,,2026-05,2026,5,https://www.ipoplatform.com/ipo/rajnandini-fashion-ipo/4423
4408,SME,Q-Line Biotech Limited,Healthcare,Hem Securities Limited Hem Securities Limited and Share India Capital Services Private Limited +,Lucknow,214.48,2026-05-21,1970-01-01,,2026-05,2026,5,https://www.ipoplatform.com/ipo/qline-biotechipo/4408
4405,SME,NFP Sampoorna Foods Limited,FMCG,3Dimesnion Capital Services Limited,New Delhi,24.53,2026-05-18,1970-01-01,,2026-05,2026,5,https://www.ipoplatform.com/ipo/nfp-sampoorna-foods-ipo/4405
4303,SME,SMR Jewels Limited,Jewellery,Wealth Mine Networks Private Limited,Ahmedabad,63.74,2026-05-26,1970-01-01,,2026-05,2026,5,https://www.ipoplatform.com/ipo/smr-jewels-ipo/4303
4263,SME,Bio Medica Laboratories Limited,Pharmaceutical,Narnolia Financial Services Limited,Indore,52.43,2026-05-21,1970-01-01,,2026-05,2026,5,https://www.ipoplatform.com/ipo/bio-medica-laboratories-ipo/4263
4248,SME,Value 360 Communications Limited,Advertising and Media,Horizon Management Private Limited,New Delhi,41.69,2026-05-04,1970-01-01,,2026-05,2026,5,https://www.ipoplatform.com/ipo/value-360-communications-ipo/4248
4191,SME,Simca Advertising Limited,Advertising and Media,Socradamus Capital Private Limited,Mumbai,58.04,2026-05-08,1970-01-01,,2026-05,2026,5,https://www.ipoplatform.com/ipo/simca-advertising-ipo/4191
4175,SME,Vegorama Punjabi Angithi Limited,Hotels and Resorts - Restaurants,Corporate Makers Capital Limited,New Delhi,38.38,2026-05-20,1970-01-01,,2026-05,2026,5,https://www.ipoplatform.com/ipo/vegorama-punjabi-angithi-ipo/4175
4668,Main Board,Citius Transnet Investment Trust,Infrastructure,Axis Capital Limited,Mumbai,1340.0,2026-04-17,1970-01-01,,2026-04,2026,4,https://www.ipoplatform.com/ipo/citius-transnet-investment-trust-ipo/4668
4634,Main Board,Property Share Investment Trust - PropShare Celestia,Real Estate - REIT,Ambit Private Limited,Bengaluru,244.65,2026-04-10,1970-01-01,,2026-04,2026,4,https://www.ipoplatform.com/ipo/propshare-celestia-ipo/4634
4476,Main Board,Om Power Transmission Limited,Engineering - EPC,Beeline Capital Advisors Private Limited,Ahmedabad,150.06,2026-04-09,1970-01-01,,2026-04,2026,4,https://www.ipoplatform.com/ipo/om-power-transmission-ipo/4476
4277,Main Board,Onemi Technology (Kissht) Solutions Limited,Banking and Finance - FinTech,Centrum Capital Limited Centrum Capital Limited and Hsbc Securities & Capital Markets Private limited and Jm Financial Limited and Nuvama Wealth Management Limited and SBI Capital Markets Limited +,Mumbai,925.92,2026-04-30,1970-01-01,,2026-04,2026,4,https://www.ipoplatform.com/ipo/onemi-technology-solutions-ipo/4277
4415,SME,Adisoft Technologies Limited,Engineering,Hem Securities Limited,Pune,74.1,2026-04-23,1970-01-01,,2026-04,2026,4,https://www.ipoplatform.com/ipo/adisoft-technologies-ipo/4415
4371,SME,Amba Auto Sales and Services Limited,Retail,Capitalsquare Advisors Private Limited,Bengaluru,65.12,2026-04-27,1970-01-01,,2026-04,2026,4,https://www.ipoplatform.com/ipo/amba-auto-sales-and-services-ipo/4371
4235,SME,Mehul Telecom Limited,Telecom,Cumulative Capital Private Limited,Rajkot,27.73,2026-04-17,1970-01-01,,2026-04,2026,4,https://www.ipoplatform.com/ipo/mehul-telecom-ipo/4235
3774,SME,Safety Controls & Devices Limited,Engineering - EPC,Sobhagya Capital Options Limited,Lucknow,48.0,2026-04-06,1970-01-01,,2026-04,2026,4,https://www.ipoplatform.com/ipo/safety-controls-and-devices-ipo/3774
4598,Main Board,Raajmarg Infra Investment Trust InvIT,Real Estate,Axis Capital Limited Axis Capital Limited and ICICI Securities Limited and Motilal Oswal Investment Advisors Limited and SBI Capital Markets Limited +,New Delhi,6000.0,2026-03-11,1970-01-01,,2026-03,2026,3,https://www.ipoplatform.com/ipo/raajmarg-infra-investment-trust-invit-ipo/4598
4505,Main Board,Sedemac Mechatronics Limited,Electric Equipments,Avendus Capital Private Limited Avendus Capital Private Limited and Axis Capital Limited and ICICI Securities Limited +,Pune,1087.45,2026-03-04,1970-01-01,,2026-03,2026,3,https://www.ipoplatform.com/ipo/sedemac-mechatronics-ipo/4505
4487,Main Board,Sai Parenteral's Limited,Pharmaceutical,Arihant Capital Markets Limited,Telengana,408.79,2026-03-24,1970-01-01,,2026-03,2026,3,https://www.ipoplatform.com/ipo/sai-parenteral-ipo/4487
4268,Main Board,Powerica Limited,Power and Energy,Edelweiss Financial Services Limited Edelweiss Financial Services Limited and ICICI Securities Limited and IIFL Securities Limited +,Mumbai,1100.0,2026-03-24,1970-01-01,,2026-03,2026,3,https://www.ipoplatform.com/ipo/powerica-ipo/4268
4182,Main Board,Amir Chand Jagdish Kumar (Exports) Limited,Agro,Keynote Financial Services Limited Keynote Financial Services Limited and Emkay Global Financial Services Limited +,New Delhi,440.0,2026-03-24,1970-01-01,,2026-03,2026,3,https://www.ipoplatform.com/ipo/amir-chand-jagdish-kumar-ipo/4182
4151,Main Board,Central Mine Planning & Design Institute Limited,Minerals,Idbi Capital Market Services Limited Idbi Capital Market Services Limited and SBI Capital Markets Limited +,Ranchi,1842.12,2026-03-20,1970-01-01,,2026-03,2026,3,https://www.ipoplatform.com/ipo/central-mine-planning-design-institute-ipo/4151
3930,Main Board,Rajputana Stainless Limited,Steel,Nirbhay Capital Services Private Limited,Ahmedabad,254.98,2026-03-09,1970-01-01,,2026-03,2026,3,https://www.ipoplatform.com/ipo/rajputana-stainless-ipo/3930
3900,Main Board,GSP Crop Science Limited,Chemical,Equirus Capital Private Limited Equirus Capital Private Limited and Motilal Oswal Investment Advisors Limited +,Ahmedabad,400.0,2026-03-16,1970-01-01,,2026-03,2026,3,https://www.ipoplatform.com/ipo/gsp-crop-science-ipo/3900
3886,Main Board,Innovision Limited,Human Resources and Manpower,Emkay Global Financial Services Limited,New Delhi,322.84,2026-03-10,1970-01-01,,2026-03,2026,3,https://www.ipoplatform.com/ipo/innovision-ipo/3886
4454,SME,Novus Loyalty Limited,Information Technology  - Data Solutions,Smart Horizon Capital Advisors Private Limited,New Delhi,60.15,2026-03-17,1970-01-01,,2026-03,2026,3,https://www.ipoplatform.com/ipo/novus-loyalty-ipo/4454
4444,SME,Emiac Technologies Limited,Information Technology  - Data Solutions,Smart Horizon Capital Advisors Private Limited,Jaipur,31.75,2026-03-27,1970-01-01,,2026-03,2026,3,https://www.ipoplatform.com/ipo/emaic-technologies-ipo/4444
4442,SME,Highness Microelectronics Limited,Information Technology,Fintellectual Corporate Advisors Private Limited,Mumbai,21.67,2026-03-24,1970-01-01,,2026-03,2026,3,https://www.ipoplatform.com/ipo/highness-microelectronics-ipo/4442
4437,SME,Apsis Aerocom Limited,Engineering,Oneview Corporate Advisors Private Limited (Formerly known as Guiness Corporate Advisors),Bengaluru,35.77,2026-03-11,1970-01-01,,2026-03,2026,3,https://www.ipoplatform.com/ipo/apsis-aerocom-ipo/4437
4399,SME,Elfin Agro India Limited,Agro,Finshore Management Services Limited,Bhilwara,25.03,2026-03-05,1970-01-01,,2026-03,2026,3,https://www.ipoplatform.com/ipo/elfin-agro-india-ipo/4399
4382,SME,Tipco Engineering India Limited,Engineering - Heavy Machinery,Smart Horizon Capital Advisors Private Limited,Sonipat,60.55,2026-03-23,1970-01-01,,2026-03,2026,3,https://www.ipoplatform.com/ipo/tipco-engineering-india-ipo/4382
4352,SME,Vivid Electromech Limited,Electric Equipments,Hem Securities Limited,Mumbai,130.54,2026-03-25,1970-01-01,,2026-03,2026,3,https://www.ipoplatform.com/ipo/vivid-electromech-ipo/4352
3848,SME,Srinibas Pradhan Constructions Limited,Infrastructure,Fast Track Finsec Private Limited,Orissa,20.32,2026-03-06,1970-01-01,,2026-03,2026,3,https://www.ipoplatform.com/ipo/srinibas-pradhan-constructions-ipo/3848
3681,SME,Speciality Medicines Limited,Pharmaceutical,Unistone Capital Private Limited,Ahmedabad,29.14,2026-03-20,1970-01-01,,2026-03,2026,3,https://www.ipoplatform.com/ipo/speciality-medicines-ipo/3681
4274,Main Board,Clean Max Enviro Energy Solutions Limited,Power and Energy,Axis Capital Limited Axis Capital Limited and Bnp Paribas and Bob Capital Markets Limited and Hsbc Securities & Capital Markets Private limited and IIFL Securities Limited and J.P. Morgan India Private Limited and Nomura Financial Advisory And Securities (India) Private Limited and SBI Capital Markets Limited +,Mumbai,5200.0,2026-02-23,1970-01-01,,2026-02,2026,2,https://www.ipoplatform.com/ipo/clean-max-enviro-energy-solutions-ipo/4274
4269,Main Board,Fractal Analytics Limited,Engineering - Tech Solutions,Axis Capital Limited Axis Capital Limited and Goldman Sachs (India) Securities Private Limited and Kotak Mahindra Capital Company Limited and Morgan Stanley India Company Private Limited +,Mumbai,2833.9,2026-02-09,1970-01-01,,2026-02,2026,2,https://www.ipoplatform.com/ipo/fractal-analytics-ipo/4269
4184,Main Board,Shree Ram Twistex Limited,Textiles,Interactive Financial Services Limited,Rajkot,110.24,2026-02-23,1970-01-01,,2026-02,2026,2,https://www.ipoplatform.com/ipo/shree-ram-twistex-ipo/4184
4178,Main Board,Omnitech Engineering Limited,Engineering,Equirus Capital Private Limited Equirus Capital Private Limited and ICICI Securities Limited +,Rajkot,583.0,2026-02-25,1970-01-01,,2026-02,2026,2,https://www.ipoplatform.com/ipo/omnitech-engineering-ipo/4178
4173,Main Board,PNGS Reva Diamond Jewellery Limited,Jewellery,Smart Horizon Capital Advisors Private Limited,Pune,380.0,2026-02-24,,,2026-02,2026,2,https://www.ipoplatform.com/ipo/pngs-reva-diamond-jewellery-ipo/4173
3983,Main Board,Gaudium IVF and Women Health Limited,Healthcare,Sarthi Capital Advisors Private Limited,New Delhi,165.0,2026-02-20,1970-01-01,,2026-02,2026,2,https://www.ipoplatform.com/ipo/gaudium-ivf-and-women-health-ipo/3983
3887,Main Board,Aye Finance Limited,Banking and Finance,Axis Capital Limited Axis Capital Limited and IIFL Securities Limited and Jm Financial Limited and Nuvama Wealth Management Limited +,New Delhi,1010.0,2026-02-09,1970-01-01,,2026-02,2026,2,https://www.ipoplatform.com/ipo/aye-finance-ipo/3887
4517,SME,Accord Transformer & Switchgear Limited,Electric Equipments,GYR Capital Advisors Private Limited,Gurugram,25.59,2026-02-23,1970-01-01,,2026-02,2026,2,https://www.ipoplatform.com/ipo/accord-transformer-switchgear-ipo/4517
4500,SME,Fractal Industries Limited,Clothing and Apparels,Finaax Capital Advisors Private Limited,Mumbai,49.0,2026-02-16,1970-01-01,,2026-02,2026,2,https://www.ipoplatform.com/ipo/fractal-industries-ipo/4500
4449,SME,PAN HR Solution Limited,Corporate Solutions,Marwadi Chandarana Intermediaries Brokers Private Limited,New Delhi,17.04,2026-02-06,1970-01-01,,2026-02,2026,2,https://www.ipoplatform.com/ipo/pan-hr-solutions-ipo/4449
4395,SME,Yashhtej Industries (India) Limited,FMCG,Erudore Capital Private Limited,Mumbai,88.88,2026-02-18,1970-01-01,,2026-02,2026,2,https://www.ipoplatform.com/ipo/yashtej-industries-india-ipo/4395
4383,SME,Striders Impex Limited,Retail,Capitalsquare Advisors Private Limited,Mumbai,36.29,2026-02-26,1970-01-01,,2026-02,2026,2,https://www.ipoplatform.com/ipo/strider-impex-ipo/4383
4376,SME,Biopol Chemicals Limited,Chemical,Smart Horizon Capital Advisors Private Limited,Ahmedabad,31.26,2026-02-06,1970-01-01,,2026-02,2026,2,https://www.ipoplatform.com/ipo/biopol-chemicals-ipo/4376
4374,SME,Manilam Industries India Limited,Furniture,Nexgen Financial Solutions Private Limited,Kolkata,39.95,2026-02-20,1970-01-01,,2026-02,2026,2,https://www.ipoplatform.com/ipo/manilam-industries-india-ipo/4374
4365,SME,Grover Jewells Limited,Jewellery,Finshore Management Services Limited,New Delhi,33.83,2026-02-04,1970-01-01,,2026-02,2026,2,https://www.ipoplatform.com/ipo/grover-jewells-ipo/4365
4312,SME,Acetech E-Commerce Limited,E-Commerce,Gretex Corporate Services Limited,Bhiwandi,48.95,2026-02-27,1970-01-01,,2026-02,2026,2,https://www.ipoplatform.com/ipo/acetech-ecommerce-ipo/4312
4294,SME,Marushika Technology Limited,Information Technology,Nexgen Capitals Limited,New Delhi,26.97,2026-02-12,1970-01-01,,2026-02,2026,2,https://www.ipoplatform.com/ipo/marushika-technology-ipo/4294
4284,SME,Mobilise App Lab Limited,Information Technology - SaaS,Corporate Capital Ventures Private Limited,New Delhi,20.09,2026-02-23,1970-01-01,,2026-02,2026,2,https://www.ipoplatform.com/ipo/mobilise-app-lab-ipo/4284
4282,SME,YAAP Digital Limited,Advertising and Media,Socradamus Capital Private Limited,Mumbai,80.11,2026-02-25,1970-01-01,,2026-02,2026,2,https://www.ipoplatform.com/ipo/yaap-digital-ipo/4282
4108,SME,Kiaasa Retail Limited,Textiles,Expert Global Consultants Private Limited,Ghaziabad,69.72,2026-02-23,1970-01-01,,2026-02,2026,2,https://www.ipoplatform.com/ipo/kiaasa-retail-ipo/4108
4071,SME,Brandman Retail Limited,Retail,Gretex Corporate Services Limited,New Delhi,86.09,2026-02-04,1970-01-01,,2026-02,2026,2,https://www.ipoplatform.com/ipo/brandman-retail-ipo/4071
4244,Main Board,Amagi Media Labs Limited,Information Technology - SaaS,Avendus Capital Private Limited Avendus Capital Private Limited and Citigroup Global Markets India Private Limited and Goldman Sachs (India) Securities Private Limited and IIFL Securities Limited and Kotak Mahindra Capital Company Limited +,Bengaluru,1788.62,2026-01-13,1970-01-01,,2026-01,2026,1,https://www.ipoplatform.com/ipo/amagi-media-labs-ipo/4244
4230,Main Board,Shadowfax Technologies Limited,Logistics,ICICI Securities Limited,Bengaluru,1907.27,2026-01-20,1970-01-01,,2026-01,2026,1,https://www.ipoplatform.com/ipo/shadowfax-technologies-ipo/4230
4163,Main Board,Bharat Coking Coal Limited,Minerals,Idbi Capital Market Services Limited Idbi Capital Market Services Limited and ICICI Securities Limited +,Dhanbad,1071.11,2026-01-09,1970-01-01,,2026-01,2026,1,https://www.ipoplatform.com/ipo/bharat-coking-coal-ipo/4163
4448,SME,Indo SMC Limited,Electric Equipments,GYR Capital Advisors Private Limited,Ahmedabad,91.95,2026-01-13,1970-01-01,,2026-01,2026,1,https://www.ipoplatform.com/ipo/indo-smc-ipo/4448
4443,SME,Accretion Nutraveda Limited,Healthcare - Ayurvedic,Sobhagya Capital Options Limited,Ahmedabad,24.77,2026-01-28,1970-01-01,,2026-01,2026,1,https://www.ipoplatform.com/ipo/accretion-nutravedics-ipo/4443
4402,SME,Defrail Technologies Limited,Rubber,Nexgen Financial Solutions Private Limited,Faridabad,13.77,2026-01-09,1970-01-01,,2026-01,2026,1,https://www.ipoplatform.com/ipo/defrail-technologies-ipo/4402
4348,SME,Avana Electrosystems Limited,Power and Energy,Indcap Advisors Private Limited,Bengaluru,35.22,2026-01-12,1970-01-01,,2026-01,2026,1,https://www.ipoplatform.com/ipo/avana-electrosystems-ipo/4348
4318,SME,KRM Ayurveda Limited,Healthcare - Hospitals and Clinic,Nexgen Financial Solutions Private Limited,New Delhi,77.49,2026-01-21,1970-01-01,,2026-01,2026,1,https://www.ipoplatform.com/ipo/krm-ayurveda-ipo/4318
4314,SME,Digilogic Systems Limited,Defence,Indorient Financial Services Limited,Hyderabad,81.01,2026-01-20,1970-01-01,,2026-01,2026,1,https://www.ipoplatform.com/ipo/digilogic-systems-ipo/4314
4299,SME,Msafe Equipments Limited,Aluminium,Seren Capital Private Limited,New Delhi,66.42,2026-01-28,1970-01-01,,2026-01,2026,1,https://www.ipoplatform.com/ipo/msafe-equipments-ipo/4299
4279,SME,Narmadesh Brass Industries Limited,Metal,Aryaman Financial Services Limited,Jamnagar,44.87,2026-01-12,1970-01-01,,2026-01,2026,1,https://www.ipoplatform.com/ipo/narmadesh-brass-industries-ipo/4279
4250,SME,Kanishk Aluminium India Limited,Aluminium,Sun Capital Advisory Services (P) Limited,Jodhpur,29.2,2026-01-28,1970-01-01,,2026-01,2026,1,https://www.ipoplatform.com/ipo/kanishk-aluminium-india-ipo/4250
4112,SME,Aritas Vinyl Limited,Textiles,Interactive Financial Services Limited,Ahmedabad,37.52,2026-01-16,1970-01-01,,2026-01,2026,1,https://www.ipoplatform.com/ipo/aritas-vinyl-ipo/4112
4074,SME,Gabion Technologies India Limited,Steel,GYR Capital Advisors Private Limited,New Delhi,29.16,2026-01-06,1970-01-01,,2026-01,2026,1,https://www.ipoplatform.com/ipo/gabion-technologies-india-ipo/4074
4056,SME,Hannah Joseph Hospital Limited,Healthcare - Hospitals and Clinic,Capitalsquare Advisors Private Limited,Chennai,42.0,2026-01-22,1970-01-01,,2026-01,2026,1,https://www.ipoplatform.com/ipo/hannah-joseph-hospital-ipo/4056
4043,SME,Kasturi Metal Composite Limited,Steel,Hem Securities Limited,Mumbai,17.61,2026-01-27,1970-01-01,,2026-01,2026,1,https://www.ipoplatform.com/ipo/kasturi-metal-composite-ipo/4043
4028,SME,Armour Security (India) Limited,Human Resources and Manpower,Sobhagya Capital Options Limited,New Delhi,26.51,2026-01-14,1970-01-01,,2026-01,2026,1,https://www.ipoplatform.com/ipo/armour-security-india-ipo/4028
4024,SME,Yajur Fibres Limited,Textiles,Horizon Management Private Limited,Kolkata,120.41,2026-01-07,,,2026-01,2026,1,https://www.ipoplatform.com/ipo/yajur-fibres-ipo/4024
3869,SME,Shayona Engineering Limited,Steel - Tubes and Pipes,Horizon Management Private Limited,Vadodara,14.86,2026-01-22,1970-01-01,,2026-01,2026,1,https://www.ipoplatform.com/ipo/shayona-engineering-ipo/3869
3846,SME,CKK Retail Mart Limited,FMCG,Oneview Corporate Advisors Private Limited (Formerly known as Guiness Corporate Advisors),Mumbai,88.02,2026-01-30,1970-01-01,,2026-01,2026,1,https://www.ipoplatform.com/ipo/ckk-retail-mart-ipo/3846
3842,SME,Victory Electric Vehicles International Limited,Engineering - Automotive,Corpwis Advisors Private Limited,New Delhi,34.56,2026-01-07,1970-01-01,,2026-01,2026,1,https://www.ipoplatform.com/ipo/victory-electric-vehicles-international-ipo/3842
3738,SME,GRE Renew Enertech Limited,Solar - Energy,Share India Capital Services Private Limited,Ahmedabad,39.56,2026-01-13,1970-01-01,,2026-01,2026,1,https://www.ipoplatform.com/ipo/gre-renew-enertech-ipo/3738
4492,Main Board,Aequs Limited,Engineering,IIFL Securities Limited IIFL Securities Limited and Jm Financial Limited and Kotak Mahindra Capital Company Limited +,Bengaluru,921.81,2025-12-03,1970-01-01,,2025-12,2025,12,https://www.ipoplatform.com/ipo/aequs-ipo/4492
4245,Main Board,Nephrocare Health Services Limited,Healthcare,Ambit Private Limited Ambit Private Limited and ICICI Securities Limited and IIFL Securities Limited and Nomura Financial Advisory And Securities (India) Private Limited +,Hyderabad,871.05,2025-12-10,1970-01-01,,2025-12,2025,12,https://www.ipoplatform.com/ipo/nephrocare-health-services-ipo/4245
4220,Main Board,ICICI Prudential Asset Management Company Limited,Banking and Finance,Avendus Capital Private Limited Avendus Capital Private Limited and Axis Capital Limited and Bnp Paribas and Bofa Securities India Limited and Citigroup Global Markets India Private Limited and Clsa India Private Limited and Goldman Sachs (India) Securities Private Limited and Hdfc Bank Limited and ICICI Securities Limited and IIFL Securities Limited and Jm Financial Limited and Kotak Mahindra Capital Company Limited and Morgan Stanley India Company Private Limited and Motilal Oswal Investment Advisors Limited and Nomura Financial Advisory And Securities (India) Private Limited and Nuvama Wealth Management Limited and SBI Capital Markets Limited and Ubs Securities India Private Limited +,New Delhi,10602.65,2025-12-12,1970-01-01,,2025-12,2025,12,https://www.ipoplatform.com/ipo/icici-prudential-amc-ipo/4220
4214,Main Board,Meesho Limited,E-Commerce,Axis Capital Limited Axis Capital Limited and Citigroup Global Markets India Private Limited and J.P. Morgan India Private Limited and Kotak Mahindra Capital Company Limited and Morgan Stanley India Company Private Limited +,Bengaluru,5421.2,2025-12-03,1970-01-01,,2025-12,2025,12,https://www.ipoplatform.com/ipo/meesho-ipo/4214
4208,Main Board,Wakefit Innovations Limited,Furniture,Axis Capital Limited Axis Capital Limited and IIFL Securities Limited and Nomura Financial Advisory And Securities (India) Private Limited +,Bengaluru,1288.89,2025-12-08,1970-01-01,,2025-12,2025,12,https://www.ipoplatform.com/ipo/wakefit-innovations-ipo/4208
4147,Main Board,KSH International Limited,Cables and Wires,ICICI Securities Limited ICICI Securities Limited and Nuvama Wealth Management Limited +,Pune,745.0,2025-12-16,1970-01-01,,2025-12,2025,12,https://www.ipoplatform.com/ipo/ksh-international-ipo/4147
4127,Main Board,Corona Remedies Limited,Pharmaceutical,IIFL Securities Limited IIFL Securities Limited and Jm Financial Limited and Kotak Mahindra Capital Company Limited +,Ahmedabad,655.37,2025-12-08,1970-01-01,,2025-12,2025,12,https://www.ipoplatform.com/ipo/corona-remedies-ipo/4127
4083,Main Board,Gujarat Kidney And Super Speciality Limited,Healthcare - Hospitals and Clinic,Nirbhay Capital Services Private Limited,Vadodara,250.8,2025-12-22,1970-01-01,,2025-12,2025,12,https://www.ipoplatform.com/ipo/gujarat-kidney-and-super-speciality-ipo/4083
4079,Main Board,Park Medi World Limited,Healthcare - Hospitals and Clinic,Intensive Fiscal Services Private Limited Intensive Fiscal Services Private Limited and Clsa India Private Limited and Dam Capital Advisors Limited (Formerly Idfc Securities Limited) and Nuvama Wealth Management Limited +,New Delhi,920.0,2025-12-10,1970-01-01,,2025-12,2025,12,https://www.ipoplatform.com/ipo/park-medi-world-ipo/4079
3946,Main Board,Vidya Wires Limited,Cables and Wires,Pantomath Capital Advisors Private Limited Pantomath Capital Advisors Private Limited and Idbi Capital Market Services Limited +,Anand,300.01,2025-12-03,1970-01-01,,2025-12,2025,12,https://www.ipoplatform.com/ipo/vidya-wires-ipo/3946
4424,SME,KV Toys India Limited,Plastic and Polymer,GYR Capital Advisors Private Limited,Mumbai,40.15,2025-12-08,1970-01-01,,2025-12,2025,12,https://www.ipoplatform.com/ipo/kv-toys-india-ipo/4424
4400,SME,Dhara Rail Projects Limited,Railway,Hem Securities Limited,Mumbai,50.2,2025-12-23,1970-01-01,,2025-12,2025,12,https://www.ipoplatform.com/ipo/dhara-rail-projects-ipo/4400
4393,SME,Luxury Time Limited,Retail,GYR Capital Advisors Private Limited,New Delhi,18.74,2025-12-04,1970-01-01,,2025-12,2025,12,https://www.ipoplatform.com/ipo/luxury-time-ipo/4393
4387,SME,E-To-E Transportation Infrastructure Limited,Railway,Hem Securities Limited,Bengaluru,84.22,2025-12-26,1970-01-01,,2025-12,2025,12,https://www.ipoplatform.com/ipo/etoe-transportation-infrastructure-ipo/4387
4358,SME,Pajson Agro India Limited,Agro - Food Products,Smart Horizon Capital Advisors Private Limited,New Delhi,74.45,2025-12-11,1970-01-01,,2025-12,2025,12,https://www.ipoplatform.com/ipo/pajson-agro-india-ipo/4358
4353,SME,Astron Multigrain Limited,FMCG,Finaax Capital Advisors Private Limited,Rajkot,18.4,2025-12-01,1970-01-01,,2025-12,2025,12,https://www.ipoplatform.com/ipo/astron-multigrain-ipo/4353
4315,SME,Unisem Agritech Limited,Agro,Getfive Advisors Private Limited,Bengaluru,21.45,2025-12-10,1970-01-01,,2025-12,2025,12,https://www.ipoplatform.com/ipo/unisem-agritech-ipo/4315
4310,SME,Methodhub Software Limited,Information Technology - SaaS,Horizon Management Private Limited,Bengaluru,103.02,2025-12-05,1970-01-01,,2025-12,2025,12,https://www.ipoplatform.com/ipo/methodhub-software-ipo/4310
4308,SME,HRS Aluglaze Limited,Aluminium,Cumulative Capital Private Limited,Ahmedabad,50.92,2025-12-11,1970-01-01,,2025-12,2025,12,https://www.ipoplatform.com/ipo/hrs-aluglaze-ipo/4308
4305,SME,Helloji Holidays Limited,Travel and Tourism,Khambatta Securities Limited,New Delhi,10.96,2025-12-02,1970-01-01,,2025-12,2025,12,https://www.ipoplatform.com/ipo/helloji-holidays-ipo/4305
4297,SME,Stanbik Agro Limited,Agro,Grow House Wealth Management Private Limited,Ahmedabad,12.28,2025-12-12,1970-01-01,,2025-12,2025,12,https://www.ipoplatform.com/ipo/stanbik-agro-ipo/4297
4295,SME,EPW India Limited,Information Technology - Hardware,Getfive Advisors Private Limited,Secunderabad,31.81,2025-12-22,1970-01-01,,2025-12,2025,12,https://www.ipoplatform.com/ipo/epw-india-ipo/4295
4275,SME,Admach Systems Limited,Engineering - Heavy Machinery,Aftertrade Broking Private Limited,Pune,42.6,2025-12-23,1970-01-01,,2025-12,2025,12,https://www.ipoplatform.com/ipo/admach-systems-ipo/4275
4253,SME,Neochem Bio Solutions Limited,Chemical,Vivro Financial Services Private Limited,Ahmedabad,44.97,2025-12-02,1970-01-01,,2025-12,2025,12,https://www.ipoplatform.com/ipo/neochem-bio-solutions-ipo/4253
4251,SME,Ravelcare Limited,Healthcare - Personal Care,Marwadi Chandarana Intermediaries Brokers Private Limited,Mumbai,24.1,2025-12-01,1970-01-01,,2025-12,2025,12,https://www.ipoplatform.com/ipo/ravelcare-ipo/4251
4241,SME,Encompass Design (Scale Sauce) India Limited,Retail,3Dimesnion Capital Services Limited,Mumbai,40.21,2025-12-05,1970-01-01,,2025-12,2025,12,https://www.ipoplatform.com/ipo/encompass-design-india-scalesauce-ipo/4241
4236,SME,Exim Routes Limited,Paper and Stationery,Narnolia Financial Services Limited,Gurugram,43.73,2025-12-12,,,2025-12,2025,12,https://www.ipoplatform.com/ipo/exim-routes-ipo/4236
4223,SME,Shri Kanha Stainless Limited,Steel - Tools,Kreo Capital Private Limited,Jaipur,46.28,2025-12-03,1970-01-01,,2025-12,2025,12,https://www.ipoplatform.com/ipo/shri-kanha-stainless-ipo/4223
4218,SME,Global Ocean Logistics India Limited,Logistics,Marwadi Chandarana Intermediaries Brokers Private Limited,Mumbai,30.41,2025-12-17,1970-01-01,,2025-12,2025,12,https://www.ipoplatform.com/ipo/global-ocean-logistics-india-ipo/4218
4204,SME,Bai Kakaji Polymers Limited,Plastic and Polymer,Hem Securities Limited,Pune,105.17,2025-12-23,1970-01-01,,2025-12,2025,12,https://www.ipoplatform.com/ipo/bai-kakaji-polymers-ipo/4204
4197,SME,Dachepalli Publishers Limited,Paper and Stationery,Synfinx Capital Private Limited,Hyderabad,40.39,2025-12-22,1970-01-01,,2025-12,2025,12,https://www.ipoplatform.com/ipo/dachepalli-publishers-ipo/4197
4196,SME,Speb Adhesives Limited,Rubber,Unistone Capital Private Limited,Mumbai,33.73,2025-12-01,1970-01-01,,2025-12,2025,12,https://www.ipoplatform.com/ipo/speb-adhesives-ipo/4196
4188,SME,Phytochem Remedies (India) Limited,Packaging & Disposables,Sobhagya Capital Options Limited Sobhagya Capital Options Limited and Mefcom Capital Markets Limited +,Ajmer,38.22,2025-12-18,,,2025-12,2025,12,https://www.ipoplatform.com/ipo/phytochem-remedies-india-ipo/4188
4187,SME,Prodocs Solutions Limited,Information Technology  - Data Solutions,Cumulative Capital Private Limited,Mumbai,27.6,2025-12-08,1970-01-01,,2025-12,2025,12,https://www.ipoplatform.com/ipo/prodocs-solutions-ipo/4187
4177,SME,Clear Secured Services Limited,Corporate Solutions,Horizon Management Private Limited,Mumbai,85.6,2025-12-01,1970-01-01,,2025-12,2025,12,https://www.ipoplatform.com/ipo/clear-secured-services-ipo/4177
4154,SME,Neptune Logitek Limited,Logistics,Galactico Corporate Service Limited,Kachchh,46.62,2025-12-15,1970-01-01,,2025-12,2025,12,https://www.ipoplatform.com/ipo/neptune-logitek-ipo/4154
4062,SME,Shipwaves Online Limited,Logistics,Finshore Management Services Limited,Mangalore,56.35,2025-12-10,1970-01-01,,2025-12,2025,12,https://www.ipoplatform.com/ipo/shipwaves-online-ipo/4062
4053,SME,Apollo Techno Industries Limited,Engineering - Heavy Machinery,Beeline Capital Advisors Private Limited,Ahmedabad,47.96,2025-12-23,1970-01-01,,2025-12,2025,12,https://www.ipoplatform.com/ipo/apollo-techno-industries-ipo/4053
4037,SME,Shyam Dhani Industries Limited,Agro,Holani Consultants Private Limited,Jaipur,38.49,2025-12-22,1970-01-01,,2025-12,2025,12,https://www.ipoplatform.com/ipo/shyam-dhani-industries-ipo/4037
4036,SME,Modern Diagnostic & Research Centre Limited,Healthcare - Hospitals and Clinic,Beeline Capital Advisors Private Limited,New Delhi,36.89,2025-12-31,1970-01-01,,2025-12,2025,12,https://www.ipoplatform.com/ipo/mordern-diagnostic-research-centre-ipo/4036
3988,SME,Marc Technocrats Limited,Information Technology,Narnolia Financial Services Limited,New Delhi,42.59,2025-12-17,1970-01-01,,2025-12,2025,12,https://www.ipoplatform.com/ipo/marc-technocrats-ipo/3988
3972,SME,Western Overseas Study Abroad Limited,Education - Edtech,Sobhagya Capital Options Limited,Ambala,10.07,2025-12-04,1970-01-01,,2025-12,2025,12,https://www.ipoplatform.com/ipo/western-overseas-study-abroad-ipo/3972
3960,SME,Ashwini Container Movers Limited,Logistics,Corporate Professionals Capital Private Limited,Mumbai,71.0,2025-12-12,1970-01-01,,2025-12,2025,12,https://www.ipoplatform.com/ipo/ashwini-container-movers-ipo/3960
3954,SME,Riddhi Display Equipments Limited,Electric Equipments,Jawa Capital Services Private Limited,Rajkot,24.68,2025-12-08,1970-01-01,,2025-12,2025,12,https://www.ipoplatform.com/ipo/riddhi-display-equipments-ipo/3954
3895,SME,Sundrex Oil Company Limited,Chemical,Affinity Global Capital Market Private Limited,Kolkata,32.25,2025-12-22,1970-01-01,,2025-12,2025,12,https://www.ipoplatform.com/ipo/sundrex-oil-company-ipo/3895
3770,SME,Invicta Diagnostic Limited,Laboratories,Socradamus Capital Private Limited,Mumbai,28.12,2025-12-01,1970-01-01,,2025-12,2025,12,https://www.ipoplatform.com/ipo/invicta-diagnostic-ipo/3770
3769,SME,Nanta Tech Limited,Information Technology,Smart Horizon Capital Advisors Private Limited,Ahmedabad,31.81,2025-12-23,1970-01-01,,2025-12,2025,12,https://www.ipoplatform.com/ipo/nanta-tech-ipo/3769
3685,SME,Flywings Simulator Training Centre Limited,Education,Gretex Corporate Services Limited Gretex Corporate Services Limited and Sobhagya Capital Options Limited +,Gurugram,57.05,2025-12-05,1970-01-01,,2025-12,2025,12,https://www.ipoplatform.com/ipo/flywings-simulator-training-centre-ipo/3685
4217,Main Board,Emmvee Photovoltaic Power Limited,Solar,IIFL Securities Limited IIFL Securities Limited and Jefferies India Private Limited and Jm Financial Limited and Kotak Mahindra Capital Company Limited +,Bengaluru,2900.0,2025-11-11,1970-01-01,,2025-11,2025,11,https://www.ipoplatform.com/ipo/emmvee-photovoltaic-power-ipo/4217
4212,Main Board,Tenneco Clean Air India Limited,Engineering,Axis Capital Limited Axis Capital Limited and Citigroup Global Markets India Private Limited and Hsbc Securities & Capital Markets Private limited and Jm Financial Limited +,Kancheepuram,3600.0,2025-11-12,1970-01-01,,2025-11,2025,11,https://www.ipoplatform.com/ipo/tenneco-clean-air-india-ipo/4212
4209,Main Board,Pine Labs Limited,Banking and Finance - FinTech,Axis Capital Limited Axis Capital Limited and Citigroup Global Markets India Private Limited and J.P. Morgan India Private Limited and Jefferies India Private Limited and Morgan Stanley India Company Private Limited +,Gurugram,3899.91,2025-11-07,1970-01-01,,2025-11,2025,11,https://www.ipoplatform.com/ipo/pine-labs-ipo/4209
4179,Main Board,Sudeep Pharma Limited,Pharmaceutical,ICICI Securities Limited ICICI Securities Limited and IIFL Securities Limited +,Vadodara,895.0,2025-11-21,1970-01-01,,2025-11,2025,11,https://www.ipoplatform.com/ipo/sudeep-pharma-ipo/4179
4174,Main Board,Capillary Technologies India Limited,Information Technology - SaaS,IIFL Securities Limited IIFL Securities Limited and Jm Financial Limited and Nomura Financial Advisory And Securities (India) Private Limited +,Bengaluru,877.5,2025-11-14,1970-01-01,,2025-11,2025,11,https://www.ipoplatform.com/ipo/capillary-technologies-india-ipo/4174
4153,Main Board,Groww - Billionbrains Garage Ventures Limited,Banking and Finance - FinTech,Axis Capital Limited Axis Capital Limited and Citigroup Global Markets India Private Limited and J.P. Morgan India Private Limited and Kotak Mahindra Capital Company Limited and Motilal Oswal Investment Advisors Limited +,Bengaluru,6632.3,2025-11-04,1970-01-01,,2025-11,2025,11,https://www.ipoplatform.com/ipo/groww-ipo/4153
4150,Main Board,Physics Wallah Limited,Education - Edtech,Axis Capital Limited Axis Capital Limited and Goldman Sachs (India) Securities Private Limited and J.P. Morgan India Private Limited and Kotak Mahindra Capital Company Limited +,Noida,3480.0,2025-11-11,1970-01-01,,2025-11,2025,11,https://www.ipoplatform.com/ipo/physicswallah-ipo/4150
4022,Main Board,Excelsoft Technologies Limited,Information Technology - SaaS,Anand Rathi Securities Limited,Mysore,500.0,2025-11-19,1970-01-01,,2025-11,2025,11,https://www.ipoplatform.com/ipo/excelsoft-technologies-ipo/4022
3932,Main Board,Fujiyama Power Systems Limited,Solar,Motilal Oswal Investment Advisors Limited Motilal Oswal Investment Advisors Limited and SBI Capital Markets Limited +,New Delhi,828.0,2025-11-13,1970-01-01,,2025-11,2025,11,https://www.ipoplatform.com/ipo/fujiyama-power-systems-ipo/3932
4359,SME,Exato Technologies Limited,Information Technology - SaaS,GYR Capital Advisors Private Limited,Noida,37.45,2025-11-28,1970-01-01,,2025-11,2025,11,https://www.ipoplatform.com/ipo/exato-technologies-ipo/4359
4304,SME,Mother Nutri Foods Limited,FMCG - Snacks and Beverages,Marwadi Chandarana Intermediaries Brokers Private Limited,Bhavnagar,39.59,2025-11-26,1970-01-01,,2025-11,2025,11,https://www.ipoplatform.com/ipo/mother-nutri-foods-ipo/4304
4257,SME,Logiciel Solutions Limited,Information Technology - SaaS,Fintellectual Corporate Advisors Private Limited,Ludhiana,36.3,2025-11-28,1970-01-01,,2025-11,2025,11,https://www.ipoplatform.com/ipo/logiciel-solutions-ipo/4257
4219,SME,SSMD Agrotech India Limited,FMCG,3Dimesnion Capital Services Limited,New Delhi,33.8,2025-11-24,1970-01-01,,2025-11,2025,11,https://www.ipoplatform.com/ipo/ssmd-agrotech-india-ipo/4219
4194,SME,Shreeji Global Fmcg Limited,FMCG,Interactive Financial Services Limited,Rajkot,85.0,2025-11-04,1970-01-01,,2025-11,2025,11,https://www.ipoplatform.com/ipo/shreeji-global-fmcg-ipo/4194
4192,SME,K K Silk Mills Limited,Textiles - Fabrics,Axial Capital Private Limited,Mumbai,28.5,2025-11-26,1970-01-01,,2025-11,2025,11,https://www.ipoplatform.com/ipo/kk-silk-mills-ipo/4192
4160,SME,Workmates Core2Cloud Solution Limited,Information Technology,Horizon Management Private Limited,Kolkata,69.84,2025-11-11,1970-01-01,,2025-11,2025,11,https://www.ipoplatform.com/ipo/workmates-core2cloud-solution-ipo/4160
4140,SME,Purple Wave Infocom Limited,Advertising and Media,Smart Horizon Capital Advisors Private Limited,New Delhi,31.45,2025-11-28,1970-01-01,,2025-11,2025,11,https://www.ipoplatform.com/ipo/purple-wave-infocom-ipo/4140
4050,SME,Gallard Steel Limited,Engineering - Heavy Machinery,Seren Capital Private Limited,Indore,37.5,2025-11-19,1970-01-01,,2025-11,2025,11,https://www.ipoplatform.com/ipo/gallard-steel-ipo/4050
4014,SME,Mahamaya Lifesciences Limited,Chemical - Pesticides,Oneview Corporate Advisors Private Limited (Formerly known as Guiness Corporate Advisors),New Delhi,70.44,2025-11-11,1970-01-01,,2025-11,2025,11,https://www.ipoplatform.com/ipo/mahamaya-lifesciences-ipo/4014
3977,SME,Shining Tools Limited,Engineering,Sobhagya Capital Options Limited,Rajkot,17.1,2025-11-07,1970-01-01,,2025-11,2025,11,https://www.ipoplatform.com/ipo/shining-tools-ipo/3977
3974,SME,Finbud Financial Services Limited,Banking and Finance - FinTech,SKI Capital Services Limited,Bengaluru,71.68,2025-11-06,1970-01-01,,2025-11,2025,11,https://www.ipoplatform.com/ipo/finbud-financial-services-ipo/3974
3923,SME,Curis Lifesciences Limited,Pharmaceutical,Finaax Capital Advisors Private Limited,Ahmedabad,27.52,2025-11-07,1970-01-01,,2025-11,2025,11,https://www.ipoplatform.com/ipo/curis-lifesciences-ipo/3923
4455,Main Board,Anantam Highways InvIT Trust,Infrastructure,Nuvama Wealth Management Limited,Mumbai,400.0,2025-10-07,,,2025-10,2025,10,https://www.ipoplatform.com/ipo/anantam-highways-invit/4455
4246,Main Board,Lenskart Solutions Limited,Retail,Intensive Fiscal Services Private Limited Intensive Fiscal Services Private Limited and Avendus Capital Private Limited and Axis Capital Limited and Citigroup Global Markets India Private Limited and Kotak Mahindra Capital Company Limited and Morgan Stanley India Company Private Limited +,New Delhi,7278.02,2025-10-31,1970-01-01,,2025-10,2025,10,https://www.ipoplatform.com/ipo/Lenskart-Solutions-Limited/4246
4169,Main Board,Orkla India Limited,Agro - Food Products,Citigroup Global Markets India Private Limited Citigroup Global Markets India Private Limited and ICICI Securities Limited and J.P. Morgan India Private Limited and Kotak Mahindra Capital Company Limited +,Bengaluru,1667.54,2025-10-29,1970-01-01,,2025-10,2025,10,https://www.ipoplatform.com/ipo/orkla-india-ipo/4169
4148,Main Board,Tata Capital Limited,Banking and Finance,Axis Capital Limited Axis Capital Limited and Bnp Paribas and Citigroup Global Markets India Private Limited and Hdfc Bank Limited and Hsbc Securities & Capital Markets Private limited and ICICI Securities Limited and IIFL Securities Limited and J.P. Morgan India Private Limited and Kotak Mahindra Capital Company Limited and SBI Capital Markets Limited +,Mumbai,15511.87,2025-10-06,1970-01-01,,2025-10,2025,10,https://www.ipoplatform.com/ipo/tata-capital-ipo/4148
4129,Main Board,Canara HSBC Life Insurance Company Limited,Insurance,Bnp Paribas Bnp Paribas and Hsbc Securities & Capital Markets Private limited and Jm Financial Limited and Motilal Oswal Investment Advisors Limited and SBI Capital Markets Limited +,New Delhi,2517.5,2025-10-10,1970-01-01,,2025-10,2025,10,https://www.ipoplatform.com/ipo/canara-hsbc-life-insurance-ipo/4129
4114,Main Board,Canara Robeco Asset Management Company Limited,Banking and Finance,Axis Capital Limited Axis Capital Limited and Jm Financial Limited and SBI Capital Markets Limited +,Mumbai,1326.13,2025-10-09,1970-01-01,,2025-10,2025,10,https://www.ipoplatform.com/ipo/Canara-Robeco-Asset-Management-Company-ipo/4114
4059,Main Board,Studds Accessories Limited,Engineering - Automotive,ICICI Securities Limited ICICI Securities Limited and IIFL Securities Limited +,Faridabad,455.49,2025-10-30,1970-01-01,,2025-10,2025,10,https://www.ipoplatform.com/ipo/studds-accessories-ipo/4059
3985,Main Board,WeWork India Management Limited,Corporate Solutions,ICICI Securities Limited ICICI Securities Limited and Jefferies India Private Limited and Jm Financial Limited and Kotak Mahindra Capital Company Limited and 360 ONE WAM Limited +,Bengaluru,3000.0,2025-10-03,1970-01-01,,2025-10,2025,10,https://www.ipoplatform.com/ipo/wework-india-management-limited/3985
3859,Main Board,LG Electronics India Limited,Electric Equipments,Axis Capital Limited Axis Capital Limited and Bofa Securities India Limited and Citigroup Global Markets India Private Limited and J.P. Morgan India Private Limited and Morgan Stanley India Company Private Limited +,New Delhi,11607.01,2025-10-07,1970-01-01,,2025-10,2025,10,https://www.ipoplatform.com/ipo/lg-electronics-india-limited/3859
3835,Main Board,Rubicon Research Limited,Pharmaceutical,Axis Capital Limited Axis Capital Limited and IIFL Securities Limited and Jm Financial Limited and SBI Capital Markets Limited +,Mumbai,1377.5,2025-10-09,1970-01-01,,2025-10,2025,10,https://www.ipoplatform.com/ipo/rubicon-research-limited/3835
3805,Main Board,Midwest Limited,Minerals,Intensive Fiscal Services Private Limited Intensive Fiscal Services Private Limited and Dam Capital Advisors Limited (Formerly Idfc Securities Limited) and Motilal Oswal Investment Advisors Limited +,Hyderabad,451.0,2025-10-15,1970-01-01,,2025-10,2025,10,https://www.ipoplatform.com/ipo/midwest-limited/3805
4267,SME,Sihora Industries Limited,Textiles - Fabrics,Sobhagya Capital Options Limited,Surat,10.56,2025-10-10,1970-01-01,,2025-10,2025,10,https://www.ipoplatform.com/ipo/sihors-industries-ipo/4267
4118,SME,SK Minerals & Additives Limited,Minerals,Khambatta Securities Limited,Ludhiana,41.15,2025-10-10,1970-01-01,,2025-10,2025,10,https://www.ipoplatform.com/ipo/sk-minerals-and-additives-ipo/4118
4097,SME,Jayesh Logistics Limited,Logistics,Indcap Advisors Private Limited,Kolkata,28.64,2025-10-27,1970-01-01,,2025-10,2025,10,https://www.ipoplatform.com/ipo/jayesh-logistics-ipo/4097
4069,SME,Mittal Sections Limited,Steel,Wealth Mine Networks Private Limited,Ahmedabad,52.91,2025-10-07,1970-01-01,,2025-10,2025,10,https://www.ipoplatform.com/ipo/mittal-sections-ipo/4069
4017,SME,Game Changers Texfab Limited,Textiles - Fabrics,Corpwis Advisors Private Limited,New Delhi,54.84,2025-10-28,1970-01-01,,2025-10,2025,10,https://www.ipoplatform.com/ipo/game-changers-ipo/4017
3902,SME,Safecure Services Limited,Human Resources and Manpower,Sun Capital Advisory Services (P) Limited,Mumbai,30.6,2025-10-29,1970-01-01,,2025-10,2025,10,https://www.ipoplatform.com/ipo/safecure-services-limited/3902
4128,Main Board,Jinkusal Industries Limited,Infrastructure,GYR Capital Advisors Private Limited,Raipur,116.11,2025-09-25,1970-01-01,,2025-09,2025,9,https://www.ipoplatform.com/ipo/jinkushal-industries-ipo/4128
4126,Main Board,Urban Company Limited,Online Service Provider,Goldman Sachs (India) Securities Private Limited Goldman Sachs (India) Securities Private Limited and Jm Financial Limited and Kotak Mahindra Capital Company Limited and Morgan Stanley India Company Private Limited +,New Delhi,1900.0,2025-09-10,1970-01-01,,2025-09,2025,9,https://www.ipoplatform.com/ipo/urbanclap-technologies-india-ipo/4126
4088,Main Board,Saatvik Green Energy Limited,Solar,Ambit Private Limited Ambit Private Limited and Motilal Oswal Investment Advisors Limited +,Gurugram,900.0,2025-09-19,1970-01-01,,2025-09,2025,9,https://www.ipoplatform.com/ipo/saatvik-green-energy-ipo/4088
4086,Main Board,Pace Digitek Limited,Infrastructure,Unistone Capital Private Limited,Bengaluru,819.0,2025-09-26,1970-01-01,,2025-09,2025,9,https://www.ipoplatform.com/ipo/pace-digitek-ipo/4086
4085,Main Board,Advance Agrolife Limited,Chemical - Pesticides,Choice Capital Advisors Private Limited,Jaipur,192.86,2025-09-30,1970-01-01,,2025-09,2025,9,https://www.ipoplatform.com/ipo/advance-agrolife-ipo/4085
4084,Main Board,Om Freight Forwarders Limited,Logistics,Smart Horizon Capital Advisors Private Limited,Mumbai,122.31,2025-09-29,1970-01-01,,2025-09,2025,9,https://www.ipoplatform.com/ipo/om-freight-forwarders-ipo/4084
4082,Main Board,Jain Resource Recycling Limited,Metal,PL Capital Markets Private Limited PL Capital Markets Private Limited and Dam Capital Advisors Limited (Formerly Idfc Securities Limited) and ICICI Securities Limited and Motilal Oswal Investment Advisors Limited +,Chennai,1250.0,2025-09-24,1970-01-01,,2025-09,2025,9,https://www.ipoplatform.com/ipo/jain-resource-recycling-ipo/4082
4077,Main Board,Dev Accelerator Limited,Corporate Solutions,Pantomath Capital Advisors Private Limited,Ahmedabad,143.35,2025-09-10,1970-01-01,,2025-09,2025,9,https://www.ipoplatform.com/ipo/Dev-Accelerator-ipo/4077
3991,Main Board,Atlanta Electricals Limited,Electric Equipments - Transformers,Axis Capital Limited Axis Capital Limited and Motilal Oswal Investment Advisors Limited +,Anand,687.34,2025-09-22,1970-01-01,,2025-09,2025,9,https://www.ipoplatform.com/ipo/atlanta-electricals-limited/3991
3990,Main Board,Shringar House of Mangalsutra Limited,Jewellery,Choice Capital Advisors Private Limited,Mumbai,400.95,2025-09-10,1970-01-01,,2025-09,2025,9,https://www.ipoplatform.com/ipo/shringar-house-of-mangalsutra-limited/3990
3982,Main Board,Epack Prefab Technologies Limited,Textiles,Monarch Networth Capital Limited Monarch Networth Capital Limited and Motilal Oswal Investment Advisors Limited +,Noida,504.0,2025-09-24,1970-01-01,,2025-09,2025,9,https://www.ipoplatform.com/ipo/epack-prefab-technologies-limited/3982
3966,Main Board,Euro Pratik Sales Limited,Home Decor,Axis Bank Limited Axis Bank Limited and Dam Capital Advisors Limited (Formerly Idfc Securities Limited) +,Mumbai,451.3,2025-09-16,1970-01-01,,2025-09,2025,9,https://www.ipoplatform.com/ipo/euro-pratik-sales-limited/3966
3916,Main Board,Seshaasai Technologies Limited,Banking and Finance,ICICI Securities Limited ICICI Securities Limited and SBI Capital Markets Limited +,Mumbai,813.07,2025-09-23,1970-01-01,,2025-09,2025,9,https://www.ipoplatform.com/ipo/seshaasai-technologies-limited/3916
3914,Main Board,Ganesh Consumer Products Limited,FMCG,Dam Capital Advisors Limited (Formerly Idfc Securities Limited) Dam Capital Advisors Limited (Formerly Idfc Securities Limited) and IIFL Securities Limited and Motilal Oswal Investment Advisors Limited +,Kolkata,408.8,2025-09-22,1970-01-01,,2025-09,2025,9,https://www.ipoplatform.com/ipo/ganesh-consumer-products-limited/3914
3888,Main Board,Anand Rathi Share and Stock Brokers Limited,Banking and Finance,Anand Rathi Securities Limited Anand Rathi Securities Limited and Dam Capital Advisors Limited (Formerly Idfc Securities Limited) and Nuvama Wealth Management Limited +,Mumbai,745.0,2025-09-23,1970-01-01,,2025-09,2025,9,https://www.ipoplatform.com/ipo/anand-rathi-share-and-stock-brokers-limited/3888
3885,Main Board,GK Energy Limited,Solar,Hdfc Bank Limited Hdfc Bank Limited and IIFL Securities Limited +,Pune,464.26,2025-09-19,1970-01-01,,2025-09,2025,9,https://www.ipoplatform.com/ipo/gk-energy-limited/3885
3822,Main Board,Trualt Bioenergy Limited,Oil and Gas,Dam Capital Advisors Limited (Formerly Idfc Securities Limited) Dam Capital Advisors Limited (Formerly Idfc Securities Limited) and SBI Capital Markets Limited +,Bagalkot,839.28,2025-09-25,1970-01-01,,2025-09,2025,9,https://www.ipoplatform.com/ipo/trualt-bioenergy-limited/3822
3821,Main Board,BMW Ventures Limited,Steel,Sarthi Capital Advisors Private Limited,Patna,231.66,2025-09-24,1970-01-01,,2025-09,2025,9,https://www.ipoplatform.com/ipo/bmw-ventures-limited/3821
3820,Main Board,iValue Infosolutions Limited,Information Technology  - Data Solutions,IIFL Securities Limited IIFL Securities Limited and Motilal Oswal Investment Advisors Limited +,Bengaluru,560.29,2025-09-18,1970-01-01,,2025-09,2025,9,https://www.ipoplatform.com/ipo/ivalue-infosolutions-limited/3820
3818,Main Board,Fabtech Technologies Limited,Engineering,Unistone Capital Private Limited,Mumbai,230.35,2025-09-29,1970-01-01,,2025-09,2025,9,https://www.ipoplatform.com/ipo/fabtech-technologies-limited/3818
3813,Main Board,Glottis Limited,Logistics,Pantomath Capital Advisors Private Limited,Chennai,307.0,2025-09-29,1970-01-01,,2025-09,2025,9,https://www.ipoplatform.com/ipo/glottis-limited/3813
3807,Main Board,Amanta Healthcare Limited,Pharmaceutical,Beeline Capital Advisors Private Limited,Ahmedabad,126.0,2025-09-01,1970-01-01,,2025-09,2025,9,https://www.ipoplatform.com/ipo/amanta-healthcare-limited/3807
3806,Main Board,Solarworld Energy Solutions Limited,Solar,Nuvama Wealth Management Limited Nuvama Wealth Management Limited and SBI Capital Markets Limited +,New Delhi,490.0,2025-09-23,1970-01-01,,2025-09,2025,9,https://www.ipoplatform.com/ipo/solarworld-energy-solutions-limited/3806
3794,Main Board,Jaro Institute Of Technology Management And Research Limited,Education - Edtech,Systematix Corporate Services Limited Systematix Corporate Services Limited and Motilal Oswal Investment Advisors Limited and Nuvama Wealth Management Limited +,Mumbai,450.0,2025-09-23,1970-01-01,,2025-09,2025,9,https://www.ipoplatform.com/ipo/jaro-institute-of-technology-management-and-research-limited/3794
3792,Main Board,Vms Tmt Limited,Steel,Arihant Capital Markets Limited,Ahmedabad,148.5,2025-09-17,1970-01-01,,2025-09,2025,9,https://www.ipoplatform.com/ipo/vms-tmt-limited/3792
4317,SME,KVS Castings Limited,Steel - Iron,Narnolia Financial Services Limited,Kashipur,27.83,2025-09-26,1970-01-01,,2025-09,2025,9,https://www.ipoplatform.com/ipo/kvs-castings-ipo/4317
4255,SME,Infinity Infoway Limited,Information Technology - SaaS,Holani Consultants Private Limited,Rajkot,24.42,2025-09-30,1970-01-01,,2025-09,2025,9,https://www.ipoplatform.com/ipo/infinity-infoway-ipo/4255
4242,SME,Bharatrohan Airborne Innovations Limited,Agro,Smart Horizon Capital Advisors Private Limited,New Delhi,45.04,2025-09-23,1970-01-01,,2025-09,2025,9,https://www.ipoplatform.com/ipo/Bharatrohan-Airborne-Innovations-Limited/4242
4234,SME,MPK Steels (I) Limited,Steel,Gretex Corporate Services Limited,Guwahati,25.74,2025-09-26,1970-01-01,,2025-09,2025,9,https://www.ipoplatform.com/ipo/mpk-steels-ipo/4234
4225,SME,Telge Projects Limited,Engineering,Smart Horizon Capital Advisors Private Limited,Pune,27.24,2025-09-25,1970-01-01,,2025-09,2025,9,https://www.ipoplatform.com/ipo/telge-projects-ipo/4225
4200,SME,Airfloa Rail Technology Limited,Railway,GYR Capital Advisors Private Limited,Chennai,91.1,2025-09-11,1970-01-01,,2025-09,2025,9,https://www.ipoplatform.com/ipo/airfloa-rail-technology-ipo/4200
4199,SME,JD Cables Limited,Cables and Wires,GYR Capital Advisors Private Limited,Kolkata,95.99,2025-09-18,1970-01-01,,2025-09,2025,9,https://www.ipoplatform.com/ipo/jd-cables-ipo/4199
4189,SME,Greenleaf Envirotech Limited,Engineering - EPC,Smart Horizon Capital Advisors Private Limited,Surat,21.9,2025-09-30,1970-01-01,,2025-09,2025,9,https://www.ipoplatform.com/ipo/greenleaf-envirotech-ipo/4189
4176,SME,Aptus Pharma Limited,Pharmaceutical,Interactive Financial Services Limited,Ahmedabad,13.02,2025-09-23,1970-01-01,,2025-09,2025,9,https://www.ipoplatform.com/ipo/aptus-pharma-ipo/4176
4172,SME,Earkart Limited,Healthcare,Sarthi Capital Advisors Private Limited,New Delhi,49.26,2025-09-25,1970-01-01,,2025-09,2025,9,https://www.ipoplatform.com/ipo/earkart-ipo/4172
4170,SME,Prime Cable Industries Limited,Cables and Wires,Indorient Financial Services Limited,New Delhi,40.0,2025-09-22,1970-01-01,,2025-09,2025,9,https://www.ipoplatform.com/ipo/prime-cable-ipo/4170
4162,SME,Sunsky Logistics Limited,Logistics,Nirbhay Capital Services Private Limited,Ahmedabad,16.84,2025-09-30,1970-01-01,,2025-09,2025,9,https://www.ipoplatform.com/ipo/sunsky-logistics-ipo/4162
4143,SME,Rukmani Devi Garg Agro Impex Limited,Agro,Fedex Securities Private Limited,Kota,23.52,2025-09-26,,,2025-09,2025,9,https://www.ipoplatform.com/ipo/rukmani-devi-garg-ipo/4143
4142,SME,Dhillon Freight Carrier Limited,Logistics,Finshore Management Services Limited,Kolkata,10.08,2025-09-29,1970-01-01,,2025-09,2025,9,https://www.ipoplatform.com/ipo/dhillon-freight-carrier-ipo/4142
4141,SME,LT Elevator Limited,Engineering,Horizon Management Private Limited,Kolkata,39.37,2025-09-12,1970-01-01,,2025-09,2025,9,https://www.ipoplatform.com/ipo/lt-elevator-ipo/4141
4136,SME,Manas Polymers And Energies Limited,Plastic and Polymer,Expert Global Consultants Private Limited,Gwalior,23.52,2025-09-26,1970-01-01,,2025-09,2025,9,https://www.ipoplatform.com/ipo/manas-polymers-and-energies-ipo/4136
4135,SME,Nilachal Carbo Metalicks Limited,Minerals,Sun Capital Advisory Services (P) Limited,Bhubaneswar,56.1,2025-09-08,1970-01-01,,2025-09,2025,9,https://www.ipoplatform.com/ipo/nilachal-carbo-ipo/4135
4132,SME,Systematic Industries Limited,Steel - Iron,Hem Securities Limited,Mumbai,115.6,2025-09-24,1970-01-01,,2025-09,2025,9,https://www.ipoplatform.com/ipo/systematic-industries-ipo/4132
4125,SME,Munish Forge Limited,Automobile - Forging and Casting,Gretex Corporate Services Limited,Ludhiana,73.92,2025-09-30,1970-01-01,,2025-09,2025,9,https://www.ipoplatform.com/ipo/munish-forge-ipo/4125
4121,SME,True Colors Limited,Chemical,GYR Capital Advisors Private Limited,Surat,128.0,2025-09-23,1970-01-01,,2025-09,2025,9,https://www.ipoplatform.com/ipo/true-colors-ipo/4121
4117,SME,Justo Realfintech Limited,Real Estate,Vivro Financial Services Private Limited,Mumbai,63.0,2025-09-24,1970-01-01,,2025-09,2025,9,https://www.ipoplatform.com/ipo/justo-realfintech-ipo/4117
4116,SME,Krupalu Metals Limited,Metal,Finshore Management Services Limited,Jamnagar,13.48,2025-09-08,1970-01-01,,2025-09,2025,9,https://www.ipoplatform.com/ipo/krupalu-metals-ipo/4116
4111,SME,Bhavik Enterprises Limited,Plastic and Polymer,Smart Horizon Capital Advisors Private Limited,Mumbai,77.0,2025-09-25,1970-01-01,,2025-09,2025,9,https://www.ipoplatform.com/ipo/bhavik-enterprises-ipo/4111
4072,SME,TechD Cybersecurity Limited,Information Technology,GYR Capital Advisors Private Limited,Ahmedabad,38.99,2025-09-15,1970-01-01,,2025-09,2025,9,https://www.ipoplatform.com/ipo/techdefence-labs-solutions-ipo/4072
4067,SME,Sodhani Capital Limited,Banking and Finance - FinTech,Bonanza Portfolio Limited,Jaipur,10.71,2025-09-29,1970-01-01,,2025-09,2025,9,https://www.ipoplatform.com/ipo/sodhani-capital-ipo/4067
4064,SME,Sampat Aluminium Limited,Aluminium,Marwadi Chandarana Intermediaries Brokers Private Limited,Gandhinagar,30.53,2025-09-17,1970-01-01,,2025-09,2025,9,https://www.ipoplatform.com/ipo/sampat-aluminium-ipo/4064
4060,SME,Ameenji Rubber Limited,Rubber,Hem Securities Limited,Secunderabad,30.0,2025-09-26,1970-01-01,,2025-09,2025,9,https://www.ipoplatform.com/ipo/ameenji-rubber-ipo/4060
4057,SME,Jay Ambe Supermarkets Limited,Retail,Beeline Capital Advisors Private Limited,Gandhinagar,18.45,2025-09-10,1970-01-01,,2025-09,2025,9,https://www.ipoplatform.com/ipo/jay-ambe-ipo/4057
4055,SME,Zelio E-Mobility Limited,Electric Equipments,Hem Securities Limited,Hisar,78.34,2025-09-30,1970-01-01,,2025-09,2025,9,https://www.ipoplatform.com/ipo/zelio-emobility-ipo/4055
4054,SME,Karbonsteel Engineering Limited,Steel,Seren Capital Private Limited,Mumbai,59.3,2025-09-09,1970-01-01,,2025-09,2025,9,https://www.ipoplatform.com/ipo/karbonsteel-engineering-ipo/4054
4047,SME,Chiraharit Limited,Engineering - EPC,Finshore Management Services Limited,Hyderabad,31.07,2025-09-29,1970-01-01,,2025-09,2025,9,https://www.ipoplatform.com/ipo/chiraharit-ipo/4047
4045,SME,Goel Construction Company Limited,Infrastructure,Srujan Alpha Capital Advisors Llp,Jaipur,99.77,2025-09-02,1970-01-01,,2025-09,2025,9,https://www.ipoplatform.com/ipo/goel-construction-ipo/4045
4042,SME,Gurunanak Agriculture India Limited,Agro,Finshore Management Services Limited,Raipur,28.8,2025-09-24,1970-01-01,,2025-09,2025,9,https://www.ipoplatform.com/ipo/gurunanak-agriculture-ipo/4042
4039,SME,Optivalue Tek Consulting Limited,Information Technology,Share India Capital Services Private Limited,New Delhi,51.82,2025-09-02,1970-01-01,,2025-09,2025,9,https://www.ipoplatform.com/ipo/optivalue-tek-consulting-ipo/4039
4033,SME,Matrix Geo Solutions Limited,Drone,Narnolia Financial Services Limited,New Delhi,40.2,2025-09-23,1970-01-01,,2025-09,2025,9,https://www.ipoplatform.com/ipo/matrix-geo-solutions-ipo/4033
4032,SME,NSB BPO Solutions Limited,Outsourcing - BPO,Inventure Merchant Banker Services Private Limited,Bhopal,77.91,2025-09-23,1970-01-01,,2025-09,2025,9,https://www.ipoplatform.com/ipo/nsb-bpo-solutions-limited/4032
4031,SME,Galaxy Medicare Limited,Healthcare,Affinity Global Capital Market Private Limited,Bhubaneswar,22.31,2025-09-10,,,2025-09,2025,9,https://www.ipoplatform.com/ipo/galaxy-medicare-ipo/4031
4018,SME,Taurian MPS Limited,Engineering,Gretex Corporate Services Limited,Mumbai,42.53,2025-09-09,1970-01-01,,2025-09,2025,9,https://www.ipoplatform.com/ipo/taurian-mps-limited/4018
4015,SME,Solvex Edibles Limited,FMCG,Corporate Makers Capital Limited,Bilaspur,18.87,2025-09-22,,,2025-09,2025,9,https://www.ipoplatform.com/ipo/solvex-edibles-limited/4015
4004,SME,Chatterbox Technologies Limited,Advertising and Media,Expert Global Consultants Private Limited,Mumbai,42.86,2025-09-25,1970-01-01,,2025-09,2025,9,https://www.ipoplatform.com/ipo/chatterbox-technologies-limited/4004
3956,SME,Ecoline Exim Limited,Packaging & Disposables,Hem Securities Limited,Kolkata,76.42,2025-09-23,1970-01-01,,2025-09,2025,9,https://www.ipoplatform.com/ipo/ecoline-exim-limited/3956
3950,SME,Shlokka Dyes Limited,Chemical,Interactive Financial Services Limited,Bharuch,63.5,2025-09-30,1970-01-01,,2025-09,2025,9,https://www.ipoplatform.com/ipo/shlokka-dyes-ipo/3950
3949,SME,Vigor Plast India Limited,Plastic and Polymer,Unistone Capital Private Limited,Jamnagar,25.1,2025-09-04,1970-01-01,,2025-09,2025,9,https://www.ipoplatform.com/ipo/vigor-plast-ipo/3949
3940,SME,Gujarat Peanut and Agri Products Limited,Agro,Finshore Management Services Limited,Rajkot,23.81,2025-09-25,1970-01-01,,2025-09,2025,9,https://www.ipoplatform.com/ipo/gujarat-peanut-and-agri-products-limited/3940
3898,SME,Sharvaya Metals Limited,Aluminium,Expert Global Consultants Private Limited,Pune,58.8,2025-09-04,1970-01-01,,2025-09,2025,9,https://www.ipoplatform.com/ipo/sharvaya-metals-limited/3898
3875,SME,B.A.G. Convergence Limited,Advertising and Media,Inventure Merchant Banker Services Private Limited,New Delhi,48.72,2025-09-30,1970-01-01,,2025-09,2025,9,https://www.ipoplatform.com/ipo/bag-convergence-limited/3875
3856,SME,Rachit Prints Limited,Textiles,Khambatta Securities Limited,Meerut,19.49,2025-09-01,1970-01-01,,2025-09,2025,9,https://www.ipoplatform.com/ipo/rachit-prints-limited/3856
3843,SME,Sheel Biotech Limited,Agro,Narnolia Financial Services Limited,New Delhi,34.02,2025-09-30,1970-01-01,,2025-09,2025,9,https://www.ipoplatform.com/ipo/sheel-biotech-limited/3843
3841,SME,Vijaypd Ceutical Limited,Pharmaceutical,Smart Horizon Capital Advisors Private Limited,Mumbai,19.25,2025-09-29,1970-01-01,,2025-09,2025,9,https://www.ipoplatform.com/ipo/vijaypd-ceutical-limited/3841
3749,SME,Vashishtha Luxury Fashion Limited,Textiles - Fabrics,Expert Global Consultants Private Limited,Mumbai,8.87,2025-09-05,1970-01-01,,2025-09,2025,9,https://www.ipoplatform.com/ipo/vashishtha-luxury-fashion-limited/3749
3743,SME,Om Metallogic Limited,Aluminium,Corporate Professionals Capital Private Limited,New Delhi,22.35,2025-09-29,1970-01-01,,2025-09,2025,9,https://www.ipoplatform.com/ipo/om-metallogic-limited/3743
3733,SME,Valplast Technologies Limited,Infrastructure,Fintellectual Corporate Advisors Private Limited,Faridabad,28.09,2025-09-30,1970-01-01,,2025-09,2025,9,https://www.ipoplatform.com/ipo/valplast-technologies-limited/3733
3730,SME,Austere Systems Limited,Information Technology  - Data Solutions,GYR Capital Advisors Private Limited,Pune,15.57,2025-09-03,1970-01-01,,2025-09,2025,9,https://www.ipoplatform.com/ipo/austere-systems-limited/3730
3721,SME,Suba Hotels Limited,Hotels and Resorts,Unistone Capital Private Limited,Ahmedabad,75.47,2025-09-29,1970-01-01,,2025-09,2025,9,https://www.ipoplatform.com/ipo/suba-hotels-limited/3721
3717,SME,Praruh Technologies Limited,Information Technology,Corporate Makers Capital Limited,New Delhi,23.5,2025-09-24,1970-01-01,,2025-09,2025,9,https://www.ipoplatform.com/ipo/praruh-technologies-limited/3717
3705,SME,Siddhi Cotspin Limited,Textiles,Swastika Investmart Limited,Ahmedabad,69.85,2025-09-19,1970-01-01,,2025-09,2025,9,https://www.ipoplatform.com/ipo/siddhi-cotspin-limited/3705
3679,SME,DSM Fresh Foods Limited,FMCG,Narnolia Financial Services Limited,New Delhi,59.65,2025-09-26,1970-01-01,,2025-09,2025,9,https://www.ipoplatform.com/ipo/dsm-fresh-foods-limited/3679
4259,Main Board,Patel Retail Limited,Retail - Supermarket,Fedex Securities Private Limited,Mumbai,242.76,2025-08-19,1970-01-01,,2025-08,2025,8,https://www.ipoplatform.com/ipo/patel-retail-ipo/4259
4247,Main Board,Knowledge Realty Trust REIT,Real Estate - REIT,Axis Capital Limited Axis Capital Limited and Bofa Securities India Limited and ICICI Securities Limited and Jm Financial Limited and Kotak Mahindra Capital Company Limited and Morgan Stanley India Company Private Limited and SBI Capital Markets Limited +,Mumbai,4800.0,2025-08-05,1970-01-01,,2025-08,2025,8,https://www.ipoplatform.com/ipo/knowledge-realty-trust-reit-ipo/4247
3984,Main Board,Shreeji Shipping Global Limited,Logistics,Beeline Capital Advisors Private Limited Beeline Capital Advisors Private Limited and Elara Capital (India) Private Limited +,Jamnagar,410.71,2025-08-19,1970-01-01,,2025-08,2025,8,https://www.ipoplatform.com/ipo/shreeji-shipping-global-limited/3984
3936,Main Board,Regaal Resources Limited,Agro,Pantomath Capital Advisors Private Limited Pantomath Capital Advisors Private Limited and Sumedha Fiscal Services Limited +,Kolkata,306.0,2025-08-12,1970-01-01,,2025-08,2025,8,https://www.ipoplatform.com/ipo/regaal-resources-limited/3936
3935,Main Board,Gem Aromatics Limited,Chemical,Motilal Oswal Investment Advisors Limited,Mumbai,451.25,2025-08-19,1970-01-01,,2025-08,2025,8,https://www.ipoplatform.com/ipo/gem-aromatics-limited/3935
3931,Main Board,Mangal Electrical Industries Limited,Electric Equipments - Transformers,Systematix Corporate Services Limited,Jaipur,400.0,2025-08-20,1970-01-01,,2025-08,2025,8,https://www.ipoplatform.com/ipo/mangal-electrical-industries-limited/3931
3882,Main Board,Bluestone Jewellery And Lifestyle Limited,Jewellery,Axis Capital Limited Axis Capital Limited and IIFL Securities Limited and Kotak Mahindra Capital Company Limited +,Bengaluru,1540.65,2025-08-11,1970-01-01,,2025-08,2025,8,https://www.ipoplatform.com/ipo/bluestone-jewellery-and-lifestyle-limited/3882
3826,Main Board,JSW Cement Limited,Cement,Axis Capital Limited Axis Capital Limited and Citigroup Global Markets India Private Limited and Dam Capital Advisors Limited (Formerly Idfc Securities Limited) and Goldman Sachs (India) Securities Private Limited and Jefferies India Private Limited and Jm Financial Limited and Kotak Mahindra Capital Company Limited and SBI Capital Markets Limited +,Mumbai,3600.0,2025-08-07,1970-01-01,,2025-08,2025,8,https://www.ipoplatform.com/ipo/jsw-cement-limited/3826
3811,Main Board,Highway Infrastructure Limited,Infrastructure,Pantomath Capital Advisors Private Limited,Indore,130.0,2025-08-05,1970-01-01,,2025-08,2025,8,https://www.ipoplatform.com/ipo/highway-infrastructure-limited/3811
3801,Main Board,All Time Plastics Limited,Plastic and Polymer,Intensive Fiscal Services Private Limited Intensive Fiscal Services Private Limited and Dam Capital Advisors Limited (Formerly Idfc Securities Limited) +,Mumbai,400.6,2025-08-07,1970-01-01,,2025-08,2025,8,https://www.ipoplatform.com/ipo/all-time-plastics-limited/3801
3798,Main Board,Vikran Engineering Limited,Engineering,Pantomath Capital Advisors Private Limited Pantomath Capital Advisors Private Limited and Systematix Corporate Services Limited +,Mumbai,772.0,2025-08-26,1970-01-01,,2025-08,2025,8,https://www.ipoplatform.com/ipo/vikran-engineering-limited/3798
3797,Main Board,Vikram Solar Limited,Solar - Panels,Equirus Capital Private Limited Equirus Capital Private Limited and Jm Financial Limited and Nuvama Wealth Management Limited and Ubs Securities India Private Limited and PhillipCapital (India) Private Limited +,Kolkata,2079.37,2025-08-19,1970-01-01,,2025-08,2025,8,https://www.ipoplatform.com/ipo/vikram-solar-limited/3797
3790,Main Board,Anlon Healthcare Limited,Pharmaceutical,Interactive Financial Services Limited,Rajkot,121.03,2025-08-26,1970-01-01,,2025-08,2025,8,https://www.ipoplatform.com/ipo/Anlon-Healthcare-ipo/3790
4202,SME,Abril Paper Tech Limited,Paper and Stationery,Interactive Financial Services Limited,Surat,13.42,2025-08-29,1970-01-01,,2025-08,2025,8,https://www.ipoplatform.com/ipo/abril-paper-tech-ipo/4202
4109,SME,Flysbs Aviation Limited,Aviation,Vivro Financial Services Private Limited,Chennai,102.53,2025-08-01,1970-01-01,,2025-08,2025,8,https://www.ipoplatform.com/ipo/flysbs-aviation-ipo/4109
4106,SME,Essex Marine Limited,FMCG,Khandwala Securities Limited,Kolkata,23.01,2025-08-04,1970-01-01,,2025-08,2025,8,https://www.ipoplatform.com/ipo/essex-marine-ipo/4106
4105,SME,Sattva Engineering Construction Limited,Engineering - EPC,Vivro Financial Services Private Limited,Chennai,35.38,2025-08-26,1970-01-01,,2025-08,2025,8,https://www.ipoplatform.com/ipo/sattva-engineering-construction-india-ipo/4105
4096,SME,Shivashrit Foods Limited,FMCG,Mark Corporate Advisors Private Limited,Aligarh,70.03,2025-08-22,1970-01-01,,2025-08,2025,8,https://www.ipoplatform.com/ipo/shivashrit-foods-ipo/4096
4075,SME,Snehaa Organics Limited,ESG,Fast Track Finsec Private Limited,Hyderabad,32.68,2025-08-29,1970-01-01,,2025-08,2025,8,https://www.ipoplatform.com/ipo/snehaa-organics-ipo/4075
4070,SME,Current Infraprojects Limited,Infrastructure,Holani Consultants Private Limited,Jaipur,41.8,2025-08-26,1970-01-01,,2025-08,2025,8,https://www.ipoplatform.com/ipo/current-infraprojects-ipo/4070
4068,SME,Jyoti Global Plast Limited,Plastic and Polymer,Unistone Capital Private Limited,Mumbai,35.44,2025-08-04,1970-01-01,,2025-08,2025,8,https://www.ipoplatform.com/ipo/jyoti-global-plast-ipo/4068
4052,SME,Star Imaging and Path Lab Limited,Healthcare - Hospitals and Clinic,Share India Capital Services Private Limited,New Delhi,69.47,2025-08-08,1970-01-01,,2025-08,2025,8,https://www.ipoplatform.com/ipo/star-imaging-ipo/4052
4044,SME,Parth Electricals & Engineering Limited,Electric Equipments - Transformers,Horizon Management Private Limited,Vadodara,49.72,2025-08-04,1970-01-01,,2025-08,2025,8,https://www.ipoplatform.com/ipo/parth-electricals-engineering-ipo/4044
4013,SME,LGT Business Connextions Limited,Travel and Tourism,Mark Corporate Advisors Private Limited,Chennai,28.09,2025-08-19,1970-01-01,,2025-08,2025,8,https://www.ipoplatform.com/ipo/lgt-business-connextions-limited/4013
3999,SME,Mahendra Realtors & Infrastructure Limited,Infrastructure,Fast Track Finsec Private Limited,Mumbai,49.45,2025-08-12,1970-01-01,,2025-08,2025,8,https://www.ipoplatform.com/ipo/mahendra-realtors-and-infrastructure-limited/3999
3994,SME,Icodex Publishing Solutions Limited,Information Technology,Indcap Advisors Private Limited,Pune,42.03,2025-08-11,1970-01-01,,2025-08,2025,8,https://www.ipoplatform.com/ipo/icodex-publishing-solutions-limited/3994
3993,SME,Bhadora Industries Limited,Cables and Wires,Unistone Capital Private Limited,Indore,55.62,2025-08-04,1970-01-01,,2025-08,2025,8,https://www.ipoplatform.com/ipo/bhadora-industries-limited/3993
3963,SME,Arc Insulation & Insulators Limited,Engineering,Gretex Corporate Services Limited,Bishnupur,41.19,2025-08-21,1970-01-01,,2025-08,2025,8,https://www.ipoplatform.com/ipo/arc-insulation-and-insulators-limited/3963
3958,SME,Studio Lsd Limited,Film and Animation - VFX,Corpwis Advisors Private Limited,Mumbai,70.13,2025-08-18,1970-01-01,,2025-08,2025,8,https://www.ipoplatform.com/ipo/studio-lsd-limited/3958
3947,SME,Connplex Cinemas Limited,Film and Animation - VFX,Beeline Capital Advisors Private Limited,Ahmedabad,90.27,2025-08-07,1970-01-01,,2025-08,2025,8,https://www.ipoplatform.com/ipo/connplex-cinemas-limited/3947
3941,SME,Globtier Infotech limited,Information Technology,Shannon Advisors Private Limited,New Delhi,31.05,2025-08-25,1970-01-01,,2025-08,2025,8,https://www.ipoplatform.com/ipo/globtier-infotech-limited/3941
3928,SME,Oval Projects Engineering Limited,Engineering - EPC,Smc Capitals Limited,Agartala,46.74,2025-08-28,1970-01-01,,2025-08,2025,8,https://www.ipoplatform.com/ipo/oval-projects-engineering-limited/3928
3927,SME,Anb Metal Cast Limited,Aluminium,Sun Capital Advisory Services (P) Limited,Rajkot,49.92,2025-08-08,1970-01-01,,2025-08,2025,8,https://www.ipoplatform.com/ipo/anb-metal-cast-limited/3927
3909,SME,Medistep Healthcare Limited,Healthcare - Personal Care,Fast Track Finsec Private Limited,Ahmedabad,16.1,2025-08-08,1970-01-01,,2025-08,2025,8,https://www.ipoplatform.com/ipo/medistep-healthcare-limited/3909
3876,SME,Anondita Medicare Limited,Healthcare - Personal Care,Narnolia Financial Services Limited,New Delhi,69.5,2025-08-22,1970-01-01,,2025-08,2025,8,https://www.ipoplatform.com/ipo/anondita-medicare-limited/3876
3847,SME,Sawaliya Food Products Limited,FMCG,Unistone Capital Private Limited,Indore,34.83,2025-08-07,1970-01-01,,2025-08,2025,8,https://www.ipoplatform.com/ipo/sawaliya-food-products-limited/3847
3840,SME,Aaradhya Disposal Industries Limited,Packaging & Disposables,Khambatta Securities Limited,Ujjain,45.1,2025-08-04,1970-01-01,,2025-08,2025,8,https://www.ipoplatform.com/ipo/aaradhya-disposal-industries-limited/3840
3782,SME,Sugs Lloyd Limited,Solar - Energy,3Dimesnion Capital Services Limited,New Delhi,85.66,2025-08-29,1970-01-01,,2025-08,2025,8,https://www.ipoplatform.com/ipo/sugs-lloyd-limited/3782
3742,SME,NIS Management Limited,Human Resources and Manpower,Share India Capital Services Private Limited,Kolkata,60.01,2025-08-25,1970-01-01,,2025-08,2025,8,https://www.ipoplatform.com/ipo/nis-management-limited/3742
3739,SME,BLT Logistics Limited,Logistics,Beeline Capital Advisors Private Limited,New Delhi,9.72,2025-08-04,1970-01-01,,2025-08,2025,8,https://www.ipoplatform.com/ipo/blt-logistics-limited/3739
3695,SME,Classic Electrodes (India) Limited,Electric Equipments - OEM,GYR Capital Advisors Private Limited,Kolkata,41.51,2025-08-22,1970-01-01,,2025-08,2025,8,https://www.ipoplatform.com/ipo/classic-electrodes-india-limited/3695
4226,Main Board,PropShare Titania SM REIT,Real Estate - REIT,Kotak Mahindra Capital Company Limited,Bengaluru,473.0,2025-07-21,,,2025-07,2025,7,https://www.ipoplatform.com/ipo/propshare-titania-sm-reit-ipo/4226
4100,Main Board,NSDL (National Securities Depository Limited),Banking and Finance,Idbi Capital Market Services Limited Idbi Capital Market Services Limited and Axis Bank Limited and Hsbc Securities & Capital Markets Private limited and ICICI Securities Limited +,Mumbai,4011.6,2025-07-30,1970-01-01,,2025-07,2025,7,https://www.ipoplatform.com/ipo/nsdl-ipo/4100
4089,Main Board,GNG Electronics Limited,Retail,Jm Financial Limited Jm Financial Limited and Motilal Oswal Investment Advisors Limited +,Mumbai,460.43,2025-07-23,1970-01-01,,2025-07,2025,7,https://www.ipoplatform.com/ipo/gng-electronics-ipo/4089
3969,Main Board,Shanti Gold International Limited,Jewellery,Choice Capital Advisors Private Limited,Mumbai,360.11,2025-07-25,1970-01-01,,2025-07,2025,7,https://www.ipoplatform.com/ipo/shanti-gold-international-limited/3969
3934,Main Board,Anthem Biosciences Limited,Pharmaceutical,Citigroup Global Markets India Private Limited Citigroup Global Markets India Private Limited and J.P. Morgan India Private Limited and Jm Financial Limited and Nomura Financial Advisory And Securities (India) Private Limited +,Bengaluru,3395.0,2025-07-14,1970-01-01,,2025-07,2025,7,https://www.ipoplatform.com/ipo/anthem-biosciences-limited/3934
3933,Main Board,Sri Lotus Developers and Realty Limited,Real Estate,Monarch Networth Capital Limited Monarch Networth Capital Limited and Motilal Oswal Investment Advisors Limited +,Mumbai,792.0,2025-07-30,1970-01-01,,2025-07,2025,7,https://www.ipoplatform.com/ipo/sri-lotus-developers-and-realty-limited/3933
3915,Main Board,Indiqube Spaces Limited,Corporate Solutions,ICICI Securities Limited ICICI Securities Limited and Jm Financial Limited +,Bengaluru,700.0,2025-07-23,1970-01-01,,2025-07,2025,7,https://www.ipoplatform.com/ipo/indiqube-space-limited/3915
3899,Main Board,Laxmi India Finance Limited,Banking and Finance,PL Capital Markets Private Limited,Jaipur,254.26,2025-07-29,1970-01-01,,2025-07,2025,7,https://www.ipoplatform.com/ipo/laxmi-india-finance-limited/3899
3883,Main Board,Travel Food Services Limited,Hotels and Resorts - QSR,Batlivala & Karani Securities India Private Limited Batlivala & Karani Securities India Private Limited and Hsbc Securities & Capital Markets Private limited and ICICI Securities Limited and Kotak Mahindra Capital Company Limited +,Mumbai,2000.0,2025-07-07,1970-01-01,,2025-07,2025,7,https://www.ipoplatform.com/ipo/travel-food-services-limited/3883
3863,Main Board,Crizac Limited,Education - Edtech,Anand Rathi Securities Limited Anand Rathi Securities Limited and Equirus Capital Private Limited +,Kolkata,860.0,2025-07-02,1970-01-01,,2025-07,2025,7,https://www.ipoplatform.com/ipo/crizac-limited/3863
3828,Main Board,Smartworks Coworking Spaces Limited,Corporate Solutions,Bob Capital Markets Limited Bob Capital Markets Limited and IIFL Securities Limited and Jm Financial Limited and Kotak Mahindra Capital Company Limited +,New Delhi,582.56,2025-07-10,1970-01-01,,2025-07,2025,7,https://www.ipoplatform.com/ipo/smartworks-coworking-spaces-limited/3828
3812,Main Board,M&B Engineering Limited,Infrastructure,Dam Capital Advisors Limited (Formerly Idfc Securities Limited) Dam Capital Advisors Limited (Formerly Idfc Securities Limited) and Equirus Capital Private Limited +,Ahmedabad,650.0,2025-07-30,1970-01-01,,2025-07,2025,7,https://www.ipoplatform.com/ipo/mb-engineering-ipo/3812
3799,Main Board,Aditya Infotech Limited,Electric Equipments,ICICI Securities Limited ICICI Securities Limited and IIFL Securities Limited +,New Delhi,1300.0,2025-07-29,1970-01-01,,2025-07,2025,7,https://www.ipoplatform.com/ipo/aditya-infotech-limited/3799
3787,Main Board,Brigade Hotel Ventures Limited,Hotels and Resorts,ICICI Securities Limited ICICI Securities Limited and Jm Financial Limited +,Bengaluru,759.6,2025-07-24,1970-01-01,,2025-07,2025,7,https://www.ipoplatform.com/ipo/brigade-hotel-ventures-limited/3787
4228,SME,Savy Infra & Logistics Limited,Infrastructure,Unistone Capital Private Limited,Mumbai,69.98,2025-07-21,1970-01-01,,2025-07,2025,7,https://www.ipoplatform.com/ipo/savy-infra-and-logistics-ipo/4228
4107,SME,Monika Alcobev Limited,Liquor and Distilleries,Marwadi Chandarana Intermediaries Brokers Private Limited,Mumbai,165.63,2025-07-16,1970-01-01,,2025-07,2025,7,https://www.ipoplatform.com/ipo/monika-alcobev-ipo/4107
4063,SME,Mehul Colours Limited,Plastic and Polymer,Seren Capital Private Limited,Mumbai,21.66,2025-07-30,1970-01-01,,2025-07,2025,7,https://www.ipoplatform.com/ipo/mehul-colours-ipo/4063
4049,SME,Chemkart India Limited,Healthcare,Smart Horizon Capital Advisors Private Limited,Mumbai,80.08,2025-07-07,1970-01-01,,2025-07,2025,7,https://www.ipoplatform.com/ipo/chemkart-india-ipo/4049
4040,SME,Swastika Castal Limited,Aluminium,Horizon Management Private Limited,Kolkata,14.07,2025-07-21,1970-01-01,,2025-07,2025,7,https://www.ipoplatform.com/ipo/swastika-castal-ipo/4040
4034,SME,Umiya Mobile Limited,Retail,Smart Horizon Capital Advisors Private Limited,Rajkot,24.88,2025-07-28,1970-01-01,,2025-07,2025,7,https://www.ipoplatform.com/ipo/umiya-mobile-ipo/4034
4027,SME,Cash Ur Drive Marketing Limited,Advertising and Media - Events,Narnolia Financial Services Limited,Chandigarh,60.79,2025-07-31,1970-01-01,,2025-07,2025,7,https://www.ipoplatform.com/ipo/cash-ur-drive-marketing-limited/4027
4026,SME,B.D. Industries (Pune) Limited,Plastic and Polymer,Aryaman Financial Services Limited,Mumbai,45.36,2025-07-30,1970-01-01,,2025-07,2025,7,https://www.ipoplatform.com/ipo/bd-industries-pune-ipo/4026
4000,SME,Sellowrap Industries Limited,Engineering - Automotive,Gretex Corporate Services Limited,Mumbai,30.28,2025-07-25,1970-01-01,,2025-07,2025,7,https://www.ipoplatform.com/ipo/sellowrap-industries-limited/4000
3998,SME,Kaytex Fabrics Limited,Textiles - Fabrics,Socradamus Capital Private Limited,Amritsar,69.81,2025-07-29,1970-01-01,,2025-07,2025,7,https://www.ipoplatform.com/ipo/kaytex-fabrics-limited/3998
3975,SME,Happy Square Outsourcing Services Limited,Outsourcing,Corpwis Advisors Private Limited,Jabalpur,24.25,2025-07-03,1970-01-01,,2025-07,2025,7,https://www.ipoplatform.com/ipo/happy-square-outsourcing-services-limited/3975
3973,SME,Spunweb Nonwoven Limited,Textiles,Vivro Financial Services Private Limited,Rajkot,60.98,2025-07-14,1970-01-01,,2025-07,2025,7,https://www.ipoplatform.com/ipo/spunweb-nonwoven-limited/3973
3953,SME,Asston Pharmaceuticals Limited,Pharmaceutical,Sobhagya Capital Options Limited,Mumbai,27.56,2025-07-09,1970-01-01,,2025-07,2025,7,https://www.ipoplatform.com/ipo/asston-pharmaceuticals-limited/3953
3952,SME,CFF Fluid Control Limited - FPO,Defence,Aryaman Financial Services Limited,Raigarh,87.75,2025-07-09,1970-01-01,,2025-07,2025,7,https://www.ipoplatform.com/ipo/cff-fluid-control-limited/3952
3911,SME,Smarten Power Systems Limited,Solar,Arihant Capital Markets Limited,New Delhi,50.0,2025-07-07,1970-01-01,,2025-07,2025,7,https://www.ipoplatform.com/ipo/smarten-power-systems-limited/3911
3905,SME,Patel Chem Specialities Limited,Chemical - Speciality,Unistone Capital Private Limited Unistone Capital Private Limited and Cumulative Capital Private Limited +,Ahmedabad,58.8,2025-07-25,1970-01-01,,2025-07,2025,7,https://www.ipoplatform.com/ipo/patel-chem-specialities-limited/3905
3904,SME,Shree Refrigerations Limited,Electric Equipments,Narnolia Financial Services Limited,Mumbai,117.33,2025-07-25,1970-01-01,,2025-07,2025,7,https://www.ipoplatform.com/ipo/shree-refrigerations-limited/3904
3903,SME,GLEN Industries Limited,Packaging & Disposables,GYR Capital Advisors Private Limited,Kolkata,63.02,2025-07-08,1970-01-01,,2025-07,2025,7,https://www.ipoplatform.com/ipo/glen-industries-limited/3903
3894,SME,Renol Polychem Limited,Chemical,Corporate Makers Capital Limited,Rajkot,25.77,2025-07-31,1970-01-01,,2025-07,2025,7,https://www.ipoplatform.com/ipo/renol-polychem-limited/3894
3893,SME,TSC India Limited,Travel and Tourism,Expert Global Consultants Private Limited,Jalandhar,25.89,2025-07-23,1970-01-01,,2025-07,2025,7,https://www.ipoplatform.com/ipo/tsc-india-limited/3893
3867,SME,Meta Infotech Limited,Information Technology  - Data Solutions,Hem Securities Limited,Mumbai,80.18,2025-07-04,1970-01-01,,2025-07,2025,7,https://www.ipoplatform.com/ipo/meta-infotech-limited/3867
3777,SME,Repono Limited,Corporate Solutions,Wealth Mine Networks Private Limited,Mumbai,26.4,2025-07-28,1970-01-01,,2025-07,2025,7,https://www.ipoplatform.com/ipo/repono-limited/3777
3740,SME,Monarch Surveyors and Engineering Consultants Limited,Engineering - Tech Solutions,Beeline Capital Advisors Private Limited,Pune,93.75,2025-07-22,1970-01-01,,2025-07,2025,7,https://www.ipoplatform.com/ipo/monarch-surveyors-and-engineering-consultants-limited/3740
3729,SME,Takyon Networks Limited,Information Technology  - Data Solutions,Hem Securities Limited,Lucknow,20.48,2025-07-30,1970-01-01,,2025-07,2025,7,https://www.ipoplatform.com/ipo/takyon-networks-limited/3729
3677,SME,Cryogenic OGS Limited,Oil and Gas,Beeline Capital Advisors Private Limited,Vadodara,17.77,2025-07-03,1970-01-01,,2025-07,2025,7,https://www.ipoplatform.com/ipo/cryogenic-ogs-limited/3677
3832,Main Board,Aris Infra Solutions Limited,Infrastructure,IIFL Securities Limited IIFL Securities Limited and Jm Financial Limited and Nuvama Wealth Management Limited +,Mumbai,499.6,2025-06-18,1970-01-01,,2025-06,2025,6,https://www.ipoplatform.com/ipo/arisinfra-solutions-limited/3832
3829,Main Board,Kalpataru Limited,Real Estate,ICICI Securities Limited ICICI Securities Limited and Jm Financial Limited and Nomura Financial Advisory And Securities (India) Private Limited +,Mumbai,1590.0,2025-06-24,1970-01-01,,2025-06,2025,6,https://www.ipoplatform.com/ipo/kalpataru-limited/3829
3817,Main Board,Oswal Pumps Limited,Solar,Axis Capital Limited Axis Capital Limited and Clsa India Private Limited and IIFL Securities Limited and Jm Financial Limited and Nuvama Wealth Management Limited +,Karnal,1387.34,2025-06-13,1970-01-01,,2025-06,2025,6,https://www.ipoplatform.com/ipo/oswal-pumps-limited/3817
3816,Main Board,Ellenbarrie Industrial Gases Limited,Oil and Gas,IIFL Securities Limited IIFL Securities Limited and Jm Financial Limited and Motilal Oswal Investment Advisors Limited +,Kolkata,852.53,2025-06-24,1970-01-01,,2025-06,2025,6,https://www.ipoplatform.com/ipo/ellenbarrie-industrial-gases-limited/3816
3810,Main Board,Indogulf Cropsciences Limited,Agro,Systematix Corporate Services Limited,New Delhi,200.0,2025-06-26,1970-01-01,,2025-06,2025,6,https://www.ipoplatform.com/ipo/indogulf-cropsciences-limited/3810
3800,Main Board,Globe Civil Projects Limited,Engineering - EPC,Mefcom Capital Markets Limited,New Delhi,119.0,2025-06-24,1970-01-01,,2025-06,2025,6,https://www.ipoplatform.com/ipo/globe-civil-projects-limited/3800
3793,Main Board,Sambhv Steel Tubes Limited,Steel,Motilal Oswal Investment Advisors Limited Motilal Oswal Investment Advisors Limited and Nuvama Wealth Management Limited +,Raipur,540.0,2025-06-25,1970-01-01,,2025-06,2025,6,https://www.ipoplatform.com/ipo/sambhv-steel-tubes-limited/3793
3788,Main Board,HDB Financial Services Limited,Banking and Finance,Bnp Paribas Bnp Paribas and Bofa Securities India Limited and Goldman Sachs (India) Securities Private Limited and Hsbc Securities & Capital Markets Private limited and IIFL Securities Limited and Jefferies India Private Limited and Jm Financial Limited and Morgan Stanley India Company Private Limited and Motilal Oswal Investment Advisors Limited and Nomura Financial Advisory And Securities (India) Private Limited and Nuvama Wealth Management Limited and Ubs Securities India Private Limited +,Ahmedabad,12500.0,2025-06-25,1970-01-01,,2025-06,2025,6,https://www.ipoplatform.com/ipo/hdb-financial-services-limited/3788
4134,SME,Ace Alpha Tech Limited,Information Technology,Narnolia Financial Services Limited,New Delhi,47.15,2025-06-26,1970-01-01,,2025-06,2025,6,https://www.ipoplatform.com/ipo/ace-alpha-tech-ipo/4134
4019,SME,Aakaar Medical Technologies Limited,Cosmetic,Indorient Financial Services Limited,Mumbai,27.0,2025-06-20,1970-01-01,,2025-06,2025,6,https://www.ipoplatform.com/ipo/aakaar-medical-technologies-limited/4019
3978,SME,Monolithisch India Limited,Steel - Iron,Hem Securities Limited,Ranchi,82.02,2025-06-12,1970-01-01,,2025-06,2025,6,https://www.ipoplatform.com/ipo/monolithisch-india-limited/3978
3962,SME,Rama Telecom Limited,Telecom,Affinity Global Capital Market Private Limited,Kolkata,25.13,2025-06-25,1970-01-01,,2025-06,2025,6,https://www.ipoplatform.com/ipo/rama-telecom-limited/3962
3951,SME,Abram Food Limited,Agro,Corporate Makers Capital Limited,New Delhi,13.99,2025-06-24,1970-01-01,,2025-06,2025,6,https://www.ipoplatform.com/ipo/abram-food-limited/3951
3939,SME,Patil Automation Limited,Engineering,Seren Capital Private Limited,Pune,69.61,2025-06-16,1970-01-01,,2025-06,2025,6,https://www.ipoplatform.com/ipo/patil-automation-limited/3939
3892,SME,Cedaar Textile Limited,Textiles,Fast Track Finsec Private Limited,Bengaluru,60.9,2025-06-30,1970-01-01,,2025-06,2025,6,https://www.ipoplatform.com/ipo/cedaar-textile-limited/3892
3890,SME,Valencia India Limited,Advertising and Media - Events,Interactive Financial Services Limited,Ahmedabad,46.49,2025-06-26,1970-01-01,,2025-06,2025,6,https://www.ipoplatform.com/ipo/valencia-india-limited/3890
3879,SME,Sacheerome Limited,Healthcare - Personal Care,GYR Capital Advisors Private Limited,New Delhi,61.62,2025-06-09,1970-01-01,,2025-06,2025,6,https://www.ipoplatform.com/ipo/sacheerome-limited/3879
3878,SME,Safe Enterprises Retail Fixtures Limited,Corporate Solutions,Hem Securities Limited,Mumbai,161.13,2025-06-20,1970-01-01,,2025-06,2025,6,https://www.ipoplatform.com/ipo/safe-enterprises-retail-fixtures-limited/3878
3874,SME,Jainik Power Cables Limited,Aluminium,Fast Track Finsec Private Limited,New Delhi,51.3,2025-06-10,1970-01-01,,2025-06,2025,6,https://www.ipoplatform.com/ipo/jainik-power-and-cables-limited/3874
3871,SME,Vandan Foods Limited,Agro,Nirbhay Capital Services Private Limited,Ahmedabad,30.36,2025-06-30,1970-01-01,,2025-06,2025,6,https://www.ipoplatform.com/ipo/vandan-foods-limited/3871
3853,SME,Samay Project Services Limited,Engineering - EPC,Smart Horizon Capital Advisors Private Limited,Chennai,14.69,2025-06-16,1970-01-01,,2025-06,2025,6,https://www.ipoplatform.com/ipo/samay-project-services-limited/3853
3852,SME,Ganga Bath Fittings Limited,Ceramic and Stone,Jawa Capital Services Private Limited,Rajkot,32.65,2025-06-04,1970-01-01,,2025-06,2025,6,https://www.ipoplatform.com/ipo/ganga-bath-fittings-limited/3852
3850,SME,Marc Loire Fashions Limited,Footwear,Finshore Management Services Limited,New Delhi,21.0,2025-06-30,1970-01-01,,2025-06,2025,6,https://www.ipoplatform.com/ipo/marc-loire-fashions-limited/3850
3773,SME,Mayasheel Ventures Limited,Infrastructure,Narnolia Financial Services Limited,New Delhi,27.28,2025-06-20,1970-01-01,,2025-06,2025,6,https://www.ipoplatform.com/ipo/mayasheel-ventures-limited/3773
3766,SME,Pushpa Jewellers Limited,Jewellery,Affinity Global Capital Market Private Limited,Kolkata,98.65,2025-06-30,1970-01-01,,2025-06,2025,6,https://www.ipoplatform.com/ipo/pushpa-jewellers-limited/3766
3760,SME,Moving Media Entertainment Limited,Advertising and Media - Events,Gretex Corporate Services Limited,Mumbai,43.4,2025-06-26,1970-01-01,,2025-06,2025,6,https://www.ipoplatform.com/ipo/moving-media-entertainment-limited/3760
3758,SME,AJC Jewel Manufacturers Limited,Jewellery,Smart Horizon Capital Advisors Private Limited,Ernakulam,15.39,2025-06-23,1970-01-01,,2025-06,2025,6,https://www.ipoplatform.com/ipo/ajc-jewel-ipo/3758
3753,SME,Suntech Infra Solutions Limited,Infrastructure,GYR Capital Advisors Private Limited,New Delhi,42.16,2025-06-25,1970-01-01,,2025-06,2025,6,https://www.ipoplatform.com/ipo/suntech-infra-solutions-limited/3753
3732,SME,Icon Facilitators Limited,Engineering - EPC,Khambatta Securities Limited,New Delhi,18.15,2025-06-24,1970-01-01,,2025-06,2025,6,https://www.ipoplatform.com/ipo/icon-facilitators-limited/3732
3726,SME,Aten Papers and Foam Limited,Paper and Stationery,Swastika Investmart Limited,Ahmedabad,31.68,2025-06-13,1970-01-01,,2025-06,2025,6,https://www.ipoplatform.com/ipo/aten-papers-and-foam-limited/3726
3725,SME,Shri Hare Krishna Sponge Iron Limited,Steel - Iron,Hem Securities Limited,Kolkata,29.91,2025-06-24,1970-01-01,,2025-06,2025,6,https://www.ipoplatform.com/ipo/shri-hare-krishna-sponge-iron-limited/3725
3723,SME,Eppeltone Engineers Limited,Engineering,Expert Global Consultants Private Limited,New Delhi,43.96,2025-06-17,1970-01-01,,2025-06,2025,6,https://www.ipoplatform.com/ipo/eppeltone-engineers-limited/3723
3722,SME,Pro Fx Tech Limited,Electric Equipments,Hem Securities Limited,Bengaluru,38.21,2025-06-26,1970-01-01,,2025-06,2025,6,https://www.ipoplatform.com/ipo/pro-fx-tech-limited/3722
3720,SME,Silky Overseas Limited,Textiles,Gretex Corporate Services Limited,New Delhi,30.68,2025-06-30,1970-01-01,,2025-06,2025,6,https://www.ipoplatform.com/ipo/silky-overseas-limited/3720
3715,SME,Neetu Yoshi Limited,Metal,Horizon Management Private Limited,Dehradun,77.04,2025-06-27,1970-01-01,,2025-06,2025,6,https://www.ipoplatform.com/ipo/neetu-yoshi-limited/3715
3713,SME,Influx Healthtech Limited,Healthcare,Rarever Financial Advisors Private Limited,Mumbai,58.57,2025-06-18,1970-01-01,,2025-06,2025,6,https://www.ipoplatform.com/ipo/influx-healthtech-limited/3713
3711,SME,Adcounty Media India Limited,Information Technology,Narnolia Financial Services Limited,Jaipur,50.69,2025-06-27,1970-01-01,,2025-06,2025,6,https://www.ipoplatform.com/ipo/adcounty-media-india-limited/3711
3708,SME,Supertech EV Limited,Electric Equipments - OEM,Corporate Makers Capital Limited,New Delhi,29.9,2025-06-25,1970-01-01,,2025-06,2025,6,https://www.ipoplatform.com/ipo/supertech-ev-limited/3708
3865,Main Board,Aegis Vopak Terminals Limited,Oil and Gas,Bnp Paribas Bnp Paribas and Hdfc Bank Limited and ICICI Securities Limited and IIFL Securities Limited and Jefferies India Private Limited +,Surat,3500.0,2025-05-26,1970-01-01,,2025-05,2025,5,https://www.ipoplatform.com/ipo/aegis-vopak-terminals-limited/3865
3855,Main Board,Belrise Industries Limited,Engineering - Automotive,Axis Capital Limited Axis Capital Limited and Hsbc Securities & Capital Markets Private limited and Jefferies India Private Limited and SBI Capital Markets Limited +,Mumbai,2150.0,2025-05-21,1970-01-01,,2025-05,2025,5,https://www.ipoplatform.com/ipo/belrise-industries-ipo/3855
3814,Main Board,Leela Hotels - Schloss Bangalore Limited,Hotels and Resorts,Axis Capital Limited Axis Capital Limited and Bofa Securities India Limited and Citigroup Global Markets India Private Limited and ICICI Securities Limited and IIFL Securities Limited and J.P. Morgan India Private Limited and Jm Financial Limited and Kotak Mahindra Capital Company Limited and Morgan Stanley India Company Private Limited and Motilal Oswal Investment Advisors Limited and SBI Capital Markets Limited +,New Delhi,3500.0,2025-05-26,1970-01-01,,2025-05,2025,5,https://www.ipoplatform.com/ipo/schloss-bangalore-limited/3814
3802,Main Board,Prostarm Info Systems Limited,Power and Energy,Choice Capital Advisors Private Limited,Mumbai,168.0,2025-05-27,1970-01-01,,2025-05,2025,5,https://www.ipoplatform.com/ipo/prostarm-info-systems-limited/3802
3795,Main Board,Scoda Tubes Limited,Steel,Monarch Networth Capital Limited,Ahmedabad,220.0,2025-05-28,1970-01-01,,2025-05,2025,5,https://www.ipoplatform.com/ipo/scoda-tubes-limited/3795
3785,Main Board,Borana Weaves Limited,Textiles - Fabrics,Beeline Capital Advisors Private Limited,Surat,144.89,2025-05-20,1970-01-01,,2025-05,2025,5,https://www.ipoplatform.com/ipo/borana-weaves-ipo/3785
4041,SME,Neptune Petrochemicals Limited,Chemical,Beeline Capital Advisors Private Limited,Ahmedabad,73.2,2025-05-28,1970-01-01,,2025-05,2025,5,https://www.ipoplatform.com/ipo/neptune-petrochemicals-ipo/4041
3961,SME,Blue Water Logistics Limited,Logistics,Smart Horizon Capital Advisors Private Limited,Hyderabad,40.5,2025-05-27,1970-01-01,,2025-05,2025,5,https://www.ipoplatform.com/ipo/blue-water-logistics-limited/3961
3948,SME,Accretion Pharmaceuticals Limited,Pharmaceutical,Jawa Capital Services Private Limited,Ahmedabad,29.75,2025-05-14,1970-01-01,,2025-05,2025,5,https://www.ipoplatform.com/ipo/accretion-pharmaceuticals-ipo/3948
3908,SME,NR Vandana Tex Industries Limited,Textiles,Marwadi Chandarana Intermediaries Brokers Private Limited,Kolkata,27.89,2025-05-28,1970-01-01,,2025-05,2025,5,https://www.ipoplatform.com/ipo/nr-vandana-tex-industries-limited/3908
3897,SME,Manoj Jewellers Limited,Jewellery,Jawa Capital Services Private Limited,Chennai,16.2,2025-05-05,1970-01-01,,2025-05,2025,5,https://www.ipoplatform.com/ipo/manoj-jewellers-ipo/3897
3851,SME,Unified Data - Tech Solutions Limited,Information Technology,Hem Securities Limited,Mumbai,144.47,2025-05-22,1970-01-01,,2025-05,2025,5,https://www.ipoplatform.com/ipo/unified-data-tech-ipo/3851
3844,SME,Dar Credit & Capital Limited,Banking and Finance,GYR Capital Advisors Private Limited,Kolkata,25.66,2025-05-21,1970-01-01,,2025-05,2025,5,https://www.ipoplatform.com/ipo/dar-credit-and-capital-ipo/3844
3784,SME,3B FILMS LIMITED,Packaging & Disposables,Nirbhay Capital Services Private Limited,Vadodara,33.75,2025-05-30,1970-01-01,,2025-05,2025,5,https://www.ipoplatform.com/ipo/3b-films-limited/3784
3775,SME,Virtual Galaxy Infotech Limited,Information Technology - SaaS,Smart Horizon Capital Advisors Private Limited,Nagpur,93.29,2025-05-09,1970-01-01,,2025-05,2025,5,https://www.ipoplatform.com/ipo/virtual-galaxy-infotech-ipo/3775
3767,SME,Integrity Infrabuild Developers Limited,Infrastructure,Aryaman Financial Services Limited,Vadodara,12.0,2025-05-13,1970-01-01,,2025-05,2025,5,https://www.ipoplatform.com/ipo/integrity-infrabuild-developers-ipo/3767
3716,SME,Srigee DLM Limited,Plastic and Polymer,GYR Capital Advisors Private Limited,New Delhi,16.98,2025-05-05,1970-01-01,,2025-05,2025,5,https://www.ipoplatform.com/ipo/srigee-dlm-ipo/3716
3704,SME,Nikita Papers Limited,Paper and Stationery,Fast Track Finsec Private Limited,New Delhi,67.54,2025-05-27,1970-01-01,,2025-05,2025,5,https://www.ipoplatform.com/ipo/nikita-papers-limited/3704
3678,SME,Astonea Labs Limited,Pharmaceutical,Oneview Corporate Advisors Private Limited (Formerly known as Guiness Corporate Advisors),Chandigarh,37.67,2025-05-27,1970-01-01,,2025-05,2025,5,https://www.ipoplatform.com/ipo/astonea-labs-limited/3678
3824,Main Board,Ather Energy Limited,Automobile,Axis Capital Limited Axis Capital Limited and Hsbc Securities & Capital Markets Private limited and Jm Financial Limited and Nomura Financial Advisory And Securities (India) Private Limited +,Bengaluru,2980.76,2025-04-28,1970-01-01,,2025-04,2025,4,https://www.ipoplatform.com/ipo/ather-energy-ipo/3824
3925,SME,Iware Supplychain Services Limited,Logistics,Getfive Advisors Private Limited,Ahmedabad,27.13,2025-04-28,1970-01-01,,2025-04,2025,4,https://www.ipoplatform.com/ipo/iware-supplychain-services-ipo/3925
3757,SME,Desco Infratech Limited,Infrastructure,Smart Horizon Capital Advisors Private Limited,Surat,30.75,2025-04-24,1970-01-01,,2025-04,2025,4,https://www.ipoplatform.com/ipo/desco-infratech-ipo/3757
3697,SME,Arunaya Organics Limited,Chemical - Paint and Adhesives,Unistone Capital Private Limited,Ahmedabad,33.99,2025-04-29,1970-01-01,,2025-04,2025,4,https://www.ipoplatform.com/ipo/arunaya-organics-ipo/3697
3694,SME,Tankup Engineers Limited,Engineering,Hem Securities Limited,Lucknow,19.53,2025-04-23,1970-01-01,,2025-04,2025,4,https://www.ipoplatform.com/ipo/tankup-engineers-ipo/3694
3693,SME,Kenrik Industries Limited,Jewellery,Turnaround Corporate Advisors Private Limited,Ahmedabad,8.75,2025-04-29,1970-01-01,,2025-04,2025,4,https://www.ipoplatform.com/ipo/kenrik-industries-ipo/3693
4092,SME,Retaggio Industries Limited,Jewellery,Gretex Corporate Services Limited,Mumbai,15.5,2025-03-27,1970-01-01,,2025-03,2025,3,https://www.ipoplatform.com/ipo/retaggio-industries-ipo/4092
3944,SME,Paradeep Parivahan Limited,Logistics,Share India Capital Services Private Limited,Orissa,44.86,2025-03-17,1970-01-01,,2025-03,2025,3,https://www.ipoplatform.com/ipo/paradeep-parivahan-ipo/3944
3929,SME,Spinaroo Commercial Limited,Aluminium,Finshore Management Services Limited,Kolkata,10.17,2025-03-28,1970-01-01,,2025-03,2025,3,https://www.ipoplatform.com/ipo/spinaroo-commercial-ipo/3929
3877,SME,Active Infrastructures Limited,Infrastructure,Kreo Capital Private Limited,Nagpur,77.83,2025-03-21,1970-01-01,,2025-03,2025,3,https://www.ipoplatform.com/ipo/active-infrastructures-ipo/3877
3845,SME,Grand Continent Hotels Limited,Hotels and Resorts,Indorient Financial Services Limited,Chennai,74.46,2025-03-20,1970-01-01,,2025-03,2025,3,https://www.ipoplatform.com/ipo/grand-continent-hotels-ipo/3845
3752,SME,ATC Energies System Limited,Power and Energy,Indorient Financial Services Limited,Mumbai,63.76,2025-03-25,1970-01-01,,2025-03,2025,3,https://www.ipoplatform.com/ipo/atc-energies-ipo/3752
3744,SME,Infonative Solutions Limited,Information Technology,Share India Capital Services Private Limited,New Delhi,24.71,2025-03-28,1970-01-01,,2025-03,2025,3,https://www.ipoplatform.com/ipo/infonative-solutions-ipo/3744
3712,SME,Shri Ahimsa Naturals Limited,Agro - Food Products,Srujan Alpha Capital Advisors Llp,Jaipur,73.81,2025-03-25,1970-01-01,,2025-03,2025,3,https://www.ipoplatform.com/ipo/shri-ahimsa-naturals-ipo/3712
3701,SME,Divine Hira Jewellers Limited,Jewellery,Horizon Management Private Limited,Mumbai,31.84,2025-03-17,1970-01-01,,2025-03,2025,3,https://www.ipoplatform.com/ipo/divine-hira-jewellers-ipo/3701
3699,SME,Rapid Fleet Management Services Limited,Logistics,Gretex Corporate Services Limited,Chennai,43.87,2025-03-21,1970-01-01,,2025-03,2025,3,https://www.ipoplatform.com/ipo/rapid-fleet-ipo/3699
3688,SME,Identixweb Limited,Information Technology - SaaS,Beeline Capital Advisors Private Limited,Surat,16.63,2025-03-26,1970-01-01,,2025-03,2025,3,https://www.ipoplatform.com/ipo/identixweb-ipo/3688
3675,SME,Super Iron Foundry Limited,Steel - Iron,Horizon Management Private Limited,Kolkata,68.05,2025-03-11,1970-01-01,,2025-03,2025,3,https://www.ipoplatform.com/ipo/super-iron-foundry-ipo/3675
3674,SME,PDP Shipping & Projects Limited,Logistics,Sun Capital Advisory Services (P) Limited,Mumbai,12.65,2025-03-10,1970-01-01,,2025-03,2025,3,https://www.ipoplatform.com/ipo/pdp-shipping-projects-ipo/3674
3673,SME,NAPS Global India Limited,Textiles,Aryaman Financial Services Limited,Mumbai,11.88,2025-03-04,1970-01-01,,2025-03,2025,3,https://www.ipoplatform.com/ipo/naps-global-india-ipo/3673
3665,Main Board,Quality Power Electrical Equipments Limited,Electric Equipments,Pantomath Capital Advisors Private Limited,Sangli,858.7,2025-02-14,1970-01-01,,2025-02,2025,2,https://www.ipoplatform.com/ipo/quality-power-ipo/3665
3660,Main Board,Hexaware Technologies Limited,Information Technology,Citigroup Global Markets India Private Limited Citigroup Global Markets India Private Limited and Hsbc Securities & Capital Markets Private limited and IIFL Securities Limited and J.P. Morgan India Private Limited and Kotak Mahindra Capital Company Limited +,Mumbai,8750.0,2025-02-12,1970-01-01,,2025-02,2025,2,https://www.ipoplatform.com/ipo/hexaware-technologies-ipo/3660
3656,Main Board,Ajax Engineering Limited,Infrastructure,Citigroup Global Markets India Private Limited Citigroup Global Markets India Private Limited and ICICI Securities Limited and Jm Financial Limited and Nuvama Wealth Management Limited and SBI Capital Markets Limited +,Bengaluru,1269.35,2025-02-10,1970-01-01,,2025-02,2025,2,https://www.ipoplatform.com/ipo/ajax-engineering-ipo/3656
3672,SME,Balaji Phosphates Limited,Minerals,Arihant Capital Markets Limited,Indore,50.11,2025-02-28,1970-01-01,,2025-02,2025,2,https://www.ipoplatform.com/ipo/balaji-phosphates-ipo/3672
3671,SME,Shreenath Paper Products Limited,Paper and Stationery,Galactico Corporate Service Limited,Aurangabad,23.36,2025-02-25,1970-01-01,,2025-02,2025,2,https://www.ipoplatform.com/ipo/shreenath-paper-ipo/3671
3670,SME,Nukleus Office Solutions Limited,Corporate Solutions,Sundae Capital Advisors,New Delhi,31.7,2025-02-24,1970-01-01,,2025-02,2025,2,https://www.ipoplatform.com/ipo/nukleus-office-solutions-ipo/3670
3669,SME,Beezaasan Explotech Limited,Chemical,Smart Horizon Capital Advisors Private Limited,Gandhinagar,59.93,2025-02-21,1970-01-01,,2025-02,2025,2,https://www.ipoplatform.com/ipo/beezaasan-explotech-ipo/3669
3668,SME,HP Telecom India Limited,Telecom,Interactive Financial Services Limited,Surat,34.23,2025-02-20,1970-01-01,,2025-02,2025,2,https://www.ipoplatform.com/ipo/hp-telecom-india-ipo/3668
3667,SME,Swasth Foodtech India Limited,Agro - Food Products,Horizon Management Private Limited,Kolkata,14.92,2025-02-20,1970-01-01,,2025-02,2025,2,https://www.ipoplatform.com/ipo/swasth-foodtech-ipo/3667
3666,SME,Royal Arc Electrodes Limited,Cables and Wires,Fedex Securities Private Limited,Mumbai,36.0,2025-02-14,1970-01-01,,2025-02,2025,2,https://www.ipoplatform.com/ipo/royalarc-electrodes-ipo/3666
3664,SME,Tejas Cargo India Limited,Logistics,New Berry Capitals Private Limited,New Delhi,105.84,2025-02-14,1970-01-01,,2025-02,2025,2,https://www.ipoplatform.com/ipo/tejas-cargo-ipo/3664
3663,SME,Shanmuga Hospital Limited,Healthcare - Hospitals and Clinic,Finshore Management Services Limited,Chennai,20.62,2025-02-13,1970-01-01,,2025-02,2025,2,https://www.ipoplatform.com/ipo/shanmuga-hospital-ipo/3663
3662,SME,L.K.Mehta Polymers Limited,Plastic and Polymer,Swastika Investmart Limited,Ratlam,7.38,2025-02-13,1970-01-01,,2025-02,2025,2,https://www.ipoplatform.com/ipo/lk-mehta-polymers-ipo/3662
3661,SME,Voler Car Limited,Logistics,GYR Capital Advisors Private Limited,Kolkata,27.0,2025-02-12,1970-01-01,,2025-02,2025,2,https://www.ipoplatform.com/ipo/voler-car-ipo/3661
3659,SME,PS Raj Steels Limited,Steel,Khambatta Securities Limited,Hisar,28.28,2025-02-12,1970-01-01,,2025-02,2025,2,https://www.ipoplatform.com/ipo/ps-raj-steels-ipo/3659
3658,SME,Maxvolt Energy Industries Limited,Electric Equipments,Smart Horizon Capital Advisors Private Limited,New Delhi,54.0,2025-02-12,1970-01-01,,2025-02,2025,2,https://www.ipoplatform.com/ipo/maxvolt-energy-ipo/3658
3657,SME,Chandan Healthcare Limited,Healthcare - Hospitals and Clinic,Unistone Capital Private Limited,Lucknow,107.36,2025-02-10,1970-01-01,,2025-02,2025,2,https://www.ipoplatform.com/ipo/chandan-healthcare-ipo/3657
3655,SME,Eleganz Interiors Limited,Home Decor,Vivro Financial Services Private Limited,Mumbai,78.07,2025-02-07,1970-01-01,,2025-02,2025,2,https://www.ipoplatform.com/ipo/eleganz-interiors-ipo/3655
3654,SME,Solarium Green Energy Limited,Solar,Beeline Capital Advisors Private Limited,Ahmedabad,105.04,2025-02-06,1970-01-01,,2025-02,2025,2,https://www.ipoplatform.com/ipo/solarium-green-ipo/3654
3653,SME,Readymix Construction Machinery Limited,Infrastructure,Hem Securities Limited,Pune,37.66,2025-02-06,1970-01-01,,2025-02,2025,2,https://www.ipoplatform.com/ipo/readymix-construction-ipo/3653
3652,SME,Ken Enterprises Limited,Textiles,Corporate Makers Capital Limited,Mumbai,83.65,2025-02-05,1970-01-01,,2025-02,2025,2,https://www.ipoplatform.com/ipo/ken-enterprises-ipo/3652
3651,SME,Amwill Health Care Limited,Healthcare - Personal Care,Unistone Capital Private Limited,Bengaluru,59.98,2025-02-05,1970-01-01,,2025-02,2025,2,https://www.ipoplatform.com/ipo/amwill-healthcare-ipo/3651
3650,SME,Chamunda Electrical Limited,Power and Energy,GYR Capital Advisors Private Limited,Ahmedabad,14.6,2025-02-04,1970-01-01,,2025-02,2025,2,https://www.ipoplatform.com/ipo/chamunda-electricals-ipo/3650
3649,Main Board,Dr Agarwals Health Care Limited,Healthcare - Hospitals and Clinic,Jefferies India Private Limited Jefferies India Private Limited and Kotak Mahindra Capital Company Limited and Morgan Stanley India Company Private Limited and Motilal Oswal Investment Advisors Limited +,Chennai,3027.26,2025-01-29,1970-01-01,,2025-01,2025,1,https://www.ipoplatform.com/ipo/dr-agarwals-healthcare-ipo/3649
3647,Main Board,Denta Water and Infra Solutions Limited,Infrastructure,Smc Capitals Limited,Bengaluru,220.5,2025-01-22,1970-01-01,,2025-01,2025,1,https://www.ipoplatform.com/ipo/denta-water-ipo/3647
3639,Main Board,Stallion India Fluorochemicals Limited,Chemical,Sarthi Capital Advisors Private Limited,Mumbai,199.45,2025-01-16,1970-01-01,,2025-01,2025,1,https://www.ipoplatform.com/ipo/stallion-india-ipo/3639
3635,Main Board,Laxmi Dental Limited,Healthcare,Motilal Oswal Investment Advisors Limited Motilal Oswal Investment Advisors Limited and Nuvama Wealth Management Limited and SBI Capital Markets Limited +,Mumbai,698.06,2025-01-13,1970-01-01,,2025-01,2025,1,https://www.ipoplatform.com/ipo/laxmi-dental-ipo/3635
3634,Main Board,Capital Infra Trust InvIT,Infrastructure,Hdfc Bank Limited Hdfc Bank Limited and SBI Capital Markets Limited +,Gurugram,1578.0,2025-01-07,1970-01-01,,2025-01,2025,1,https://www.ipoplatform.com/ipo/capital-infra-trust-invit-ipo/3634
3629,Main Board,Quadrant Future Tek Limited,Railway,Sundae Capital Advisors,Mohali,290.0,2025-01-07,1970-01-01,,2025-01,2025,1,https://www.ipoplatform.com/ipo/quadrant-future-tek-ipo/3629
3628,Main Board,Standard Glass Lining Technology Limited,Engineering,IIFL Securities Limited IIFL Securities Limited and Motilal Oswal Investment Advisors Limited +,Hyderabad,410.05,2025-01-06,1970-01-01,,2025-01,2025,1,https://www.ipoplatform.com/ipo/standard-glass-lining-ipo/3628
3648,SME,Malpani Pipes & Fittings Limited,Steel - Tubes and Pipes,Interactive Financial Services Limited,Ratlam,25.92,2025-01-29,1970-01-01,,2025-01,2025,1,https://www.ipoplatform.com/ipo/malpani-pipes-ipo/3648
3646,SME,GB Logistics Commerce Limited,Logistics,SKI Capital Services Limited,Nagpur,25.07,2025-01-24,1970-01-01,,2025-01,2025,1,https://www.ipoplatform.com/ipo/gb-logistics-ipo/3646
3645,SME,H.M. Electro Mech Limited,Engineering - EPC,Beeline Capital Advisors Private Limited,Ahmedabad,27.74,2025-01-24,1970-01-01,,2025-01,2025,1,https://www.ipoplatform.com/ipo/hm-electro-mech-ipo/3645
3644,SME,CLN Energy Limited,Engineering - Automotive,Aryaman Financial Services Limited,New Delhi,72.3,2025-01-23,1970-01-01,,2025-01,2025,1,https://www.ipoplatform.com/ipo/cln-energy-ipo/3644
3643,SME,Rexpro Enterprises Limited,Furniture,Horizon Management Private Limited,Mumbai,53.65,2025-01-22,1970-01-01,,2025-01,2025,1,https://www.ipoplatform.com/ipo/rexpro-enterprises-ipo/3643
3642,SME,Capital Numbers Infotech Limited,Information Technology  - Data Solutions,GYR Capital Advisors Private Limited,Kolkata,169.37,2025-01-20,1970-01-01,,2025-01,2025,1,https://www.ipoplatform.com/ipo/capitalnumbers-infotech-ipo/3642
3641,SME,Ema Partners India Limited,Human Resources and Manpower,Indorient Financial Services Limited,Mumbai,76.01,2025-01-17,1970-01-01,,2025-01,2025,1,https://www.ipoplatform.com/ipo/ema-partners-ipo/3641
3640,SME,Landmark Immigration Consultants Limited,Corporate Solutions,Shreni Shares Limited,Chandigarh,40.34,2025-01-16,1970-01-01,,2025-01,2025,1,https://www.ipoplatform.com/ipo/landmark-immigration-ipo/3640
3638,SME,Kabra Jewels Limited,Jewellery,Marwadi Chandarana Intermediaries Brokers Private Limited,Ahmedabad,40.0,2025-01-15,1970-01-01,,2025-01,2025,1,https://www.ipoplatform.com/ipo/kabra-jewels-ipo/3638
3637,SME,Rikhav Securities Limited,Banking and Finance,Smart Horizon Capital Advisors Private Limited,Mumbai,88.82,2025-01-15,1970-01-01,,2025-01,2025,1,https://www.ipoplatform.com/ipo/rikhav-securities-ipo/3637
3636,SME,Barflex Polyfilms Limited,Packaging & Disposables,Almondz Financial Services Limited,New Delhi,39.42,2025-01-10,1970-01-01,,2025-01,2025,1,https://www.ipoplatform.com/ipo/barflex-polyfilms-ipo/3636
3633,SME,Sat Kartar Shopping Limited,Healthcare - Ayurvedic,Narnolia Financial Services Limited,New Delhi,33.8,2025-01-10,1970-01-01,,2025-01,2025,1,https://www.ipoplatform.com/ipo/sat-kartar-shopping-ipo/3633
3632,SME,Avax Apparels And Ornaments Limited,Jewellery,SKI Capital Services Limited,New Delhi,1.92,2025-01-07,1970-01-01,,2025-01,2025,1,https://www.ipoplatform.com/ipo/avax-apparels-and-ornaments-ipo/3632
3631,SME,Delta Autocorp Limited,Electric Equipments,GYR Capital Advisors Private Limited,Bardhaman,54.6,2025-01-07,1970-01-01,,2025-01,2025,1,https://www.ipoplatform.com/ipo/delta-autocorp-ipo/3631
3630,SME,B.R.Goyal Infrastructure Limited,Infrastructure,Beeline Capital Advisors Private Limited,Indore,85.21,2025-01-07,1970-01-01,,2025-01,2025,1,https://www.ipoplatform.com/ipo/br-goyal-ipo/3630
3627,SME,Indobell Insulation Limited,Engineering,Finshore Management Services Limited,Kolkata,10.14,2025-01-06,1970-01-01,,2025-01,2025,1,https://www.ipoplatform.com/ipo/indobell-insulation-ipo/3627
3625,SME,Fabtech Technologies Cleanrooms Limited,Furniture,Vivro Financial Services Private Limited,Mumbai,27.74,2025-01-03,1970-01-01,,2025-01,2025,1,https://www.ipoplatform.com/ipo/fabtech-technologies-ipo/3625
3624,SME,Davin Sons Retail Limited,Textiles,Navigant Corporate Advisors Limited,New Delhi,8.78,2025-01-02,1970-01-01,,2025-01,2025,1,https://www.ipoplatform.com/ipo/davin-sons-ipo/3624
3623,SME,Parmeshwar Metal Limited,Metal,Beeline Capital Advisors Private Limited,Gandhinagar,24.74,2025-01-02,1970-01-01,,2025-01,2025,1,https://www.ipoplatform.com/ipo/parmeshwar-metal-ipo/3623
3622,SME,Leo Dryfruits & Spices Trading Limited,Agro - Food Products,Shreni Shares Limited,Mumbai,25.12,2025-01-01,1970-01-01,,2025-01,2025,1,https://www.ipoplatform.com/ipo/leo-dry-fruits-and-spices-ipo/3622
3830,Main Board,Inventurus Knowledge Solutions Limited,Healthcare,ICICI Securities Limited ICICI Securities Limited and J.P. Morgan India Private Limited and Jefferies India Private Limited and Jm Financial Limited and Nomura Financial Advisory And Securities (India) Private Limited +,Mumbai,2497.92,2024-12-12,1970-01-01,,2024-12,2024,12,https://www.ipoplatform.com/ipo/inventurus-knowledge-solutions-limited/3830
3621,Main Board,Indo Farm Equipment Limited,Engineering,Aryaman Financial Services Limited,Chandigarh,260.15,2024-12-31,1970-01-01,,2024-12,2024,12,https://www.ipoplatform.com/ipo/indo-farm-equipment-ipo/3621
3617,Main Board,Unimech Aerospace And Manufacturing Limited,Defence,Anand Rathi Securities Limited Anand Rathi Securities Limited and Equirus Capital Private Limited +,Bengaluru,500.0,2024-12-23,1970-01-01,,2024-12,2024,12,https://www.ipoplatform.com/ipo/unimech-aerospace-ipo/3617
3616,Main Board,Carraro India Limited,Engineering - Automotive,Axis Capital Limited Axis Capital Limited and Bnp Paribas and Nuvama Wealth Management Limited +,Pune,1250.0,2024-12-20,1970-01-01,,2024-12,2024,12,https://www.ipoplatform.com/ipo/carraro-india-ipo/3616
3615,Main Board,Senores Pharmaceuticals Limited,Pharmaceutical,Ambit Private Limited Ambit Private Limited and Equirus Capital Private Limited and Nuvama Wealth Management Limited +,Ahmedabad,582.11,2024-12-20,1970-01-01,,2024-12,2024,12,https://www.ipoplatform.com/ipo/senores-pharmaceuticals-ipo/3615
3613,Main Board,Ventive Hospitality Limited,Hotels and Resorts,Axis Capital Limited Axis Capital Limited and Hsbc Securities & Capital Markets Private limited and ICICI Securities Limited and IIFL Securities Limited and Jm Financial Limited and Kotak Mahindra Capital Company Limited and SBI Capital Markets Limited +,Pune,1600.0,2024-12-20,1970-01-01,,2024-12,2024,12,https://www.ipoplatform.com/ipo/ventive-hospitality-ipo/3613
3612,Main Board,Transrail Lighting Limited,Engineering - EPC,Idbi Capital Market Services Limited Idbi Capital Market Services Limited and Axis Capital Limited and Hdfc Bank Limited and Inga Ventures Private Limited +,Mumbai,838.91,2024-12-19,1970-01-01,,2024-12,2024,12,https://www.ipoplatform.com/ipo/transrail-lighting-ipo/3612
3611,Main Board,Concord Enviro Systems Limited,Recycling - Waste,Equirus Capital Private Limited Equirus Capital Private Limited and Motilal Oswal Investment Advisors Limited +,Mumbai,500.33,2024-12-19,1970-01-01,,2024-12,2024,12,https://www.ipoplatform.com/ipo/concord-enviro-ipo/3611
3610,Main Board,Sanathan Textiles Limited,Textiles - Fabrics,Dam Capital Advisors Limited (Formerly Idfc Securities Limited) Dam Capital Advisors Limited (Formerly Idfc Securities Limited) and ICICI Securities Limited +,Silvassa,550.0,2024-12-19,1970-01-01,,2024-12,2024,12,https://www.ipoplatform.com/ipo/sanathan-textiles-ipo/3610
3609,Main Board,DAM Capital Advisors Limited,Banking and Finance,Nuvama Wealth Management Limited,Mumbai,840.25,2024-12-19,1970-01-01,,2024-12,2024,12,https://www.ipoplatform.com/ipo/dam-capital-advisors-ipo/3609
3608,Main Board,Mamata Machinery Limited,Engineering,Beeline Capital Advisors Private Limited,Ahmedabad,179.39,2024-12-19,1970-01-01,,2024-12,2024,12,https://www.ipoplatform.com/ipo/mamata-machinery-ipo/3608
3605,Main Board,IGI International Gemmological Institute (India) Limited,Corporate Solutions,Axis Capital Limited Axis Capital Limited and Kotak Mahindra Capital Company Limited and Morgan Stanley India Company Private Limited and SBI Capital Markets Limited +,Mumbai,4225.0,2024-12-13,1970-01-01,,2024-12,2024,12,https://www.ipoplatform.com/ipo/international-gemmological-institute-ipo/3605
3600,Main Board,One Mobikwik Systems Limited,Banking and Finance - FinTech,Dam Capital Advisors Limited (Formerly Idfc Securities Limited) Dam Capital Advisors Limited (Formerly Idfc Securities Limited) and SBI Capital Markets Limited +,New Delhi,572.0,2024-12-11,1970-01-01,,2024-12,2024,12,https://www.ipoplatform.com/ipo/mobikwik-ipo/3600
3599,Main Board,Vishal Mega Mart Limited,Retail - Supermarket,Intensive Fiscal Services Private Limited Intensive Fiscal Services Private Limited and ICICI Securities Limited and J.P. Morgan India Private Limited and Jefferies India Private Limited and Kotak Mahindra Capital Company Limited and Morgan Stanley India Company Private Limited +,Gurugram,8000.0,2024-12-11,1970-01-01,,2024-12,2024,12,https://www.ipoplatform.com/ipo/vishal-mega-mart-ipo/3599
3598,Main Board,Sai Life Sciences Limited,Chemical,IIFL Securities Limited IIFL Securities Limited and Jefferies India Private Limited and Kotak Mahindra Capital Company Limited and Morgan Stanley India Company Private Limited +,Hyderabad,3042.62,2024-12-11,1970-01-01,,2024-12,2024,12,https://www.ipoplatform.com/ipo/sai-life-sciences-ipo/3598
3592,Main Board,Property Share Investment Trust SM REIT,Real Estate - REIT,ICICI Securities Limited,Bengaluru,352.91,2024-12-02,1970-01-01,,2024-12,2024,12,https://www.ipoplatform.com/ipo/property-share-reit-ipo/3592
3620,SME,Technichem Organics Limited,Chemical,Shreni Shares Limited,Ahmedabad,25.25,2024-12-31,1970-01-01,,2024-12,2024,12,https://www.ipoplatform.com/ipo/technichem-organics-ipo/3620
3619,SME,Citichem India Limited,Chemical,Horizon Management Private Limited,Mumbai,12.6,2024-12-27,1970-01-01,,2024-12,2024,12,https://www.ipoplatform.com/ipo/citichem-india-ipo/3619
3618,SME,Anya Polytech & Fertilizers Limited,Chemical - Pesticides,Beeline Capital Advisors Private Limited,New Delhi,44.8,2024-12-26,1970-01-01,,2024-12,2024,12,https://www.ipoplatform.com/ipo/anya-polytech-ipo/3618
3614,SME,Newmalayalam Steel Limited,Steel,Khandwala Securities Limited,Kerala,41.76,2024-12-19,1970-01-01,,2024-12,2024,12,https://www.ipoplatform.com/ipo/newmalayalam-steel-ipo/3614
3607,SME,Identical Brains Studios Limited,Film and Animation - VFX,Socradamus Capital Private Limited,Mumbai,19.95,2024-12-18,1970-01-01,,2024-12,2024,12,https://www.ipoplatform.com/ipo/identical-brains-studios-ipo/3607
3606,SME,NACDAC Infrastructure Limited,Real Estate,GYR Capital Advisors Private Limited,New Delhi,10.01,2024-12-17,1970-01-01,,2024-12,2024,12,https://www.ipoplatform.com/ipo/nacdac-infrastructure-ipo/3606
3604,SME,Yash Highvoltage Limited,Electric Equipments - Transformers,Indorient Financial Services Limited,Vadodara,110.01,2024-12-12,1970-01-01,,2024-12,2024,12,https://www.ipoplatform.com/ipo/yash-highvoltage-ipo/3604
3603,SME,Hamps Bio Limited,Pharmaceutical,Marwadi Chandarana Intermediaries Brokers Private Limited,Bharuch,6.22,2024-12-13,1970-01-01,,2024-12,2024,12,https://www.ipoplatform.com/ipo/hamps-bio-ipo/3603
3602,SME,Supreme Facility Management Limited,Corporate Solutions,Khandwala Securities Limited,Pune,50.0,2024-12-11,1970-01-01,,2024-12,2024,12,https://www.ipoplatform.com/ipo/supreme-facility-management-ipo/3602
3601,SME,Purple United Sales Limited,Textiles,Expert Global Consultants Private Limited,New Delhi,32.81,2024-12-11,1970-01-01,,2024-12,2024,12,https://www.ipoplatform.com/ipo/purple-united-sales-ipo/3601
3597,SME,Toss the Coin Limited,Information Technology  - Data Solutions,Beeline Capital Advisors Private Limited,Chennai,9.17,2024-12-10,1970-01-01,,2024-12,2024,12,https://www.ipoplatform.com/ipo/toss-the-coin-ipo/3597
3596,SME,Jungle Camps India Limited,Hotels and Resorts,Khandwala Securities Limited,New Delhi,29.42,2024-12-10,1970-01-01,,2024-12,2024,12,https://www.ipoplatform.com/ipo/jungle-camps-india-ipo/3596
3595,SME,Dhanlaxmi Crop Science Limited,Agro,Finshore Management Services Limited,Himmatnagar,23.8,2024-12-09,1970-01-01,,2024-12,2024,12,https://www.ipoplatform.com/ipo/dhanlaxmi-crop-science-ipo/3595
3594,SME,Emerald Tyre Manufacturers Limited,Rubber,GYR Capital Advisors Private Limited,Chennai,49.26,2024-12-05,1970-01-01,,2024-12,2024,12,https://www.ipoplatform.com/ipo/emerald-tyre-manufacturers-ipo/3594
3593,SME,Nisus Finance Services Co Limited,Banking and Finance,Beeline Capital Advisors Private Limited,Mumbai,114.24,2024-12-04,1970-01-01,,2024-12,2024,12,https://www.ipoplatform.com/ipo/nisus-finance-services-ipo/3593
3590,Main Board,Suraksha Diagnostic Limited,Healthcare - Hospitals and Clinic,ICICI Securities Limited ICICI Securities Limited and Nuvama Wealth Management Limited and SBI Capital Markets Limited +,Kolkata,846.25,2024-11-29,1970-01-01,,2024-11,2024,11,https://www.ipoplatform.com/ipo/suraksha-diagnostic-ipo/3590
3581,Main Board,Enviro Infra Engineers Limited,Infrastructure,Hem Securities Limited,New Delhi,650.43,2024-11-22,1970-01-01,,2024-11,2024,11,https://www.ipoplatform.com/ipo/enviro-infra-engineers-ipo/3581
3580,Main Board,NTPC Green Energy Limited,Power and Energy,Idbi Capital Market Services Limited Idbi Capital Market Services Limited and Hdfc Bank Limited and IIFL Securities Limited and Nuvama Wealth Management Limited +,New Delhi,10000.0,2024-11-19,1970-01-01,,2024-11,2024,11,https://www.ipoplatform.com/ipo/ntpc-green-energy-ipo/3580
3579,Main Board,Zinka Logistics Solution Limited,Online Service Provider,Axis Capital Limited Axis Capital Limited and Il&Fs Investsmart Securities Limited and Jm Financial Limited and Morgan Stanley India Company Private Limited +,Bengaluru,1114.72,2024-11-13,1970-01-01,,2024-11,2024,11,https://www.ipoplatform.com/ipo/blackbuck-ipo/3579
3575,Main Board,Niva Bupa Health Insurance Company Limited,Insurance,Axis Capital Limited Axis Capital Limited and Hdfc Bank Limited and ICICI Securities Limited and Kotak Mahindra Capital Company Limited and Morgan Stanley India Company Private Limited and Motilal Oswal Investment Advisors Limited +,New Delhi,2200.0,2024-11-07,1970-01-01,,2024-11,2024,11,https://www.ipoplatform.com/ipo/niva-bupa-health-insurance-ipo/3575
3574,Main Board,ACME Solar Holdings Limited,Solar,ICICI Securities Limited ICICI Securities Limited and Jm Morgan Stanley Private Limited and Kotak Mahindra Capital Company Limited and Morgan Stanley India Company Private Limited and Nuvama Wealth Management Limited +,New Delhi,2900.0,2024-11-06,1970-01-01,,2024-11,2024,11,https://www.ipoplatform.com/ipo/acme-solar-holdings-ipo/3574
3573,Main Board,Swiggy Limited,Online Service Provider,Avendus Capital Private Limited Avendus Capital Private Limited and Citigroup Global Markets India Private Limited and J.P. Morgan India Private Limited and Jefferies India Private Limited and Kotak Mahindra Capital Company Limited +,Bengaluru,11327.43,2024-11-06,1970-01-01,,2024-11,2024,11,https://www.ipoplatform.com/ipo/swiggy-ipo/3573
3572,Main Board,Sagility India Limited,Healthcare,ICICI Securities Limited ICICI Securities Limited and IIFL Securities Limited and J.P. Morgan India Private Limited and Jefferies India Private Limited +,Bengaluru,2106.6,2024-11-05,1970-01-01,,2024-11,2024,11,https://www.ipoplatform.com/ipo/sagility-india-ipo/3572
3626,SME,Thinking Hats Entertainment Solutions Limited,Advertising and Media,Horizon Management Private Limited,Mumbai,15.09,2024-11-25,1970-01-01,,2024-11,2024,11,https://www.ipoplatform.com/ipo/thinking-hats-entertainment-solutions-ipo/3626
3589,SME,Ganesh Infraworld Limited,Infrastructure,Vivro Financial Services Private Limited,Kolkata,98.58,2024-11-29,1970-01-01,,2024-11,2024,11,https://www.ipoplatform.com/ipo/ganesh-infraworld-ipo/3589
3588,SME,Agarwal Toughened Glass India Limited,Glass,Cumulative Capital Private Limited,Jaipur,62.64,2024-11-28,1970-01-01,,2024-11,2024,11,https://www.ipoplatform.com/ipo/agarwal-toughened-glass-india-ipo/3588
3587,SME,Abha Power and Steel Limited,Steel - Iron,Horizon Management Private Limited,Raipur,38.54,2024-11-27,1970-01-01,,2024-11,2024,11,https://www.ipoplatform.com/ipo/abha-power-and-steel-ipo/3587
3586,SME,Apex Ecotech Limited,Recycling - Waste,Share India Capital Services Private Limited,Pune,25.54,2024-11-27,1970-01-01,,2024-11,2024,11,https://www.ipoplatform.com/ipo/apex-ecotech-ipo/3586
3585,SME,C2C Advanced Systems Limited,Information Technology,Mark Corporate Advisors Private Limited Mark Corporate Advisors Private Limited and Beeline Capital Advisors Private Limited +,Bengaluru,99.07,2024-11-22,1970-01-01,,2024-11,2024,11,https://www.ipoplatform.com/ipo/c2c-advanced-systems-ipo/3585
3584,SME,Rajputana Biodiesel Limited,Chemical,GYR Capital Advisors Private Limited,Jaipur,24.7,2024-11-26,1970-01-01,,2024-11,2024,11,https://www.ipoplatform.com/ipo/rajputana-biodiesel-ipo/3584
3583,SME,Rajesh Power Services Limited,Power and Energy,Isk Advisors Private Limited,Ahmedabad,160.47,2024-11-25,1970-01-01,,2024-11,2024,11,https://www.ipoplatform.com/ipo/rajesh-power-services-ipo/3583
3582,SME,Lamosaic India Limited,Furniture,Inventure Merchant Banker Services Private Limited,Pune,61.2,2024-11-21,1970-01-01,,2024-11,2024,11,https://www.ipoplatform.com/ipo/lamosaic-india-ipo/3582
3578,SME,Onyx Biotec Limited,Pharmaceutical,Horizon Management Private Limited,Solan,29.34,2024-11-13,1970-01-01,,2024-11,2024,11,https://www.ipoplatform.com/ipo/onyx-biotec-ipo/3578
3577,SME,Mangal Compusolution Limited,Information Technology - Hardware,Jawa Capital Services Private Limited,Mumbai,16.23,2024-11-12,1970-01-01,,2024-11,2024,11,https://www.ipoplatform.com/ipo/mangal-compusolution-ipo/3577
3576,SME,Neelam Linens and Garments (India) Limited,Textiles,Expert Global Consultants Private Limited,Mumbai,13.0,2024-11-08,1970-01-01,,2024-11,2024,11,https://www.ipoplatform.com/ipo/neelam-linens-and-garments-ipo/3576
3570,Main Board,Afcons Infrastructure Limited,Infrastructure,Dam Capital Advisors Limited (Formerly Idfc Securities Limited) Dam Capital Advisors Limited (Formerly Idfc Securities Limited) and ICICI Securities Limited and Jefferies India Private Limited and Nomura Financial Advisory And Securities (India) Private Limited and Nuvama Wealth Management Limited and SBI Capital Markets Limited +,Mumbai,5430.0,2024-10-25,1970-01-01,,2024-10,2024,10,https://www.ipoplatform.com/ipo/afcons-infrastructure-ipo/3570
3569,Main Board,Godavari Biorefineries Limited,Chemical,Equirus Capital Private Limited Equirus Capital Private Limited and SBI Capital Markets Limited +,Mumbai,554.75,2024-10-23,1970-01-01,,2024-10,2024,10,https://www.ipoplatform.com/ipo/godavari-biorefineries-ipo/3569
3564,Main Board,Deepak Builders & Engineers India Limited,Infrastructure,Fedex Securities Private Limited,New Delhi,260.04,2024-10-21,1970-01-01,,2024-10,2024,10,https://www.ipoplatform.com/ipo/deepak-builders-engineers-ipo/3564
3563,Main Board,Waaree Energies Limited,Solar,Intensive Fiscal Services Private Limited Intensive Fiscal Services Private Limited and Almondz Financial Services Limited and Axis Bank Limited and IIFL Securities Limited and Iti Capital Limited and Jefferies India Private Limited and Nomura Financial Advisory And Securities (India) Private Limited and SBI Capital Markets Limited +,Mumbai,4321.44,2024-10-21,1970-01-01,,2024-10,2024,10,https://www.ipoplatform.com/ipo/waaree-energies-ipo/3563
3560,Main Board,Hyundai Motor India Limited,Automobile,Citigroup Global Markets India Private Limited Citigroup Global Markets India Private Limited and Hsbc Securities & Capital Markets Private limited and J.P. Morgan India Private Limited and Kotak Mahindra Capital Company Limited and Morgan Stanley India Company Private Limited +,Chennai,27870.16,2024-10-15,1970-01-01,,2024-10,2024,10,https://www.ipoplatform.com/ipo/hyundai-motor-ipo/3560
3557,Main Board,Garuda Construction and Engineering Limited,Real Estate,Corpwis Advisors Private Limited,Mumbai,264.1,2024-10-08,1970-01-01,,2024-10,2024,10,https://www.ipoplatform.com/ipo/garuda-construction-and-engineering-ipo/3557
3571,SME,Usha Financial Services Limited,Banking and Finance,Unistone Capital Private Limited Unistone Capital Private Limited and Narnolia Financial Services Limited +,New Delhi,98.45,2024-10-24,1970-01-01,,2024-10,2024,10,https://www.ipoplatform.com/ipo/usha-financial-services-ipo/3571
3568,SME,United Heat Transfer Limited,Electric Equipments - OEM,Swastika Investmart Limited,Nashik,30.0,2024-10-22,1970-01-01,,2024-10,2024,10,https://www.ipoplatform.com/ipo/united-heat-transfer-ipo/3568
3567,SME,Danish Power Limited,Electric Equipments - Transformers,Hem Securities Limited,Jaipur,197.9,2024-10-22,1970-01-01,,2024-10,2024,10,https://www.ipoplatform.com/ipo/danish-power-ipo/3567
3566,SME,OBSC Perfection Limited,Metal,Unistone Capital Private Limited,New Delhi,66.02,2024-10-22,1970-01-01,,2024-10,2024,10,https://www.ipoplatform.com/ipo/obsc-perfection-ipo/3566
3565,SME,Premium Plast Limited,Engineering - Automotive,Khandwala Securities Limited,Mumbai,26.2,2024-10-21,1970-01-01,,2024-10,2024,10,https://www.ipoplatform.com/ipo/premium-plast-ipo/3565
3562,SME,Freshara Agro Exports Limited,Agro,GYR Capital Advisors Private Limited,Chennai,75.39,2024-10-17,1970-01-01,,2024-10,2024,10,https://www.ipoplatform.com/ipo/freshara-agro-exports-ipo/3562
3561,SME,Lakshya Powertech Limited,Engineering,GYR Capital Advisors Private Limited,Ahmedabad,49.91,2024-10-16,1970-01-01,,2024-10,2024,10,https://www.ipoplatform.com/ipo/lakshya-powertech-ipo/3561
3559,SME,Pranik Logistics Limited,Logistics,Narnolia Financial Services Limited,Kolkata,22.47,2024-10-10,1970-01-01,,2024-10,2024,10,https://www.ipoplatform.com/ipo/pranik-logistics-ipo/3559
3558,SME,Shiv Texchem Limited,Chemical,Vivro Financial Services Private Limited,Mumbai,101.35,2024-10-08,1970-01-01,,2024-10,2024,10,https://www.ipoplatform.com/ipo/shiv-texchem-ipo/3558
3550,SME,Khyati Global Ventures Limited,FMCG,Aryaman Financial Services Limited,Mumbai,18.3,2024-10-04,1970-01-01,,2024-10,2024,10,https://www.ipoplatform.com/ipo/khyati-global-ventures-ipo/3550
3556,Main Board,Diffusion Engineers Limited,Engineering - Heavy Machinery,Unistone Capital Private Limited,Nagpur,158.0,2024-09-26,1970-01-01,,2024-09,2024,9,https://www.ipoplatform.com/ipo/diffusion-engineers-ipo/3556
3555,Main Board,KRN Heat Exchanger and Refrigeration Limited,Engineering,Holani Consultants Private Limited,Alwar,341.95,2024-09-25,1970-01-01,,2024-09,2024,9,https://www.ipoplatform.com/ipo/krn-heat-exchanger-ipo/3555
3554,Main Board,Manba Finance Limited,Banking and Finance,Hem Securities Limited,Mumbai,150.84,2024-09-23,1970-01-01,,2024-09,2024,9,https://www.ipoplatform.com/ipo/manba-finance-ipo/3554
2944,Main Board,Gala Precision Engineering Limited,Engineering,PL Capital Markets Private Limited,Mumbai,167.93,2024-09-02,1970-01-01,,2024-09,2024,9,https://www.ipoplatform.com/ipo/gala-precision-engineering-ipo/2944
2943,Main Board,Shree Tirupati Balajee Agro Trading Company Limited,Packaging & Disposables,Unistone Capital Private Limited Unistone Capital Private Limited and Pnb Investment Services Limited +,Dhar,169.65,2024-09-05,1970-01-01,,2024-09,2024,9,https://www.ipoplatform.com/ipo/shree-tirupati-balajee-ipo/2943
2942,Main Board,Kross Limited,Automobile - Forging and Casting,Equirus Capital Private Limited,Jamshedpur,500.0,2024-09-09,1970-01-01,,2024-09,2024,9,https://www.ipoplatform.com/ipo/kross-ipo/2942
2941,Main Board,Bajaj Housing Finance Limited,Banking and Finance,Axis Capital Limited Axis Capital Limited and Bofa Securities India Limited and Goldman Sachs (India) Securities Private Limited and IIFL Securities Limited and Jm Financial Limited and Kotak Mahindra Capital Company Limited and SBI Capital Markets Limited +,Pune,6560.0,2024-09-09,1970-01-01,,2024-09,2024,9,https://www.ipoplatform.com/ipo/bajaj-housing-finance-ipo/2941
2940,Main Board,Tolins Tyres Limited,Rubber,Saffron Capital Advisors Private Limited,Ernakulam,230.0,2024-09-09,1970-01-01,,2024-09,2024,9,https://www.ipoplatform.com/ipo/tolins-tyres-ipo/2940
2939,Main Board,P N Gadgil Jewellers Limited,Jewellery,Bob Capital Markets Limited Bob Capital Markets Limited and Motilal Oswal Investment Advisors Limited and Nuvama Wealth Management Limited +,Pune,1100.0,2024-09-10,1970-01-01,,2024-09,2024,9,https://www.ipoplatform.com/ipo/p-n-gadgil-jewellers-ipo/2939
2938,Main Board,Northern Arc Capital Limited,Banking and Finance,Axis Bank Limited Axis Bank Limited and Citigroup Global Markets India Private Limited and ICICI Securities Limited +,Chennai,777.0,2024-09-16,1970-01-01,,2024-09,2024,9,https://www.ipoplatform.com/ipo/northern-arc-capital-ipo/2938
2937,Main Board,Western Carriers (India) Limited,Logistics,Jm Financial Limited Jm Financial Limited and Kotak Mahindra Capital Company Limited +,Kolkata,492.88,2024-09-13,1970-01-01,,2024-09,2024,9,https://www.ipoplatform.com/ipo/western-carriers-india-ipo/2937
2936,Main Board,Arkade Developers Limited,Real Estate,Unistone Capital Private Limited,Mumbai,410.0,2024-09-16,1970-01-01,,2024-09,2024,9,https://www.ipoplatform.com/ipo/arkade-developers-ipo/2936
3591,SME,Unilex Colours and Chemicals Limited,Chemical,Hem Securities Limited,Mumbai,31.32,2024-09-25,1970-01-01,,2024-09,2024,9,https://www.ipoplatform.com/ipo/unilex-colours-and-chemicals-ipo/3591
3553,SME,Rappid Valves (India) Limited,Valves,Shreni Shares Limited,Mumbai,30.41,2024-09-23,1970-01-01,,2024-09,2024,9,https://www.ipoplatform.com/ipo/rappid-valves-india-ipo/3553
3552,SME,TechEra Engineering LImited,Defence,SKI Capital Services Limited,Pune,35.9,2024-09-25,1970-01-01,,2024-09,2024,9,https://www.ipoplatform.com/ipo/techera-engineering-ipo/3552
3551,SME,Envirotech Systems Limited,Engineering,Share India Capital Services Private Limited,New Delhi,30.24,2024-09-13,1970-01-01,,2024-09,2024,9,https://www.ipoplatform.com/ipo/envirotech-systems-ipo/3551
3548,SME,Subam Papers Limited,Paper and Stationery,Gretex Corporate Services Limited,Tirunelveli,93.7,2024-09-30,1970-01-01,,2024-09,2024,9,https://www.ipoplatform.com/ipo/subam-papers-ipo/3548
3547,SME,Paramount Dye Tec Limited,Textiles,Gretex Corporate Services Limited,Ludhiana,28.43,2024-09-30,1970-01-01,,2024-09,2024,9,https://www.ipoplatform.com/ipo/paramount-dye-tec-ipo/3547
3546,SME,Nexxus Petro Industries Limited,Chemical,Srujan Alpha Capital Advisors Llp,Ahmedabad,19.43,2024-09-26,1970-01-01,,2024-09,2024,9,https://www.ipoplatform.com/ipo/nexxus-petro-industries-ipo/3546
3545,SME,Divyadhan Recycling Industries Limited,Recycling,Narnolia Financial Services Limited,Mumbai,24.17,2024-09-26,1970-01-01,,2024-09,2024,9,https://www.ipoplatform.com/ipo/divyadhan-recycling-industries-ipo/3545
3544,SME,Forge Auto International Limited,Engineering - Automotive,Hem Securities Limited,Ludhiana,31.1,2024-09-26,1970-01-01,,2024-09,2024,9,https://www.ipoplatform.com/ipo/forge-auto-international-ipo/3544
3543,SME,Sahasra Electronics Solutions Limited,Information Technology - Hardware,Hem Securities Limited,New Delhi,186.16,2024-09-26,1970-01-01,,2024-09,2024,9,https://www.ipoplatform.com/ipo/sahasra-electronics-solutions-ipo/3543
3542,SME,Saj Hotels Limited,Hotels and Resorts,Corpwis Advisors Private Limited,Satara,27.63,2024-09-27,1970-01-01,,2024-09,2024,9,https://www.ipoplatform.com/ipo/saj-hotels-ipo/3542
3541,SME,HVAX Technologies Limited,Infrastructure,Fedex Securities Private Limited,Mumbai,33.53,2024-09-27,1970-01-01,,2024-09,2024,9,https://www.ipoplatform.com/ipo/hvax-technologies-ipo/3541
2935,SME,WOL 3D India Limited,Information Technology - Hardware,Hem Securities Limited,Mumbai,25.56,2024-09-23,1970-01-01,,2024-09,2024,9,https://www.ipoplatform.com/ipo/wol-3d-ipo/2935
2934,SME,BikeWo GreenTech Limited,Automobile,Khandwala Securities Limited,Hyderabad,24.09,2024-09-20,1970-01-01,,2024-09,2024,9,https://www.ipoplatform.com/ipo/bikewo-greentech-ipo/2934
2933,SME,Phoenix Overseas Limited,Agro,Khandwala Securities Limited,Kolkata,36.03,2024-09-20,1970-01-01,,2024-09,2024,9,https://www.ipoplatform.com/ipo/phoenix-overseas-ipo/2933
2932,SME,Avi Ansh Textile Limited,Textiles,3Dimesnion Capital Services Limited,New Delhi,25.99,2024-09-20,1970-01-01,,2024-09,2024,9,https://www.ipoplatform.com/ipo/avi-ansh-textile-ipo/2932
2931,SME,SD Retail Limited,Textiles,Beeline Capital Advisors Private Limited,Ahmedabad,64.98,2024-09-20,1970-01-01,,2024-09,2024,9,https://www.ipoplatform.com/ipo/sd-retail-ipo/2931
2930,SME,Kalana Ispat Limited,Metal,Jawa Capital Services Private Limited,Ahmedabad,32.59,2024-09-19,1970-01-01,,2024-09,2024,9,https://www.ipoplatform.com/ipo/kalana-ispat-ipo/2930
2929,SME,Popular Foundations Limited,Infrastructure,Srujan Alpha Capital Advisors Llp,Chennai,19.87,2024-09-13,1970-01-01,,2024-09,2024,9,https://www.ipoplatform.com/ipo/popular-foundations-ipo/2929
2928,SME,Osel Devices Limited,Electric Equipments,Horizon Management Private Limited,New Delhi,70.66,2024-09-16,1970-01-01,,2024-09,2024,9,https://www.ipoplatform.com/ipo/osel-devices-ipo/2928
2927,SME,Paramount Speciality Forgings Limited,Steel,Swaraj Shares and Securities Private Limited,Mumbai,32.34,2024-09-17,1970-01-01,,2024-09,2024,9,https://www.ipoplatform.com/ipo/paramount-speciality-forgings-ipo/2927
2925,SME,Deccan Transcon Leasing Limited,Logistics,Unistone Capital Private Limited,Hyderabad,65.06,2024-09-13,1970-01-01,,2024-09,2024,9,https://www.ipoplatform.com/ipo/deccan-transcon-leasing-ipo/2925
2924,SME,Pelatro Limited,Information Technology,Cumulative Capital Private Limited,Bengaluru,55.98,2024-09-16,1970-01-01,,2024-09,2024,9,https://www.ipoplatform.com/ipo/pelatro-ipo/2924
2923,SME,Sodhani Academy of Fintech Enablers Limited,Education - Edtech,Srujan Alpha Capital Advisors Llp,Jaipur,6.12,2024-09-12,1970-01-01,,2024-09,2024,9,https://www.ipoplatform.com/ipo/sodhani-academy-of-fintech-enablers-ipo/2923
2922,SME,Excellent Wires and Packaging Limited,Cables and Wires,Inventure Merchant Banker Services Private Limited,Mumbai,12.6,2024-09-11,1970-01-01,,2024-09,2024,9,https://www.ipoplatform.com/ipo/excellent-wires-and-packaging-ipo/2922
2921,SME,Innomet Advanced Materials Limited,Metal,Expert Global Consultants Private Limited,Hyderabad,34.24,2024-09-11,1970-01-01,,2024-09,2024,9,https://www.ipoplatform.com/ipo/innomet-advanced-materials-ipo/2921
2920,SME,SPP Polymer Limited,Packaging & Disposables,Interactive Financial Services Limited,New Delhi,24.49,2024-09-10,1970-01-01,,2024-09,2024,9,https://www.ipoplatform.com/ipo/spp-polymers-ipo/2920
2919,SME,Share Samadhan Limited,Banking and Finance - FinTech,Narnolia Financial Services Limited,New Delhi,24.06,2024-09-09,1970-01-01,,2024-09,2024,9,https://www.ipoplatform.com/ipo/share-samadhan-ipo/2919
2918,SME,Aditya Ultra Steel Limited,Steel,Swastika Investmart Limited,Ahmedabad,45.88,2024-09-09,1970-01-01,,2024-09,2024,9,https://www.ipoplatform.com/ipo/aditya-ultra-steel-ipo/2918
2917,SME,Gajanand International Limited,Agro - Plantation,Fast Track Finsec Private Limited,Rajkot,20.65,2024-09-09,1970-01-01,,2024-09,2024,9,https://www.ipoplatform.com/ipo/gajanand-international-ipo/2917
2916,SME,Shubhshree Biofuels Energy,Recycling,Hem Securities Limited,Jaipur,16.56,2024-09-09,1970-01-01,,2024-09,2024,9,https://www.ipoplatform.com/ipo/shubhshree-biofuels-energy-ipo/2916
2914,SME,Vision Infra Equipment Solutions Limited,Infrastructure,Hem Securities Limited,Pune,106.21,2024-09-06,1970-01-01,,2024-09,2024,9,https://www.ipoplatform.com/ipo/vision-infra-equipment-solutions-ipo/2914
2913,SME,My Mudra Fincorp Limited,Banking and Finance - FinTech,Hem Securities Limited,New Delhi,33.26,2024-09-05,1970-01-01,,2024-09,2024,9,https://www.ipoplatform.com/ipo/my-mudra-fincorp-ipo/2913
2911,SME,Mach Conferences and Events Limited,Advertising and Media - Events,Beeline Capital Advisors Private Limited,New Delhi,125.28,2024-09-04,1970-01-01,,2024-09,2024,9,https://www.ipoplatform.com/ipo/mach-conferences-and-events-ipo/2911
2910,SME,Namo eWaste Management Limited,ESG - Waste,Hem Securities Limited,New Delhi,51.2,2024-09-04,1970-01-01,,2024-09,2024,9,https://www.ipoplatform.com/ipo/namo-ewaste-management-ipo/2910
2909,SME,Naturewings Holidays Limited,Travel and Tourism,Fedex Securities Private Limited,Kolkata,7.03,2024-09-03,1970-01-01,,2024-09,2024,9,https://www.ipoplatform.com/ipo/naturewings-holidays-ipo/2909
2908,SME,Jeyyam Global Foods Limited,Agro,Corpwis Advisors Private Limited,Chennai,81.94,2024-09-02,1970-01-01,,2024-09,2024,9,https://www.ipoplatform.com/ipo/jeyyam-global-foods-ipo/2908
2954,Main Board,Ceigall India Limited,Infrastructure,ICICI Securities Limited ICICI Securities Limited and IIFL Securities Limited and Jm Financial Limited +,Ludhiana,1252.66,2024-08-01,1970-01-01,,2024-08,2024,8,https://www.ipoplatform.com/ipo/ceigall-india-ipo/2954
2953,Main Board,Ola Electric Mobility Limited,Automobile,Axis Capital Limited Axis Capital Limited and Bob Capital Markets Limited and Bofa Securities India Limited and ICICI Securities Limited and Kotak Mahindra Capital Company Limited and SBI Capital Markets Limited +,Bengaluru,6145.56,2024-08-02,1970-01-01,,2024-08,2024,8,https://www.ipoplatform.com/ipo/ola-electric-ipo/2953
2952,Main Board,Brainbees Solutions Limited,Textiles,Bofa Securities India Limited Bofa Securities India Limited and Jm Financial Limited and Kotak Mahindra Capital Company Limited and Morgan Stanley India Company Private Limited +,Pune,4193.73,2024-08-06,1970-01-01,,2024-08,2024,8,https://www.ipoplatform.com/ipo/brainbees-solutions-firstcry-ipo/2952
2951,Main Board,Unicommerce eSolutions Limited,Information Technology - SaaS,Clsa India Private Limited Clsa India Private Limited and IIFL Securities Limited +,New Delhi,276.57,2024-08-06,1970-01-01,,2024-08,2024,8,https://www.ipoplatform.com/ipo/unicommerce-esolutions-ipo/2951
2950,Main Board,Saraswati Saree Depot Limited,Textiles,Unistone Capital Private Limited,Kolhapur,160.01,2024-08-12,1970-01-01,,2024-08,2024,8,https://www.ipoplatform.com/ipo/saraswati-saree-depot-ipo/2950
2949,Main Board,Interarch Building Products Limited,Steel,Ambit Private Limited Ambit Private Limited and Axis Capital Limited +,New Delhi,600.29,2024-08-19,1970-01-01,,2024-08,2024,8,https://www.ipoplatform.com/ipo/interarch-building-products-ipo/2949
2948,Main Board,Orient Technologies Limited,Information Technology,Elara Capital (India) Private Limited,Mumbai,214.76,2024-08-21,1970-01-01,,2024-08,2024,8,https://www.ipoplatform.com/ipo/orient-technologies-ipo/2948
2947,Main Board,Premier Energies Limited,Solar - Panels,ICICI Securities Limited ICICI Securities Limited and J.P. Morgan India Private Limited and Kotak Mahindra Capital Company Limited +,Hyderabad,2830.4,2024-08-27,1970-01-01,,2024-08,2024,8,https://www.ipoplatform.com/ipo/premier-energies-ipo/2947
2946,Main Board,ECOS (India) Mobility & Hospitality Limited,Corporate Solutions,Equirus Capital Private Limited Equirus Capital Private Limited and IIFL Securities Limited +,New Delhi,601.2,2024-08-28,1970-01-01,,2024-08,2024,8,https://www.ipoplatform.com/ipo/eco-mobility-ipo/2946
2945,Main Board,Baazar Style Retail Limited,Textiles,Intensive Fiscal Services Private Limited Intensive Fiscal Services Private Limited and Axis Capital Limited and Jm Financial Limited +,Kolkata,834.68,2024-08-30,1970-01-01,,2024-08,2024,8,https://www.ipoplatform.com/ipo/baazar-style-retail-ipo/2945
2915,SME,Dhariwalcorp Limited,Chemical,Shreni Shares Limited,Jodhpur,25.15,2024-08-01,1970-01-01,,2024-08,2024,8,https://www.ipoplatform.com/ipo/dhariwalcorp-ipo/2915
2907,SME,Boss Packaging Solutions Limited,Packaging & Disposables,Fedex Securities Private Limited,Ahmedabad,8.41,2024-08-30,1970-01-01,,2024-08,2024,8,https://www.ipoplatform.com/ipo/boss-packaging-solutions-ipo/2907
2906,SME,Travels & Rentals Limited,Travel and Tourism,Finshore Management Services Limited,Kolkata,12.24,2024-08-29,1970-01-01,,2024-08,2024,8,https://www.ipoplatform.com/ipo/travels-rentals-ipo/2906
2905,SME,Aeron Composite Limited,Plastic and Polymer,Hem Securities Limited,Ahmedabad,56.1,2024-08-28,1970-01-01,,2024-08,2024,8,https://www.ipoplatform.com/ipo/aeron-composite-ipo/2905
2904,SME,Paramatrix Technologies Limited,Information Technology  - Data Solutions,Inventure Merchant Banker Services Private Limited,Mumbai,33.84,2024-08-27,1970-01-01,,2024-08,2024,8,https://www.ipoplatform.com/ipo/paramatrix-technologies-ipo/2904
2903,SME,Vdeal System Limited,Information Technology,Affinity Global Capital Market Private Limited,Orissa,18.08,2024-08-27,1970-01-01,,2024-08,2024,8,https://www.ipoplatform.com/ipo/vdeal-system-ipo/2903
2902,SME,Indian Phosphate Limited,Chemical,Beeline Capital Advisors Private Limited,Udaipur,67.36,2024-08-26,1970-01-01,,2024-08,2024,8,https://www.ipoplatform.com/ipo/indian-phosphate-ipo/2902
2901,SME,Jay Bee Laminations Limited,Steel,Swaraj Shares and Securities Private Limited,New Delhi,88.96,2024-08-27,1970-01-01,,2024-08,2024,8,https://www.ipoplatform.com/ipo/jay-bee-laminations-ipo/2901
2900,SME,Rapid Multimodal Logistics Limited,Logistics,Gretex Corporate Services Limited,Chennai,8.49,2024-08-22,1970-01-01,,2024-08,2024,8,https://www.ipoplatform.com/ipo/rapid-multimodal-logistics-ipo/2900
2899,SME,Resourceful Automobile Limited,Automobile,Swastika Investmart Limited,New Delhi,11.99,2024-08-22,1970-01-01,,2024-08,2024,8,https://www.ipoplatform.com/ipo/resourceful-automobile-ipo/2899
2898,SME,QVC Exports Limited,Metal,Khandwala Securities Limited,Kolkata,24.07,2024-08-21,1970-01-01,,2024-08,2024,8,https://www.ipoplatform.com/ipo/qvc-exports-ipo/2898
2897,SME,Ideal Technoplast Industries,Packaging & Disposables,Swastika Investmart Limited,Surat,16.03,2024-08-21,1970-01-01,,2024-08,2024,8,https://www.ipoplatform.com/ipo/ideal-technoplast-industries-ipo/2897
2896,SME,Forcas Studio Limited,Textiles,Horizon Management Private Limited,Kolkata,37.44,2024-08-19,1970-01-01,,2024-08,2024,8,https://www.ipoplatform.com/ipo/forcas-studio-ipo/2896
2895,SME,Brace Port Logistics Limited,Logistics,Holani Consultants Private Limited,New Delhi,24.41,2024-08-19,1970-01-01,,2024-08,2024,8,https://www.ipoplatform.com/ipo/brace-port-logistics-ipo/2895
2894,SME,Solve Plastic Products,Plastic and Polymer,Finshore Management Services Limited,Kollam,11.85,2024-08-13,1970-01-01,,2024-08,2024,8,https://www.ipoplatform.com/ipo/solve-plastic-products-ipo/2894
2893,SME,Broach Lifecare Hospital,Healthcare - Hospitals and Clinic,Fedex Securities Private Limited,Bharuch,4.02,2024-08-13,1970-01-01,,2024-08,2024,8,https://www.ipoplatform.com/ipo/broach-lifecare-hospital-ipo/2893
2892,SME,Sunlite Recycling Industries Limited,Cables and Wires,Hem Securities Limited,Ahmedabad,30.24,2024-08-12,1970-01-01,,2024-08,2024,8,https://www.ipoplatform.com/ipo/sunlite-recycling-industries-ipo/2892
2891,SME,Positron Energy Limited,Oil and Gas,Beeline Capital Advisors Private Limited,Gandhinagar,51.21,2024-08-12,1970-01-01,,2024-08,2024,8,https://www.ipoplatform.com/ipo/positron-energy-ipo/2891
2890,SME,Aesthetik Engineers Limited,Engineering,Narnolia Financial Services Limited,Kolkata,26.47,2024-08-08,1970-01-01,,2024-08,2024,8,https://www.ipoplatform.com/ipo/aesthetik-engineers-ipo/2890
2888,SME,Picture Post Studios Limited,Film and Animation - VFX,Shreni Shares Limited,Mumbai,18.72,2024-08-02,1970-01-01,,2024-08,2024,8,https://www.ipoplatform.com/ipo/picture-post-studios-ipo/2888
2887,SME,Afcom Holdings Limited,Logistics,GYR Capital Advisors Private Limited,Chennai,73.83,2024-08-02,1970-01-01,,2024-08,2024,8,https://www.ipoplatform.com/ipo/afcom-holdings-ipo/2887
2958,Main Board,Emcure Pharmaceuticals Limited,Pharmaceutical,Axis Capital Limited Axis Capital Limited and J.P. Morgan India Private Limited and Jefferies India Private Limited and Kotak Mahindra Capital Company Limited +,Pune,1952.03,2024-07-03,1970-01-01,,2024-07,2024,7,https://www.ipoplatform.com/ipo/emcure-pharma-ipo/2958
2957,Main Board,Bansal Wire Industries Limited,Metal,Dam Capital Advisors Limited (Formerly Idfc Securities Limited) Dam Capital Advisors Limited (Formerly Idfc Securities Limited) and SBI Capital Markets Limited +,New Delhi,745.0,2024-07-03,1970-01-01,,2024-07,2024,7,https://www.ipoplatform.com/ipo/bansal-wire-ipo/2957
2956,Main Board,Sanstar Limited,Agro,Pantomath Capital Advisors Private Limited,Ahmedabad,510.15,2024-07-19,1970-01-01,,2024-07,2024,7,https://www.ipoplatform.com/ipo/sanstar-ipo/2956
2955,Main Board,Akums Drugs and Pharmaceuticals Limited,Pharmaceutical,Ambit Private Limited Ambit Private Limited and Axis Bank Limited and Citigroup Global Markets India Private Limited and ICICI Securities Limited +,New Delhi,1856.74,2024-07-30,1970-01-01,,2024-07,2024,7,https://www.ipoplatform.com/ipo/akums-drugs-and-pharmaceuticals-ipo/2955
2889,SME,Utssav Cz Gold Jewels Limited,Jewellery,Choice Capital Advisors Private Limited,Mumbai,69.5,2024-07-31,1970-01-01,,2024-07,2024,7,https://www.ipoplatform.com/ipo/utssav-cz-gold-jewels-ipo/2889
2886,SME,Sathlokhar Synergys E&C Global Limited,Engineering - EPC,GYR Capital Advisors Private Limited,Chennai,92.93,2024-07-30,1970-01-01,,2024-07,2024,7,https://www.ipoplatform.com/ipo/sathlokhar-synergys-e-c-global-ipo/2886
2885,SME,Kizi Apparels Limited,Textiles,Interactive Financial Services Limited,Jaipur,5.58,2024-07-30,1970-01-01,,2024-07,2024,7,https://www.ipoplatform.com/ipo/kizi-apparels-ipo/2885
2884,SME,Bulkcorp International Limited,Packaging & Disposables,Swastika Investmart Limited,Ahmedabad,20.78,2024-07-30,1970-01-01,,2024-07,2024,7,https://www.ipoplatform.com/ipo/bulkcorp-ipo/2884
2883,SME,Ashapura Logistics Limited,Logistics,Beeline Capital Advisors Private Limited,Ahmedabad,52.66,2024-07-30,1970-01-01,,2024-07,2024,7,https://www.ipoplatform.com/ipo/ashapura-logistics-ipo/2883
2882,SME,Rajputana Industries Limited,Metal,Holani Consultants Private Limited,Jaipur,23.88,2024-07-30,1970-01-01,,2024-07,2024,7,https://www.ipoplatform.com/ipo/rajputana-industries-ipo/2882
2881,SME,SA Tech Software India Limited,Information Technology  - Data Solutions,GYR Capital Advisors Private Limited,Pune,23.01,2024-07-26,1970-01-01,,2024-07,2024,7,https://www.ipoplatform.com/ipo/s-a-tech-software-india-ipo/2881
2880,SME,Esprit Stones Limited,"Ceramic and Stone - Marble, Tiles and Granite",Srujan Alpha Capital Advisors Llp Srujan Alpha Capital Advisors Llp and Choice Capital Advisors Private Limited +,Udaipur,50.42,2024-07-26,1970-01-01,,2024-07,2024,7,https://www.ipoplatform.com/ipo/esprit-stones-ipo/2880
2879,SME,Clinitech Laboratory Limited,Healthcare,Inventure Merchant Banker Services Private Limited,Mumbai,5.78,2024-07-25,1970-01-01,,2024-07,2024,7,https://www.ipoplatform.com/ipo/clinitech-laboratory-ipo/2879
2878,SME,Aprameya Engineering Limited,Healthcare,Hem Securities Limited,Ahmedabad,29.23,2024-07-25,1970-01-01,,2024-07,2024,7,https://www.ipoplatform.com/ipo/aprameya-engineering-ipo/2878
2877,SME,Trom Industries Limited,Solar,Expert Global Consultants Private Limited,Gandhinagar,31.37,2024-07-25,1970-01-01,,2024-07,2024,7,https://www.ipoplatform.com/ipo/trom-industries-ipo/2877
2876,SME,Manglam Infra and Engineering Limited,Infrastructure,Unistone Capital Private Limited,Bhopal,27.62,2024-07-24,1970-01-01,,2024-07,2024,7,https://www.ipoplatform.com/ipo/manglam-infra-and-engineering-ipo/2876
2875,SME,Chetana Education Limited,Education,Hem Securities Limited,Mumbai,45.9,2024-07-24,1970-01-01,,2024-07,2024,7,https://www.ipoplatform.com/ipo/chetana-education-ipo/2875
2874,SME,V.L.Infraprojects Limited,Infrastructure,Beeline Capital Advisors Private Limited,Ahmedabad,18.52,2024-07-23,1970-01-01,,2024-07,2024,7,https://www.ipoplatform.com/ipo/v-l-infraprojects-ipo/2874
2873,SME,VVIP Infratech Limited,Infrastructure,Share India Capital Services Private Limited,New Delhi,61.21,2024-07-23,1970-01-01,,2024-07,2024,7,https://www.ipoplatform.com/ipo/vvip-infratech-ipo/2873
2872,SME,RNFI Services Limited,Banking and Finance - FinTech,Choice Capital Advisors Private Limited,New Delhi,70.81,2024-07-22,1970-01-01,,2024-07,2024,7,https://www.ipoplatform.com/ipo/rnfi-services-ipo/2872
2871,SME,SAR Televenture Limited (FPO),Telecom,Pantomath Capital Advisors Private Limited,New Delhi,150.0,2024-07-22,1970-01-01,,2024-07,2024,7,https://www.ipoplatform.com/ipo/sar-televenture-fpo/2871
2870,SME,Kataria Industries Limited,Cables and Wires,Interactive Financial Services Limited,Vadodara,54.58,2024-07-16,1970-01-01,,2024-07,2024,7,https://www.ipoplatform.com/ipo/kataria-industries-ipo/2870
2869,SME,Macobs Technologies Limited,Healthcare - Personal Care,SKI Capital Services Limited,Jaipur,19.46,2024-07-16,1970-01-01,,2024-07,2024,7,https://www.ipoplatform.com/ipo/macobs-technologies-ipo/2869
2868,SME,Tunwal E-Motors Limited,Engineering - Automotive,Horizon Management Private Limited,Pune,115.64,2024-07-15,1970-01-01,,2024-07,2024,7,https://www.ipoplatform.com/ipo/tunwal-e-motors-ipo/2868
2867,SME,Prizor Viztech Limited,Electric Equipments,Shreni Shares Limited,Ahmedabad,25.15,2024-07-12,1970-01-01,,2024-07,2024,7,https://www.ipoplatform.com/ipo/prizor-viztech-ipo/2867
2866,SME,Three M Paper Boards Limited,Packaging & Disposables,Comfort Securities Private Limited,Mumbai,39.83,2024-07-12,1970-01-01,,2024-07,2024,7,https://www.ipoplatform.com/ipo/three-m-paper-boards-ipo/2866
2865,SME,Sati Poly Plast Limited,Packaging & Disposables,Beeline Capital Advisors Private Limited,Bhagalpur,17.36,2024-07-12,1970-01-01,,2024-07,2024,7,https://www.ipoplatform.com/ipo/sati-poly-plast-ipo/2865
2864,SME,Aelea Commodities Limited,Agro,Ekadrisht Capital Private Limited,Mumbai,51.0,2024-07-12,1970-01-01,,2024-07,2024,7,https://www.ipoplatform.com/ipo/aelea-commodities-ipo/2864
2863,SME,Sahaj Solar Limited,Solar,kunvarji finstock private limited,Ahmedabad,52.56,2024-07-11,1970-01-01,,2024-07,2024,7,https://www.ipoplatform.com/ipo/sahaj-solar-ipo/2863
2862,SME,Effwa Infra & Research Limited,Engineering - EPC,Shreni Shares Limited,Mumbai,51.27,2024-07-05,1970-01-01,,2024-07,2024,7,https://www.ipoplatform.com/ipo/effwa-infra-and-research-ipo/2862
2861,SME,Ganesh Green Bharat Limited,Electric Equipments,Hem Securities Limited,Ahmedabad,125.23,2024-07-05,1970-01-01,,2024-07,2024,7,https://www.ipoplatform.com/ipo/ganesh-green-bharat-ipo/2861
2860,SME,Ambey Laboratories Limited,Chemical - Pesticides,Fast Track Finsec Private Limited,New Delhi,44.68,2024-07-04,1970-01-01,,2024-07,2024,7,https://www.ipoplatform.com/ipo/ambey-laboratories-ipo/2860
2965,Main Board,Kronox Lab Sciences Limited,Chemical - Speciality,Pantomath Capital Advisors Private Limited,Vadodara,130.15,2024-06-03,1970-01-01,,2024-06,2024,6,https://www.ipoplatform.com/ipo/kronox-lab-sciences-ipo/2965
2964,Main Board,Le Travenues Technology Limited,Online Service Provider,Axis Capital Limited Axis Capital Limited and Dam Capital Advisors Limited (Formerly Idfc Securities Limited) and Jm Financial Limited +,New Delhi,740.1,2024-06-10,1970-01-01,,2024-06,2024,6,https://www.ipoplatform.com/ipo/ixigo-ipo/2964
2962,Main Board,DEE Development Engineers Limited,Engineering - EPC,Equirus Capital Private Limited Equirus Capital Private Limited and SBI Capital Markets Limited +,Faridabad,418.01,2024-06-19,1970-01-01,,2024-06,2024,6,https://www.ipoplatform.com/ipo/dee-piping-systems-ipo/2962
2961,Main Board,Stanley Lifestyles Limited,Furniture,Axis Capital Limited Axis Capital Limited and ICICI Securities Limited and Jm Financial Limited and SBI Capital Markets Limited +,Bengaluru,537.02,2024-06-21,1970-01-01,,2024-06,2024,6,https://www.ipoplatform.com/ipo/stanley-lifestyles-ipo/2961
2960,Main Board,Allied Blenders and Distillers Limited,Liquor and Distilleries,ICICI Securities Limited ICICI Securities Limited and Iti Capital Limited and Nuvama Wealth Management Limited +,Mumbai,1500.0,2024-06-25,1970-01-01,,2024-06,2024,6,https://www.ipoplatform.com/ipo/allied-blenders-ipo/2960
2959,Main Board,Vraj Iron and Steel Limited,Steel - Iron,Aryaman Financial Services Limited,Raipur,171.0,2024-06-26,1970-01-01,,2024-06,2024,6,https://www.ipoplatform.com/ipo/vraj-iron-and-steel-ipo/2959
2859,SME,Nephro Care India Limited,Healthcare - Hospitals and Clinic,Corporate Capital Ventures Private Limited,Kolkata,41.26,2024-06-28,1970-01-01,,2024-06,2024,6,https://www.ipoplatform.com/ipo/nephro-care-india-ipo/2859
2858,SME,Diensten Tech Limited,Information Technology  - Data Solutions,Corporate Professionals Capital Private Limited,New Delhi,22.08,2024-06-26,1970-01-01,,2024-06,2024,6,https://www.ipoplatform.com/ipo/diensten-tech-ipo/2858
2857,SME,Divine Power Energy Limited,Cables and Wires,Khambatta Securities Limited,New Delhi,22.76,2024-06-25,1970-01-01,,2024-06,2024,6,https://www.ipoplatform.com/ipo/divine-power-ipo/2857
2856,SME,Petro Carbon and Chemicals Limited,Chemical,GYR Capital Advisors Private Limited,Kolkata,113.16,2024-06-25,1970-01-01,,2024-06,2024,6,https://www.ipoplatform.com/ipo/petro-carbon-and-chemicals-ipo/2856
2855,SME,Akiko Global Services Limited,Banking and Finance,Fast Track Finsec Private Limited,New Delhi,23.11,2024-06-25,1970-01-01,,2024-06,2024,6,https://www.ipoplatform.com/ipo/the-money-fair-ipo/2855
2854,SME,Sylvan Plyboard (India) Limited,Furniture,Finshore Management Services Limited,Kolkata,28.05,2024-06-24,1970-01-01,,2024-06,2024,6,https://www.ipoplatform.com/ipo/sylvan-plyboard-ipo/2854
2853,SME,Mason Infratech Limited,Infrastructure,Expert Global Consultants Private Limited,Mumbai,30.46,2024-06-24,1970-01-01,,2024-06,2024,6,https://www.ipoplatform.com/ipo/mason-infratech-ipo/2853
2852,SME,Shivalic Power Control Limited,Power and Energy,Corporate Capital Ventures Private Limited,Faridabad,64.32,2024-06-24,1970-01-01,,2024-06,2024,6,https://www.ipoplatform.com/ipo/shivalic-power-control-ipo/2852
2851,SME,Visaman Global Sales Limited,Metal,Shreni Shares Limited,Rajkot,16.05,2024-06-24,1970-01-01,,2024-06,2024,6,https://www.ipoplatform.com/ipo/visaman-global-sales-ipo/2851
2850,SME,Medicamen Organics Limited,Pharmaceutical,GYR Capital Advisors Private Limited,New Delhi,10.54,2024-06-21,1970-01-01,,2024-06,2024,6,https://www.ipoplatform.com/ipo/medicamen-organics-ipo/2850
2849,SME,Winny Immigration and Education Services Limited,Travel and Tourism,Interactive Financial Services Limited,Ahmedabad,9.13,2024-06-20,1970-01-01,,2024-06,2024,6,https://www.ipoplatform.com/ipo/winny-immigration-ipo/2849
2848,SME,Dindigul Farm Product Limited,Agro,Beeline Capital Advisors Private Limited,Dindigul,34.83,2024-06-20,1970-01-01,,2024-06,2024,6,https://www.ipoplatform.com/ipo/ennutrica-ipo/2848
2847,SME,Durlax Top Surface Limited,Furniture,Expert Global Consultants Private Limited,Mumbai,40.8,2024-06-19,1970-01-01,,2024-06,2024,6,https://www.ipoplatform.com/ipo/durlax-top-surface-ipo/2847
2846,SME,Falcon Technoprojects India Limited,Infrastructure,kunvarji finstock private limited,Mumbai,13.69,2024-06-19,1970-01-01,,2024-06,2024,6,https://www.ipoplatform.com/ipo/falcon-technoprojects-india-ipo/2846
2845,SME,GEM Enviro Management Limited,ESG - Waste,Share India Capital Services Private Limited,New Delhi,44.93,2024-06-19,1970-01-01,,2024-06,2024,6,https://www.ipoplatform.com/ipo/gem-enviro-ipo/2845
2844,SME,United Cotfab Limited,Textiles,Beeline Capital Advisors Private Limited,Ahmedabad,36.29,2024-06-13,1970-01-01,,2024-06,2024,6,https://www.ipoplatform.com/ipo/united-cotfab-ipo/2844
2843,SME,GP Eco Solutions India Limited,Solar,Corporate Capital Ventures Private Limited,New Delhi,30.79,2024-06-14,1970-01-01,,2024-06,2024,6,https://www.ipoplatform.com/ipo/gpes-solar-ipo/2843
2839,SME,3C IT Solutions & Telecoms (India) Limited,Information Technology,Kreo Capital Private Limited,Pune,11.44,2024-06-04,1970-01-01,,2024-06,2024,6,https://www.ipoplatform.com/ipo/3c-it-ipo/2839
2970,Main Board,Indegene Limited,Pharmaceutical,Citigroup Global Markets India Private Limited Citigroup Global Markets India Private Limited and J.P. Morgan India Private Limited and Kotak Mahindra Capital Company Limited and Nomura Financial Advisory And Securities (India) Private Limited +,Bengaluru,1841.76,2024-05-06,1970-01-01,,2024-05,2024,5,https://www.ipoplatform.com/ipo/indegene-ipo/2970
2969,Main Board,TBO Tek Limited,Travel and Tourism,Axis Capital Limited Axis Capital Limited and Goldman Sachs (India) Securities Private Limited and Jefferies India Private Limited and Jm Financial Limited +,New Delhi,1550.81,2024-05-08,1970-01-01,,2024-05,2024,5,https://www.ipoplatform.com/ipo/tbo-tek-ipo/2969
2968,Main Board,Aadhar Housing Finance Limited,Banking and Finance,Citigroup Global Markets India Private Limited Citigroup Global Markets India Private Limited and ICICI Securities Limited and Kotak Mahindra Capital Company Limited and Nomura Financial Advisory And Securities (India) Private Limited +,Bengaluru,3000.0,2024-05-08,1970-01-01,,2024-05,2024,5,https://www.ipoplatform.com/ipo/aadhar-housing-finance-ipo/2968
2967,Main Board,Go Digit General Insurance Limited,Insurance,Axis Capital Limited Axis Capital Limited and Hdfc Bank Limited and ICICI Securities Limited and Morgan Stanley India Company Private Limited +,Pune,2614.65,2024-05-15,1970-01-01,,2024-05,2024,5,https://www.ipoplatform.com/ipo/go-digit-general-insurance-ipo/2967
2966,Main Board,Awfis Space Solutions Limited,Corporate Solutions,Axis Capital Limited Axis Capital Limited and Emkay Global Financial Services Limited and ICICI Securities Limited and IIFL Securities Limited +,New Delhi,598.93,2024-05-22,1970-01-01,,2024-05,2024,5,https://www.ipoplatform.com/ipo/awfis-space-solutions-ipo/2966
2837,SME,TBI Corn Limited,Agro,Swastika Investmart Limited Swastika Investmart Limited and Ekadrisht Capital Private Limited +,Sangli,44.94,2024-05-31,1970-01-01,,2024-05,2024,5,https://www.ipoplatform.com/ipo/tbi-corn-ipo/2837
2836,SME,Associated Coaters Limited,Real Estate,Gretex Corporate Services Limited,Kolkata,5.11,2024-05-30,1970-01-01,,2024-05,2024,5,https://www.ipoplatform.com/ipo/associated-coaters-ipo/2836
2835,SME,Aimtron Electronics Limited,Electric Equipments,Hem Securities Limited,Vadodara,87.02,2024-05-30,1970-01-01,,2024-05,2024,5,https://www.ipoplatform.com/ipo/aimtron-electronics-ipo/2835
2834,SME,Ztech India Limited,Engineering,Narnolia Financial Services Limited,New Delhi,37.3,2024-05-29,1970-01-01,,2024-05,2024,5,https://www.ipoplatform.com/ipo/ztech-india-ipo/2834
2833,SME,Beacon Trusteeship Limited,Banking and Finance,Beeline Capital Advisors Private Limited,Mumbai,32.52,2024-05-28,1970-01-01,,2024-05,2024,5,https://www.ipoplatform.com/ipo/beacon-trusteeship-ipo/2833
2832,SME,Vilas Transcore Limited,Engineering,Hem Securities Limited,Vadodara,95.26,2024-05-27,1970-01-01,,2024-05,2024,5,https://www.ipoplatform.com/ipo/vilas-transcore-ipo/2832
2831,SME,GSM Foils Limited,Packaging & Disposables,Shreni Shares Limited,Mumbai,11.01,2024-05-24,1970-01-01,,2024-05,2024,5,https://www.ipoplatform.com/ipo/gsm-foils-ipo/2831
2830,SME,HOAC Foods India Limited,Agro - Food Products,GYR Capital Advisors Private Limited,New Delhi,5.54,2024-05-16,1970-01-01,,2024-05,2024,5,https://www.ipoplatform.com/ipo/hariom-atta-spices-ipo/2830
2829,SME,Rulka Electricals Limited,Engineering - EPC,Beeline Capital Advisors Private Limited,Mumbai,26.4,2024-05-16,1970-01-01,,2024-05,2024,5,https://www.ipoplatform.com/ipo/rulka-electricals-ipo/2829
2828,SME,Quest Laboratories Limited,Pharmaceutical,Shreni Shares Limited,Dhar,43.16,2024-05-13,1970-01-01,,2024-05,2024,5,https://www.ipoplatform.com/ipo/quest-laboratories-ipo/2828
2827,SME,Indian Emulsifier Limited,Chemical - Speciality,Ekadrisht Capital Private Limited,Mumbai,42.39,2024-05-13,1970-01-01,,2024-05,2024,5,https://www.ipoplatform.com/ipo/indian-emulsifier-ipo/2827
2826,SME,Mandeep Auto Industries Limited,Engineering - Automotive,Jawa Capital Services Private Limited,Faridabad,25.25,2024-05-13,1970-01-01,,2024-05,2024,5,https://www.ipoplatform.com/ipo/mandeep-auto-industries-ipo/2826
2825,SME,Veritaas Advertising Limited,Corporate Solutions,Horizon Management Private Limited,Kolkata,8.48,2024-05-13,1970-01-01,,2024-05,2024,5,https://www.ipoplatform.com/ipo/veritaas-advertising-ipo/2825
2824,SME,ABS Marine Services Limited,Logistics,GYR Capital Advisors Private Limited,Chennai,96.29,2024-05-10,1970-01-01,,2024-05,2024,5,https://www.ipoplatform.com/ipo/abs-marine-services-ipo/2824
2823,SME,Premier Roadlines Limited,Logistics,Hem Securities Limited,New Delhi,40.36,2024-05-10,1970-01-01,,2024-05,2024,5,https://www.ipoplatform.com/ipo/premier-roadlines-ipo/2823
2822,SME,Aztec Fluids & Machinery Limited,Corporate Solutions,Hem Securities Limited,Ahmedabad,24.12,2024-05-10,1970-01-01,,2024-05,2024,5,https://www.ipoplatform.com/ipo/aztec-fluids-machinery-ipo/2822
2821,SME,Piotex Industries Limited,Textiles - Fabrics,Beeline Capital Advisors Private Limited,Pune,14.47,2024-05-10,1970-01-01,,2024-05,2024,5,https://www.ipoplatform.com/ipo/piotex-industries-ipo/2821
2820,SME,Energy-Mission Machineries (India) Limited,Engineering,Hem Securities Limited,Ahmedabad,41.15,2024-05-09,1970-01-01,,2024-05,2024,5,https://www.ipoplatform.com/ipo/energy-mission-machineries-ipo/2820
2819,SME,Silkflex Polymers (India) Limited,Textiles,Shreni Shares Limited,Kolkata,18.11,2024-05-07,1970-01-01,,2024-05,2024,5,https://www.ipoplatform.com/ipo/silkflex-polymers-ipo/2819
2818,SME,TGIF Agribusiness Limited,Agro,Hem Securities Limited,Ahmedabad,6.39,2024-05-08,1970-01-01,,2024-05,2024,5,https://www.ipoplatform.com/ipo/tgif-agribusiness-ipo/2818
2817,SME,Winsol Engineers Limited,Power and Energy,Beeline Capital Advisors Private Limited,Jamnagar,23.36,2024-05-06,1970-01-01,,2024-05,2024,5,https://www.ipoplatform.com/ipo/winsol-engineers-ipo/2817
2816,SME,Refractory Shapes Limited,Ceramic and Stone,Shreni Shares Limited,Mumbai,18.6,2024-05-06,1970-01-01,,2024-05,2024,5,https://www.ipoplatform.com/ipo/refractory-shapes-ipo/2816
2815,SME,Finelistings Technologies Limited,Information Technology  - Data Solutions,Fedex Securities Private Limited,New Delhi,13.53,2024-05-07,1970-01-01,,2024-05,2024,5,https://www.ipoplatform.com/ipo/finelistings-technologies-ipo/2815
2814,SME,Slone Infosystems Limited,Information Technology,Jawa Capital Services Private Limited,Mumbai,11.06,2024-05-03,1970-01-01,,2024-05,2024,5,https://www.ipoplatform.com/ipo/slone-infosystems-ipo/2814
2742,SME,SPS Finquest Limited,Banking and Finance,Monarch Networth Capital Limited,Mumbai,25.08,2024-05-21,1970-01-01,,2024-05,2024,5,https://www.ipoplatform.com/ipo/sps_finquest_ipo/2742
2741,SME,Dhanuka Commercial Limited,Banking and Finance,Aryaman Financial Services Limited,New Delhi,4.44,2024-05-22,1970-01-01,,2024-05,2024,5,https://www.ipoplatform.com/ipo/dhanuka_commercial_ipo/2741
2973,Main Board,Bharti Hexacom Limited,Telecom,Axis Capital Limited Axis Capital Limited and Bob Capital Markets Limited and ICICI Securities Limited and SBI Capital Markets Limited +,New Delhi,4275.0,2024-04-03,1970-01-01,,2024-04,2024,4,https://www.ipoplatform.com/ipo/bharti-hexacom-ipo/2973
2972,Main Board,Vodafone Idea Limited,Telecom,Axis Capital Limited Axis Capital Limited and Jefferies India Private Limited and SBI Capital Markets Limited +,Gandhinagar,18000.0,2024-04-18,1970-01-01,,2024-04,2024,4,https://www.ipoplatform.com/ipo/vi-fpo/2972
2971,Main Board,JNK India Limited,Engineering - Heavy Machinery,ICICI Securities Limited ICICI Securities Limited and IIFL Securities Limited +,Mumbai,649.47,2024-04-23,1970-01-01,,2024-04,2024,4,https://www.ipoplatform.com/ipo/jnk-india-ipo/2971
2812,SME,Sai Swami Metals & Alloys Limited,Steel,Swastika Investmart Limited,Ahmedabad,15.0,2024-04-30,1970-01-01,,2024-04,2024,4,https://www.ipoplatform.com/ipo/sai-swami-metals-and-alloys-ipo/2812
2811,SME,Storage Technologies and Automation Limited,Corporate Solutions,Oneview Corporate Advisors Private Limited (Formerly known as Guiness Corporate Advisors),Bengaluru,29.95,2024-04-30,1970-01-01,,2024-04,2024,4,https://www.ipoplatform.com/ipo/storage-technologies-automation-ipo/2811
2810,SME,Amkay Products Limited,Healthcare,Hem Securities Limited,Mumbai,12.61,2024-04-30,1970-01-01,,2024-04,2024,4,https://www.ipoplatform.com/ipo/amkay-products-ipo/2810
2809,SME,Varyaa Creations Limited,Jewellery,Inventure Merchant Banker Services Private Limited,Mumbai,20.1,2024-04-22,1970-01-01,,2024-04,2024,4,https://www.ipoplatform.com/ipo/varyaa-creations-ipo/2809
2808,SME,Emmforce Autotech Limited,Engineering - Automotive,Beeline Capital Advisors Private Limited,Panchkula,53.9,2024-04-23,1970-01-01,,2024-04,2024,4,https://www.ipoplatform.com/ipo/emmforce-autotech-ipo/2808
2807,SME,Shivam Chemicals Limited,Chemical,Aryaman Financial Services Limited,Mumbai,20.18,2024-04-23,1970-01-01,,2024-04,2024,4,https://www.ipoplatform.com/ipo/shivam-chemicals-ipo/2807
2806,SME,Faalcon Concepts Limited,Corporate Solutions,Navigant Corporate Advisors Limited,New Delhi,12.09,2024-04-19,1970-01-01,,2024-04,2024,4,https://www.ipoplatform.com/ipo/faalcon-concepts-ipo/2806
2805,SME,Ramdevbaba Solvent Limited,FMCG,Choice Capital Advisors Private Limited,Nagpur,50.27,2024-04-15,1970-01-01,,2024-04,2024,4,https://www.ipoplatform.com/ipo/ramdevbaba-solvent-ipo/2805
2478,SME,Grill Splendour Services Limited,Hotels and Resorts - QSR,Inventure Merchant Banker Services Private Limited,Mumbai,16.47,2024-04-15,1970-01-01,,2024-04,2024,4,https://www.ipoplatform.com/ipo/birdy-s-ipo/2478
2477,SME,Greenhitech Ventures Limited,Oil and Gas,Beeline Capital Advisors Private Limited,Varanasi,6.3,2024-04-12,1970-01-01,,2024-04,2024,4,https://www.ipoplatform.com/ipo/greenhitech-ventures-ipo/2477
2476,SME,Teerth Gopicon Limited,Engineering,Interactive Financial Services Limited,Ahmedabad,44.4,2024-04-08,1970-01-01,,2024-04,2024,4,https://www.ipoplatform.com/ipo/teerth-gopicon-ipo/2476
2475,SME,DCG Cables & Wires Limited,Cables and Wires,Interactive Financial Services Limited,Ahmedabad,49.99,2024-04-08,1970-01-01,,2024-04,2024,4,https://www.ipoplatform.com/ipo/dcg-cables-wires-ipo/2475
2980,Main Board,RK SWAMY Limited,Corporate Solutions,IIFL Securities Limited IIFL Securities Limited and Motilal Oswal Investment Advisors Limited and SBI Capital Markets Limited +,Chennai,423.56,2024-03-04,1970-01-01,,2024-03,2024,3,https://www.ipoplatform.com/ipo/r-k-swamy-ipo/2980
2978,Main Board,JG Chemicals Limited,Chemical,Keynote Financial Services Limited Keynote Financial Services Limited and Centrum Capital Limited and Emkay Global Financial Services Limited +,Kolkata,251.19,2024-03-05,1970-01-01,,2024-03,2024,3,https://www.ipoplatform.com/ipo/jg-chemicals-ipo/2978
2977,Main Board,Gopal Snacks Limited,FMCG - Snacks and Beverages,Intensive Fiscal Services Private Limited Intensive Fiscal Services Private Limited and Axis Capital Limited and Jm Financial Limited +,Rajkot,650.0,2024-03-06,1970-01-01,,2024-03,2024,3,https://www.ipoplatform.com/ipo/gopal-namkeen-ipo/2977
2976,Main Board,Popular Vehicles & Services Limited,Automobile,ICICI Securities Limited ICICI Securities Limited and Nuvama Wealth Management Limited +,Ernakulam,601.55,2024-03-12,1970-01-01,,2024-03,2024,3,https://www.ipoplatform.com/ipo/popular-vehicles-services-ipo/2976
2975,Main Board,Krystal Integrated Services Limited,Corporate Solutions,Inga Ventures Private Limited,Mumbai,300.13,2024-03-14,1970-01-01,,2024-03,2024,3,https://www.ipoplatform.com/ipo/krystal-integrated-services-ipo/2975
2974,Main Board,SRM Contractors Limited,Engineering - EPC,Interactive Financial Services Limited,Jammu,130.2,2024-03-26,1970-01-01,,2024-03,2024,3,https://www.ipoplatform.com/ipo/srm-contractors-ipo/2974
2842,SME,Vruddhi Engineering Works Limited,Engineering,Fedex Securities Private Limited,Mumbai,4.76,2024-03-26,1970-01-01,,2024-03,2024,3,https://www.ipoplatform.com/ipo/vruddhi-engineering-works-ipo/2842
2841,SME,Aspire & Innovative Advertising Limited,Electric Equipments,Hem Securities Limited,New Delhi,21.97,2024-03-26,1970-01-01,,2024-03,2024,3,https://www.ipoplatform.com/ipo/aspire-innovative-ipo/2841
2474,SME,Aluwind Architectural Limited,Aluminium,Corpwis Advisors Private Limited,Mumbai,29.7,2024-03-28,1970-01-01,,2024-03,2024,3,https://www.ipoplatform.com/ipo/aluwind-architectural-ipo/2474
2473,SME,Creative Graphics Solutions India Limited,Advertising and Media,Corporate Capital Ventures Private Limited,New Delhi,54.4,2024-03-28,1970-01-01,,2024-03,2024,3,https://www.ipoplatform.com/ipo/creative-graphics-solutions-india-ipo/2473
2472,SME,Yash Optics & Lens Limited,Healthcare,Shreni Shares Limited,Mumbai,53.15,2024-03-27,1970-01-01,,2024-03,2024,3,https://www.ipoplatform.com/ipo/yash-optics-lens-ipo/2472
2471,SME,K2 Infragen Limited,Engineering - EPC,Expert Global Consultants Private Limited,New Delhi,40.54,2024-03-28,1970-01-01,,2024-03,2024,3,https://www.ipoplatform.com/ipo/k2-infragen-ipo/2471
2470,SME,Jay Kailash Namkeen Limited,FMCG - Snacks and Beverages,Expert Global Consultants Private Limited,Rajkot,11.93,2024-03-28,1970-01-01,,2024-03,2024,3,https://www.ipoplatform.com/ipo/jay-kailash-namkeen-ipo/2470
2469,SME,TAC Infosec Limited,Information Technology - SaaS,Beeline Capital Advisors Private Limited,Mohali,29.99,2024-03-27,1970-01-01,,2024-03,2024,3,https://www.ipoplatform.com/ipo/tac-infosec-ipo/2469
2468,SME,Radiowalla Network Limited,Advertising and Media,Narnolia Financial Services Limited,Bengaluru,14.25,2024-03-27,1970-01-01,,2024-03,2024,3,https://www.ipoplatform.com/ipo/radiowalla-ipo/2468
2467,SME,Trust Fintech Limited,Banking and Finance - FinTech,Corporate Capital Ventures Private Limited,Nagpur,63.45,2024-03-26,1970-01-01,,2024-03,2024,3,https://www.ipoplatform.com/ipo/trust-fintech-ipo/2467
2466,SME,GConnect Logitech and Supply Chain Limited,Logistics,Fedex Securities Private Limited,Bhavnagar,5.6,2024-03-26,1970-01-01,,2024-03,2024,3,https://www.ipoplatform.com/ipo/gconnect-logitech-ipo/2466
2465,SME,Blue Pebble Limited,Corporate Solutions,Hem Securities Limited,Mumbai,18.14,2024-03-26,1970-01-01,,2024-03,2024,3,https://www.ipoplatform.com/ipo/blue-pebble-ipo/2465
2464,SME,Naman In-Store (India) Limited,Furniture,GYR Capital Advisors Private Limited,Mumbai,25.35,2024-03-22,1970-01-01,,2024-03,2024,3,https://www.ipoplatform.com/ipo/naman-in-store-india-ipo/2464
2463,SME,Vishwas Agri Seeds Limited,Agro - Plantation,Isk Advisors Private Limited,Ahmedabad,25.8,2024-03-21,1970-01-01,,2024-03,2024,3,https://www.ipoplatform.com/ipo/vishwas-agri-seeds-ipo/2463
2462,SME,Omfurn India Limited,Furniture,Gretex Corporate Services Limited,Mumbai,27.0,2024-03-20,1970-01-01,,2024-03,2024,3,https://www.ipoplatform.com/ipo/omfurn-india-fpo/2462
2461,SME,Chatha Foods Limited,FMCG - Snacks and Beverages,Indorient Financial Services Limited,Jalandhar,34.0,2024-03-19,1970-01-01,,2024-03,2024,3,https://www.ipoplatform.com/ipo/chatha-foods-ipo/2461
2460,SME,Enser Communications Limited,Corporate Solutions,Fast Track Finsec Private Limited,Mumbai,16.17,2024-03-15,1970-01-01,,2024-03,2024,3,https://www.ipoplatform.com/ipo/enser-communications-ipo/2460
2459,SME,KP Green Engineering Limited,Steel,Beeline Capital Advisors Private Limited,Surat,189.5,2024-03-15,1970-01-01,,2024-03,2024,3,https://www.ipoplatform.com/ipo/kp-green-engineering-ipo/2459
2458,SME,Enfuse Solutions Limited,Information Technology  - Data Solutions,Hem Securities Limited,Mumbai,22.44,2024-03-15,1970-01-01,,2024-03,2024,3,https://www.ipoplatform.com/ipo/enfuse-solutions-ipo/2458
2457,SME,AVP Infracon Limited,Engineering - EPC,Share India Capital Services Private Limited,Chennai,52.34,2024-03-13,1970-01-01,,2024-03,2024,3,https://www.ipoplatform.com/ipo/avp-infracon-ipo/2457
2456,SME,Signoria Creation Limited,Textiles,Holani Consultants Private Limited,Jaipur,9.28,2024-03-12,1970-01-01,,2024-03,2024,3,https://www.ipoplatform.com/ipo/signoria-creation-ipo/2456
2455,SME,Royal Sense Limited,Healthcare,Expert Global Consultants Private Limited,New Delhi,9.86,2024-03-12,1970-01-01,,2024-03,2024,3,https://www.ipoplatform.com/ipo/royal-sense-ipo/2455
2454,SME,Pratham EPC Projects Limited,Engineering - EPC,Beeline Capital Advisors Private Limited,Ahmedabad,36.0,2024-03-11,1970-01-01,,2024-03,2024,3,https://www.ipoplatform.com/ipo/pratham-epc-projects-ipo/2454
2453,SME,Pune E-Stock Broking Limited,Banking and Finance,Share India Capital Services Private Limited,Pune,38.23,2024-03-07,1970-01-01,,2024-03,2024,3,https://www.ipoplatform.com/ipo/pune-e-stock-broking-ipo/2453
2452,SME,Koura Fine Diamond Jewelry Limited,Jewellery,GYR Capital Advisors Private Limited,Ahmedabad,5.5,2024-03-06,1970-01-01,,2024-03,2024,3,https://www.ipoplatform.com/ipo/koura-fine-diamond-jewelry-ipo/2452
2451,SME,Shree Karni Fabcom Limited,Textiles - Fabrics,Horizon Management Private Limited,Surat,42.49,2024-03-06,1970-01-01,,2024-03,2024,3,https://www.ipoplatform.com/ipo/shree-karni-fabcom-ipo/2451
2450,SME,Sona Machinery Limited,Engineering,Hem Securities Limited,New Delhi,51.82,2024-03-05,1970-01-01,,2024-03,2024,3,https://www.ipoplatform.com/ipo/sona-machinery-ipo/2450
2449,SME,VR Infraspace Limited,Real Estate,Beeline Capital Advisors Private Limited,Vadodara,20.4,2024-03-04,1970-01-01,,2024-03,2024,3,https://www.ipoplatform.com/ipo/v-r-infraspace-ipo/2449
2991,Main Board,Apeejay Surrendra Park Hotels Limited,Hotels and Resorts,Axis Capital Limited Axis Capital Limited and ICICI Securities Limited and Jm Financial Limited +,kolkata,920.0,2024-02-05,1970-01-01,,2024-02,2024,2,https://www.ipoplatform.com/ipo/apeejay-surrendra-park-ipo/2991
2990,Main Board,Rashi Peripherals Limited,Information Technology  - Data Solutions,ICICI Securities Limited ICICI Securities Limited and Jm Financial Limited +,Mumbai,600.0,2024-02-07,1970-01-01,,2024-02,2024,2,https://www.ipoplatform.com/ipo/rashi-peripherals-ipo/2990
2989,Main Board,Jana Small Finance Bank Limited,Banking and Finance,Axis Capital Limited Axis Capital Limited and ICICI Securities Limited and SBI Capital Markets Limited +,Bengaluru,570.0,2024-02-07,1970-01-01,,2024-02,2024,2,https://www.ipoplatform.com/ipo/jana-sfb-ipo/2989
2988,Main Board,Capital Small Finance Bank Limited,Banking and Finance,Dam Capital Advisors Limited (Formerly Idfc Securities Limited) Dam Capital Advisors Limited (Formerly Idfc Securities Limited) and Equirus Capital Private Limited and Nuvama Wealth Management Limited +,Jalandhar,523.07,2024-02-07,1970-01-01,,2024-02,2024,2,https://www.ipoplatform.com/ipo/capital-sfb-ipo/2988
2987,Main Board,Entero Healthcare Solutions Limited,Healthcare,Dam Capital Advisors Limited (Formerly Idfc Securities Limited) Dam Capital Advisors Limited (Formerly Idfc Securities Limited) and ICICI Securities Limited and Jefferies India Private Limited and Jm Financial Limited +,New Delhi,1600.0,2024-02-09,1970-01-01,,2024-02,2024,2,https://www.ipoplatform.com/ipo/entero-healthcare-solutions-ipo/2987
2985,Main Board,Juniper Hotels Limited,Hotels and Resorts,Clsa India Private Limited Clsa India Private Limited and ICICI Securities Limited and Jm Financial Limited +,Mumbai,1800.0,2024-02-21,1970-01-01,,2024-02,2024,2,https://www.ipoplatform.com/ipo/juniper-hotels-ipo/2985
2984,Main Board,GPT Healthcare Limited,Healthcare,Jm Financial Limited,Kolkata,525.14,2024-02-22,1970-01-01,,2024-02,2024,2,https://www.ipoplatform.com/ipo/gpt-healthcare-ipo/2984
2983,Main Board,Exicom Tele-Systems Limited,Electric Equipments,Systematix Corporate Services Limited Systematix Corporate Services Limited and Monarch Networth Capital Limited and Unistone Capital Private Limited +,Solan,429.0,2024-02-27,1970-01-01,,2024-02,2024,2,https://www.ipoplatform.com/ipo/exicom-tele-systems-ipo/2983
2982,Main Board,Platinum Industries Limited,Chemical,Unistone Capital Private Limited,Mumbai,235.32,2024-02-27,1970-01-01,,2024-02,2024,2,https://www.ipoplatform.com/ipo/platinum-industries-ipo/2982
2981,Main Board,Mukka Proteins Limited,Agro,Fedex Securities Private Limited,Bengaluru,224.0,2024-02-29,1970-01-01,,2024-02,2024,2,https://www.ipoplatform.com/ipo/mukka-proteins-ipo/2981
2979,Main Board,Bharat Highways Infrastructure Investment Trust,Infrastructure,Axis Bank Limited Axis Bank Limited and Hdfc Bank Limited and ICICI Securities Limited and IIFL Securities Limited +,New Delhi,2500.0,2024-02-28,1970-01-01,,2024-02,2024,2,https://www.ipoplatform.com/ipo/bharat-highways-invit/2979
2448,SME,M.V.K. Agro Food Product Ltd,Agro - Food Products,Horizon Management Private Limited,Nanded,65.88,2024-02-29,1970-01-01,,2024-02,2024,2,https://www.ipoplatform.com/ipo/m-v-k-agro-food-ipo/2448
2447,SME,Purv Flexipack Limited,Plastic and Polymer,Holani Consultants Private Limited,Kolkata,40.21,2024-02-27,1970-01-01,,2024-02,2024,2,https://www.ipoplatform.com/ipo/purv-flexipack-ipo/2447
2446,SME,Owais Metal and Mineral Processing Limited,Minerals,Gretex Corporate Services Limited,Ratlam,42.69,2024-02-26,1970-01-01,,2024-02,2024,2,https://www.ipoplatform.com/ipo/owais-metal-and-mineral/2446
2445,SME,Sadhav Shipping Limited,Logistics,Isk Advisors Private Limited,Mumbai,38.18,2024-02-23,1970-01-01,,2024-02,2024,2,https://www.ipoplatform.com/ipo/sadhav-shipping-ipo/2445
2444,SME,Zenith Drugs Limited,Pharmaceutical,Gretex Corporate Services Limited,Indore,40.68,2024-02-19,1970-01-01,,2024-02,2024,2,https://www.ipoplatform.com/ipo/zenith-drugs-ipo/2444
2443,SME,Deem Roll Tech Limited,Steel,Fedex Securities Private Limited,Mahesana,29.26,2024-02-20,1970-01-01,,2024-02,2024,2,https://www.ipoplatform.com/ipo/deem-roll-tech-ipo/2443
2442,SME,Esconet Technologies Limited,Information Technology  - Data Solutions,Corporate Capital Ventures Private Limited,New Delhi,28.22,2024-02-16,1970-01-01,,2024-02,2024,2,https://www.ipoplatform.com/ipo/esconet-technologies-ipo/2442
2441,SME,Atmastco Limited,Engineering - EPC,Affinity Global Capital Market Private Limited,Bhilai,56.25,2024-02-15,1970-01-01,,2024-02,2024,2,https://www.ipoplatform.com/ipo/atmastco-ipo/2441
2440,SME,Kalahridhaan Trendz Limited,Textiles - Fabrics,Interactive Financial Services Limited,Ahmedabad,22.49,2024-02-15,1970-01-01,,2024-02,2024,2,https://www.ipoplatform.com/ipo/kalahridhaan-trendz-ipo/2440
2439,SME,Interiors and More Limited,Home Decor,Gretex Corporate Services Limited,Mumbai,42.0,2024-02-15,1970-01-01,,2024-02,2024,2,https://www.ipoplatform.com/ipo/interiors-and-more-ipo/2439
2438,SME,Thaai Casting Limited,Automobile - Forging and Casting,GYR Capital Advisors Private Limited,Tiruvallur,47.2,2024-02-15,1970-01-01,,2024-02,2024,2,https://www.ipoplatform.com/ipo/thaai-casting-ipo/2438
2437,SME,Wise Travel India Limited,Travel and Tourism,Share India Capital Services Private Limited,New Delhi,94.68,2024-02-12,1970-01-01,,2024-02,2024,2,https://www.ipoplatform.com/ipo/wti-cabs-ipo/2437
2436,SME,Polysil Irrigation Systems Limited,Plastic and Polymer,Fedex Securities Private Limited,Vadodara,17.44,2024-02-08,1970-01-01,,2024-02,2024,2,https://www.ipoplatform.com/ipo/polysil-irrigation-systems-ipo/2436
2435,SME,Rudra Gas Enterprise Limited,Oil and Gas,Beeline Capital Advisors Private Limited,Ahmedabad,14.16,2024-02-08,1970-01-01,,2024-02,2024,2,https://www.ipoplatform.com/ipo/rudra-gas-enterprise-ipo/2435
2434,SME,Alpex Solar Limited,Solar,Corporate Capital Ventures Private Limited,New Delhi,74.52,2024-02-08,1970-01-01,,2024-02,2024,2,https://www.ipoplatform.com/ipo/alpex-solar-ipo/2434
2433,SME,Italian Edibles Limited,Agro - Food Products,First Overseas Capital Limited,Indore,26.66,2024-02-02,1970-01-01,,2024-02,2024,2,https://www.ipoplatform.com/ipo/italian-edibles-ipo/2433
2996,Main Board,Jyoti CNC Automation Limited,Engineering - Heavy Machinery,Equirus Capital Private Limited Equirus Capital Private Limited and ICICI Securities Limited and SBI Capital Markets Limited +,Rajkot,1000.0,2024-01-09,1970-01-01,,2024-01,2024,1,https://www.ipoplatform.com/ipo/jyoti-cnc-automation-ipo/2996
2995,Main Board,Medi Assist Healthcare Services Limited,Insurance,Axis Capital Limited Axis Capital Limited and IIFL Securities Limited and Nuvama Wealth Management Limited and SBI Capital Markets Limited +,Bengaluru,1171.58,2024-01-15,1970-01-01,,2024-01,2024,1,https://www.ipoplatform.com/ipo/medi-assist-healthcare-ipo/2995
2994,Main Board,EPACK Durable Limited,Electric Equipments - OEM,Axis Capital Limited Axis Capital Limited and Dam Capital Advisors Limited (Formerly Idfc Securities Limited) and ICICI Securities Limited +,New Delhi,640.05,2024-01-19,1970-01-01,,2024-01,2024,1,https://www.ipoplatform.com/ipo/epack-durable-ipo/2994
2993,Main Board,Nova AgriTech Limited,Agro,Keynote Financial Services Limited Keynote Financial Services Limited and Bajaj Capital Limited +,Medak,143.81,2024-01-23,1970-01-01,,2024-01,2024,1,https://www.ipoplatform.com/ipo/nova-agritech-ipo/2993
2992,Main Board,BLS E-Services Limited,Corporate Solutions,Unistone Capital Private Limited,New Delhi,310.91,2024-01-30,1970-01-01,,2024-01,2024,1,https://www.ipoplatform.com/ipo/bls-e-services-ipo/2992
2432,SME,Gabriel Pet Straps Limited,Plastic and Polymer,Shreni Shares Limited,Rajkot,8.06,2024-01-31,1970-01-01,,2024-01,2024,1,https://www.ipoplatform.com/ipo/gabriel-pet-straps-ipo/2432
2431,SME,Baweja Studios Limited,Film and Animation - VFX,Fedex Securities Private Limited,Mumbai,97.2,2024-01-29,1970-01-01,,2024-01,2024,1,https://www.ipoplatform.com/ipo/baweja-studios-ipo/2431
2430,SME,Megatherm Induction Limited,Engineering - Heavy Machinery,Hem Securities Limited,Kolkata,53.91,2024-01-29,1970-01-01,,2024-01,2024,1,https://www.ipoplatform.com/ipo/megatherm-induction-ipo/2430
2429,SME,Mayank Cattle Food Limited,Agro,Finshore Management Services Limited,Rajkot,19.44,2024-01-29,1970-01-01,,2024-01,2024,1,https://www.ipoplatform.com/ipo/mayank-cattle-food-ipo/2429
2428,SME,Harshdeep Hortico Limited,Engineering - EPC,Hem Securities Limited,Bhiwandi,19.09,2024-01-29,1970-01-01,,2024-01,2024,1,https://www.ipoplatform.com/ipo/harshdeep-hortico-ipo/2428
2427,SME,Docmode Health Technologies Limited,Education - Edtech,Fedex Securities Private Limited,Mumbai,6.71,2024-01-25,1970-01-01,,2024-01,2024,1,https://www.ipoplatform.com/ipo/docmode-health-technologies-ipo/2427
2426,SME,Fonebox Retail Limited,Retail,Beeline Capital Advisors Private Limited,Ahmedabad,20.37,2024-01-25,1970-01-01,,2024-01,2024,1,https://www.ipoplatform.com/ipo/fonebook-ipo/2426
2425,SME,DelaPlex Limited,Information Technology  - Data Solutions,Shreni Shares Limited,Nagpur,46.08,2024-01-25,1970-01-01,,2024-01,2024,1,https://www.ipoplatform.com/ipo/delaplex-ipo/2425
2424,SME,Brisk Technovision Limited,Education - Edtech,Sun Capital Advisory Services (P) Limited,Mumbai,12.48,2024-01-23,1970-01-01,,2024-01,2024,1,https://www.ipoplatform.com/ipo/brisk-technovision-ipo/2424
2423,SME,Konstelec Engineers Limited,Agro - Plantation,Beeline Capital Advisors Private Limited,Mumbai,28.7,2024-01-19,1970-01-01,,2024-01,2024,1,https://www.ipoplatform.com/ipo/konstelec-engineers-ipo/2423
2422,SME,Euphoria Infotech India Limited,Agro - Food Products,Khandwala Securities Limited,Kolkata,9.6,2024-01-19,1970-01-01,,2024-01,2024,1,https://www.ipoplatform.com/ipo/euphoria-infotech-india-ipo/2422
2421,SME,Addictive Learning Technology Limited,Education - Edtech,Narnolia Financial Services Limited,New Delhi,60.16,2024-01-19,1970-01-01,,2024-01,2024,1,https://www.ipoplatform.com/ipo/lawsikho-ipo/2421
2420,SME,Qualitek Labs Limited,Laboratories,Oneview Corporate Advisors Private Limited (Formerly known as Guiness Corporate Advisors),New Delhi,19.64,2024-01-18,1970-01-01,,2024-01,2024,1,https://www.ipoplatform.com/ipo/qualitek-labs-ipo/2420
2419,SME,Maxposure Limited,Advertising and Media,GYR Capital Advisors Private Limited,New Delhi,20.26,2024-01-15,1970-01-01,,2024-01,2024,1,https://www.ipoplatform.com/ipo/maxposure-ipo/2419
2418,SME,Shree Marutinandan Tubes Limited,Steel - Tubes and Pipes,Swastika Investmart Limited,Ahmedabad,14.3,2024-01-12,1970-01-01,,2024-01,2024,1,https://www.ipoplatform.com/ipo/shree-marutinandan-tubes-ipo/2418
2417,SME,Australian Premium Solar (India) Limited,Solar - Panels,Beeline Capital Advisors Private Limited,Sabarkantha,28.08,2024-01-11,1970-01-01,,2024-01,2024,1,https://www.ipoplatform.com/ipo/australian-premium-solar-india-ipo/2417
2416,SME,New Swan Multitech Limited,Engineering - Automotive,Hem Securities Limited,New Delhi,33.11,2024-01-11,1970-01-01,,2024-01,2024,1,https://www.ipoplatform.com/ipo/new-swan-multitech-ipo/2416
2415,SME,IBL Finance Limited,Banking and Finance - FinTech,Fedex Securities Private Limited,Surat,33.41,2024-01-09,1970-01-01,,2024-01,2024,1,https://www.ipoplatform.com/ipo/ibl-finance-ipo/2415
3007,Main Board,India Shelter Finance Corporation Limited,Banking and Finance,Ambit Private Limited Ambit Private Limited and Citigroup Global Markets India Private Limited and ICICI Securities Limited and Kotak Mahindra Capital Company Limited +,New Delhi,1200.0,2023-12-13,1970-01-01,,2023-12,2023,12,https://www.ipoplatform.com/ipo/india-shelter-ipo/3007
3006,Main Board,DOMS Industries Limited,Paper and Stationery,Bnp Paribas Bnp Paribas and ICICI Securities Limited and IIFL Securities Limited and Jm Financial Limited +,Umbergaon,1200.0,2023-12-13,1970-01-01,,2023-12,2023,12,https://www.ipoplatform.com/ipo/doms-ipo/3006
3005,Main Board,Inox India Limited,Engineering - Heavy Machinery,Axis Capital Limited Axis Capital Limited and ICICI Securities Limited +,Vadodara,1459.32,2023-12-14,1970-01-01,,2023-12,2023,12,https://www.ipoplatform.com/ipo/inox-cva-ipo/3005
3004,Main Board,Motisons Jewellers Limited,Jewellery,Holani Consultants Private Limited,Jaipur,151.09,2023-12-18,,,2023-12,2023,12,https://www.ipoplatform.com/ipo/motisons-jewellers-ipo/3004
3003,Main Board,Suraj Estate Developers Limited,Real Estate,Anand Rathi Securities Limited Anand Rathi Securities Limited and Iti Capital Limited +,Mumbai,400.0,2023-12-18,1970-01-01,,2023-12,2023,12,https://www.ipoplatform.com/ipo/suraj-estate-developers-ipo/3003
3002,Main Board,Muthoot Microfin Limited,Banking and Finance,Axis Capital Limited Axis Capital Limited and ICICI Securities Limited and Jm Financial Limited and SBI Capital Markets Limited +,Mumbai,960.0,2023-12-18,1970-01-01,,2023-12,2023,12,https://www.ipoplatform.com/ipo/muthoot-microfin-ipo/3002
3001,Main Board,RBZ Jewellers Limited,Jewellery,Arihant Capital Markets Limited,Ahmedabad,100.0,2023-12-19,1970-01-01,,2023-12,2023,12,https://www.ipoplatform.com/ipo/rbz-jewellers-ipo/3001
3000,Main Board,Credo Brands Marketing (Mufti) Limited,Textiles,Keynote Financial Services Limited Keynote Financial Services Limited and Dam Capital Advisors Limited (Formerly Idfc Securities Limited) and ICICI Securities Limited +,Mumbai,549.78,2023-12-19,1970-01-01,,2023-12,2023,12,https://www.ipoplatform.com/ipo/mufti-ipo/3000
2999,Main Board,Happy Forgings Limited,Automobile - Forging and Casting,Axis Capital Limited Axis Capital Limited and Equirus Capital Private Limited and Jm Financial Limited and Motilal Oswal Investment Advisors Limited +,Ludhiana,1008.59,2023-12-19,1970-01-01,,2023-12,2023,12,https://www.ipoplatform.com/ipo/happy-forgings-ipo/2999
2998,Main Board,Azad Engineering Limited,Engineering - Heavy Machinery,Anand Rathi Securities Limited Anand Rathi Securities Limited and Axis Capital Limited and ICICI Securities Limited and SBI Capital Markets Limited +,Hyderabad,740.0,2023-12-20,1970-01-01,,2023-12,2023,12,https://www.ipoplatform.com/ipo/azad-engineering-ipo/2998
2997,Main Board,Innova Captab Limited,Pharmaceutical,ICICI Securities Limited ICICI Securities Limited and Jm Financial Limited +,Mumbai,570.0,2023-12-21,1970-01-01,,2023-12,2023,12,https://www.ipoplatform.com/ipo/innova-captab-ipo/2997
2414,SME,Kaushalya Logistics Limited,Logistics,Khandwala Securities Limited,New Delhi,36.6,2023-12-29,1970-01-01,,2023-12,2023,12,https://www.ipoplatform.com/ipo/kaushalya-logistics-ipo/2414
2413,SME,Kay Cee Energy & Infra Limited,Engineering - EPC,GYR Capital Advisors Private Limited,Kota,15.93,2023-12-28,1970-01-01,,2023-12,2023,12,https://www.ipoplatform.com/ipo/kay-cee-energy-infra-ipo/2413
2412,SME,Akanksha Power and Infrastructure Limited,Electric Equipments - OEM,Narnolia Financial Services Limited,Nashik,27.49,2023-12-27,1970-01-01,,2023-12,2023,12,https://www.ipoplatform.com/ipo/akanksha-power-and-infrastructure-ipo/2412
2411,SME,HRH Next Services Limited,Outsourcing - BPO,Finshore Management Services Limited,Hyderabad,9.57,2023-12-27,1970-01-01,,2023-12,2023,12,https://www.ipoplatform.com/ipo/hrh-next-services-ipo/2411
2410,SME,Manoj Ceramic Limited,"Ceramic and Stone - Marble, Tiles and Granite",Swaraj Shares and Securities Private Limited,Mumbai,14.47,2023-12-27,1970-01-01,,2023-12,2023,12,https://www.ipoplatform.com/ipo/manoj-ceramic-ipo/2410
2409,SME,Shri Balaji Valve Components Limited,Valves,Hem Securities Limited,Pune,21.6,2023-12-27,1970-01-01,,2023-12,2023,12,https://www.ipoplatform.com/ipo/balaji-valve-components-ipo/2409
2408,SME,AIK Pipes And Polymers Limited,Plastic and Polymer,Shreni Shares Limited,Jaipur,15.02,2023-12-26,1970-01-01,,2023-12,2023,12,https://www.ipoplatform.com/ipo/aik-pipes-and-polymers-ipo/2408
2407,SME,Sameera Agro And Infra Limited,Real Estate,First Overseas Capital Limited,Secunderabad,62.64,2023-12-21,1970-01-01,,2023-12,2023,12,https://www.ipoplatform.com/ipo/sameera-agro-and-infra-ipo/2407
2406,SME,Indifra Limited,Infrastructure,Beeline Capital Advisors Private Limited,Anand,14.04,2023-12-21,1970-01-01,,2023-12,2023,12,https://www.ipoplatform.com/ipo/indifra-ipo/2406
2405,SME,Supreme Power Equipment Limited,Electric Equipments - Transformers,Narnolia Financial Services Limited,Tiruvallur,46.67,2023-12-21,1970-01-01,,2023-12,2023,12,https://www.ipoplatform.com/ipo/supreme-power-equipment-ipo/2405
2404,SME,Trident Techlabs Limited,Engineering - Tech Solutions,GYR Capital Advisors Private Limited,New Delhi,16.03,2023-12-21,1970-01-01,,2023-12,2023,12,https://www.ipoplatform.com/ipo/trident-techlabs-ipo/2404
2403,SME,Shanti Spintex Limited,Textiles - Fabrics,Hem Securities Limited,Ahmedabad,31.25,2023-12-19,1970-01-01,,2023-12,2023,12,https://www.ipoplatform.com/ipo/shanti-spintex-ipo/2403
2402,SME,Electro Force (India) Limited,Electric Equipments,First Overseas Capital Limited,Palghar,80.68,2023-12-19,1970-01-01,,2023-12,2023,12,https://www.ipoplatform.com/ipo/electro-force-india-ipo/2402
2401,SME,Sahara Maritime Limited,Logistics,Swaraj Shares and Securities Private Limited,Mumbai,6.88,2023-12-18,1970-01-01,,2023-12,2023,12,https://www.ipoplatform.com/ipo/sahara-maritime-ipo/2401
2400,SME,Shree OSFM E-Mobility Limited,Logistics,First Overseas Capital Limited,Mumbai,24.6,2023-12-14,1970-01-01,,2023-12,2023,12,https://www.ipoplatform.com/ipo/shree-osfm-e-mobility-ipo/2400
2399,SME,Siyaram Recycling Industries Limited,Recycling - Metal,Hem Securities Limited,Jamnagar,22.96,2023-12-14,1970-01-01,,2023-12,2023,12,https://www.ipoplatform.com/ipo/siyaram-recycling-ipo/2399
2398,SME,Benchmark Computer Solutions Limited,Information Technology  - Data Solutions,Beeline Capital Advisors Private Limited,Mumbai,12.24,2023-12-14,1970-01-01,,2023-12,2023,12,https://www.ipoplatform.com/ipo/benchmark-computer-solutions-ipo/2398
2397,SME,SJ Logistics (India) Limited,Logistics,Hem Securities Limited,Mumbai,48.0,2023-12-12,1970-01-01,,2023-12,2023,12,https://www.ipoplatform.com/ipo/s-j-logistics-ipo/2397
2396,SME,Presstonic Engineering Limited,Engineering - EPC,Finshore Management Services Limited,Bengaluru,23.3,2023-12-11,1970-01-01,,2023-12,2023,12,https://www.ipoplatform.com/ipo/presstonic-engineering-ipo/2396
2395,SME,Accent Microcell Limited,Chemical,Corporate Capital Ventures Private Limited,Ahmedabad,78.4,2023-12-08,1970-01-01,,2023-12,2023,12,https://www.ipoplatform.com/ipo/accent-microcell-ipo/2395
2393,SME,Sheetal Universal Limited,Agro - Food Products,Beeline Capital Advisors Private Limited,Rajkot,23.8,2023-12-04,1970-01-01,,2023-12,2023,12,https://www.ipoplatform.com/ipo/sheetal-universal-ipo/2393
3015,Main Board,ESAF Small Finance Bank Limited,Banking and Finance,Dam Capital Advisors Limited (Formerly Idfc Securities Limited) Dam Capital Advisors Limited (Formerly Idfc Securities Limited) and ICICI Securities Limited and Nuvama Wealth Management Limited +,Thrissur,463.0,2023-11-03,1970-01-01,,2023-11,2023,11,https://www.ipoplatform.com/ipo/esaf-small-finance-bank-ipo/3015
3014,Main Board,Protean eGov Technologies Limited,Corporate Solutions,Equirus Capital Private Limited Equirus Capital Private Limited and ICICI Securities Limited and IIFL Securities Limited and Nomura Financial Advisory And Securities (India) Private Limited +,Mumbai,490.33,2023-11-06,1970-01-01,,2023-11,2023,11,https://www.ipoplatform.com/ipo/protean-egov-technologies-ipo/3014
3013,Main Board,ASK Automotive Limited,Automobile,Axis Capital Limited Axis Capital Limited and ICICI Securities Limited and IIFL Securities Limited and Jm Financial Limited +,New Delhi,834.0,2023-11-07,1970-01-01,,2023-11,2023,11,https://www.ipoplatform.com/ipo/ask-automotive-ipo/3013
3012,Main Board,Indian Renewable Energy Development Agency Ltd,Power and Energy,Idbi Capital Market Services Limited Idbi Capital Market Services Limited and Bob Capital Markets Limited and SBI Capital Markets Limited +,New Delhi,2150.21,2023-11-21,1970-01-01,,2023-11,2023,11,https://www.ipoplatform.com/ipo/ireda-ipo/3012
3011,Main Board,Fedbank Financial Services Limited,Banking and Finance,Bnp Paribas Bnp Paribas and Equirus Capital Private Limited and ICICI Securities Limited and Jm Financial Limited +,Mumbai,1092.26,2023-11-22,1970-01-01,,2023-11,2023,11,https://www.ipoplatform.com/ipo/fedbank-financial-services-ipo/3011
3010,Main Board,Tata Technologies Limited,Information Technology,Bofa Securities India Limited Bofa Securities India Limited and Citigroup Global Markets India Private Limited and Jm Financial Limited +,Pune,3042.51,2023-11-22,1970-01-01,,2023-11,2023,11,https://www.ipoplatform.com/ipo/tata-technologies-ipo/3010
3009,Main Board,Gandhar Oil Refinery (India) Limited,Chemical,ICICI Securities Limited ICICI Securities Limited and Nuvama Wealth Management Limited +,Mumbai,500.69,2023-11-22,1970-01-01,,2023-11,2023,11,https://www.ipoplatform.com/ipo/gandhar-oil-refinery-india-ipo/3009
3008,Main Board,Flair Writing Industries Limited,Paper and Stationery,Axis Capital Limited Axis Capital Limited and Nuvama Wealth Management Limited +,Mumbai,593.0,2023-11-22,1970-01-01,,2023-11,2023,11,https://www.ipoplatform.com/ipo/flair-writing-ipo/3008
2394,SME,Graphisads Limited,Advertising and Media,First Overseas Capital Limited,New Delhi,53.41,2023-11-30,1970-01-01,,2023-11,2023,11,https://www.ipoplatform.com/ipo/graphisads-ipo/2394
2392,SME,Marinetrans India Limited,Logistics,Swaraj Shares and Securities Private Limited,Mumbai,10.92,2023-11-30,1970-01-01,,2023-11,2023,11,https://www.ipoplatform.com/ipo/marinetrans-india-ipo/2392
2391,SME,Net Avenue Technologies Limited,E-Commerce,Shreni Shares Limited,Chennai,10.25,2023-11-30,1970-01-01,,2023-11,2023,11,https://www.ipoplatform.com/ipo/net-avenue-technologies-ipo/2391
2390,SME,AMIC Forging Limited,Automobile - Forging and Casting,Gretex Corporate Services Limited,Kolkata,34.8,2023-11-29,1970-01-01,,2023-11,2023,11,https://www.ipoplatform.com/ipo/amic-forging-ipo/2390
2389,SME,Deepak Chemtex Limited,Chemical,Hem Securities Limited,Ratnagiri,23.04,2023-11-29,1970-01-01,,2023-11,2023,11,https://www.ipoplatform.com/ipo/deepak-chemtex-ipo/2389
2388,SME,Swashthik Plascon Limited,Recycling - Polymer,Shreni Shares Limited,Pondicherry,40.76,2023-11-24,1970-01-01,,2023-11,2023,11,https://www.ipoplatform.com/ipo/swashthik-plascon-ipo/2388
2387,SME,Rockingdeals Circular Economy Limited,E-Commerce,Corporate Capital Ventures Private Limited,New Delhi,21.0,2023-11-22,1970-01-01,,2023-11,2023,11,https://www.ipoplatform.com/ipo/rockingdeals-circular-economy-ipo/2387
2386,SME,Arrowhead Seperation Engineering Limited,Engineering,Aryaman Financial Services Limited,Nashik,13.0,2023-11-16,1970-01-01,,2023-11,2023,11,https://www.ipoplatform.com/ipo/arrowhead-seperation-engineering-ipo/2386
2385,SME,Sunrest Lifescience Limited,Pharmaceutical,Mark Corporate Advisors Private Limited,Ahmedabad,10.85,2023-11-07,1970-01-01,,2023-11,2023,11,https://www.ipoplatform.com/ipo/sunrest-lifescience-ipo/2385
2384,SME,Kalyani Cast Tech Limited,Automobile - Forging and Casting,Gretex Corporate Services Limited,New Delhi,30.11,2023-11-08,1970-01-01,,2023-11,2023,11,https://www.ipoplatform.com/ipo/kalyani-cast-tech-ipo/2384
2383,SME,ROX Hi-Tech Limited,Information Technology  - Data Solutions,Swaraj Shares and Securities Private Limited,Chennai,54.49,2023-11-07,1970-01-01,,2023-11,2023,11,https://www.ipoplatform.com/ipo/rox-hi-tech-ipo/2383
2382,SME,Baba Food Processing limited,Agro - Flour Mill,Horizon Management Private Limited,Ranchi,33.0,2023-11-03,1970-01-01,,2023-11,2023,11,https://www.ipoplatform.com/ipo/baba-food-processing-ipo/2382
2381,SME,Micropro Software Solutions Limited,Information Technology  - Data Solutions,Swaraj Shares and Securities Private Limited,Nagpur,30.7,2023-11-03,1970-01-01,,2023-11,2023,11,https://www.ipoplatform.com/ipo/micropro-software-solutions-ipo/2381
2380,SME,SAR Televenture Limited,Telecom,Pantomath Capital Advisors Private Limited,New Delhi,24.75,2023-11-01,1970-01-01,,2023-11,2023,11,https://www.ipoplatform.com/ipo/sar-televenture-ipo/2380
3019,Main Board,IRM Energy Limited,Oil and Gas,Bob Capital Markets Limited Bob Capital Markets Limited and Hdfc Bank Limited +,Ahmedabad,545.4,2023-10-18,1970-01-01,,2023-10,2023,10,https://www.ipoplatform.com/ipo/irm-energy-ipo/3019
3018,Main Board,Blue Jet Healthcare Limited,Pharmaceutical,ICICI Securities Limited ICICI Securities Limited and J.P. Morgan India Private Limited and Kotak Mahindra Capital Company Limited +,Mumbai,840.27,2023-10-25,1970-01-01,,2023-10,2023,10,https://www.ipoplatform.com/ipo/blue-jet-healthcare-ipo/3018
3017,Main Board,Cello World Limited,Paper and Stationery,ICICI Securities Limited ICICI Securities Limited and IIFL Securities Limited and Jm Financial Limited and Kotak Mahindra Capital Company Limited +,Daman,1900.0,2023-10-30,1970-01-01,,2023-10,2023,10,https://www.ipoplatform.com/ipo/cello-world-limited-ipo/3017
3016,Main Board,Honasa (Mamaearth) Consumer Limited,Healthcare - Personal Care,Citigroup Global Markets India Private Limited Citigroup Global Markets India Private Limited and J.P. Morgan India Private Limited and Jm Financial Limited and Kotak Mahindra Capital Company Limited +,New Delhi,1701.44,2023-10-31,1970-01-01,,2023-10,2023,10,https://www.ipoplatform.com/ipo/mamaearth-ipo/3016
2379,SME,Mish Designs Limited,Textiles - Fabrics,Aryaman Financial Services Limited,Mumbai,9.76,2023-10-31,1970-01-01,,2023-10,2023,10,https://www.ipoplatform.com/ipo/mish-designs-ipo/2379
2378,SME,Maitreya Medicare Limited,Healthcare - Hospitals and Clinic,GYR Capital Advisors Private Limited,Surat,14.89,2023-10-27,1970-01-01,,2023-10,2023,10,https://www.ipoplatform.com/ipo/maitreya-medicare-limited-ipo/2378
2377,SME,Vrundavan Plantation Limited,Agro - Plantation,Interactive Financial Services Limited,Ahmedabad,15.29,2023-10-30,1970-01-01,,2023-10,2023,10,https://www.ipoplatform.com/ipo/vrundavan-plantation-ipo/2377
2376,SME,KK Shah Hospitals Limited,Healthcare - Hospitals and Clinic,Shreni Shares Limited,Ratlam,8.78,2023-10-27,1970-01-01,,2023-10,2023,10,https://www.ipoplatform.com/ipo/kk-shah-hospitals-ipo/2376
2375,SME,Transteel Seating Technologies Limited,Furniture,Gretex Corporate Services Limited,Bengaluru,49.98,2023-10-30,1970-01-01,,2023-10,2023,10,https://www.ipoplatform.com/ipo/transteel-seating-technologies-ipo/2375
2374,SME,Shanthala FMCG Products Limited,FMCG,First Overseas Capital Limited,Virajpet,16.07,2023-10-27,1970-01-01,,2023-10,2023,10,https://www.ipoplatform.com/ipo/shanthala-fmcg-products-ipo/2374
2373,SME,Paragon Fine And Speciality Chemicals Limited,Chemical - Speciality,Hem Securities Limited,Ahmedabad,51.66,2023-10-26,1970-01-01,,2023-10,2023,10,https://www.ipoplatform.com/ipo/paragon-fine-and-speciality-chemicals-ipo/2373
2372,SME,On Door Concepts Limited,E-Commerce,First Overseas Capital Limited,Bhopal,31.18,2023-10-23,1970-01-01,,2023-10,2023,10,https://www.ipoplatform.com/ipo/on-door-concepts-ipo/2372
2371,SME,Rajgor Castor Derivatives Limited,Agro - Food Products,Beeline Capital Advisors Private Limited,Ahmedabad,47.81,2023-10-17,1970-01-01,,2023-10,2023,10,https://www.ipoplatform.com/ipo/rajgor-castor-derivatives-ipo/2371
2370,SME,WomanCart Limited,E-Commerce,Narnolia Financial Services Limited,New Delhi,9.56,2023-10-16,1970-01-01,,2023-10,2023,10,https://www.ipoplatform.com/ipo/womancart-ipo/2370
2369,SME,Arvind and Company Shipping Agencies Limited,Logistics,Beeline Capital Advisors Private Limited,Jamnagar,14.74,2023-10-12,1970-01-01,,2023-10,2023,10,https://www.ipoplatform.com/ipo/arvind-and-company-shipping-agencies-ipo/2369
2368,SME,Committed Cargo Care Limited,Logistics,Fedex Securities Private Limited,New Delhi,24.98,2023-10-06,1970-01-01,,2023-10,2023,10,https://www.ipoplatform.com/ipo/committed-cargo-care-ipo/2368
3033,Main Board,Ratnaveer Precision Engineering Limited,Steel - Tubes and Pipes,Unistone Capital Private Limited,Vadodara,165.03,2023-09-04,1970-01-01,,2023-09,2023,9,https://www.ipoplatform.com/ipo/ratnaveer-precision-engineering-ipo/3033
3032,Main Board,Jupiter Life Line Hospitals Limited,Healthcare - Hospitals and Clinic,ICICI Securities Limited ICICI Securities Limited and Jm Financial Limited and Nuvama Wealth Management Limited +,Mumbai,869.08,2023-09-06,1970-01-01,,2023-09,2023,9,https://www.ipoplatform.com/ipo/jupiter-life-line-hospitals-ipo/3032
3031,Main Board,RR Kabel Limited,Cables and Wires,Axis Capital Limited Axis Capital Limited and Citigroup Global Markets India Private Limited and Hsbc Securities & Capital Markets Private limited and Jm Financial Limited +,Mumbai,1964.01,2023-09-13,1970-01-01,,2023-09,2023,9,https://www.ipoplatform.com/ipo/r-r-kabel-ipo/3031
3030,Main Board,EMS Limited,ESG - Waste,Khambatta Securities Limited,New Delhi,321.24,2023-09-08,1970-01-01,,2023-09,2023,9,https://www.ipoplatform.com/ipo/ems-ipo/3030
3029,Main Board,Zaggle Prepaid Ocean Services Limited,Information Technology - SaaS,Equirus Capital Private Limited Equirus Capital Private Limited and ICICI Securities Limited and IIFL Securities Limited and Jm Financial Limited +,Rangareddi,563.38,2023-09-14,1970-01-01,,2023-09,2023,9,https://www.ipoplatform.com/ipo/zaggle-prepaid-ocean-services-ipo/3029
3028,Main Board,SAMHI Hotels Limited,Hotels and Resorts,Jm Financial Limited Jm Financial Limited and Kotak Mahindra Capital Company Limited +,New Delhi,1370.1,2023-09-14,1970-01-01,,2023-09,2023,9,https://www.ipoplatform.com/ipo/samhi-hotels-ipo/3028
3027,Main Board,Signatureglobal India Limited,Real Estate,Axis Capital Limited Axis Capital Limited and ICICI Securities Limited and Kotak Mahindra Capital Company Limited +,New Delhi,730.0,2023-09-20,1970-01-01,,2023-09,2023,9,https://www.ipoplatform.com/ipo/signatureglobal-india-ipo/3027
3026,Main Board,Sai Silks (Kalamandir) Limited,Textiles,Hdfc Bank Limited Hdfc Bank Limited and Motilal Oswal Investment Advisors Limited and Nuvama Wealth Management Limited +,Hyderabad,1201.0,2023-09-20,1970-01-01,,2023-09,2023,9,https://www.ipoplatform.com/ipo/sai-silks-kalamandir-ipo/3026
3025,Main Board,Yatra Online Limited,Travel and Tourism,Dam Capital Advisors Limited (Formerly Idfc Securities Limited) Dam Capital Advisors Limited (Formerly Idfc Securities Limited) and IIFL Securities Limited and SBI Capital Markets Limited +,Mumbai,775.0,2023-09-15,1970-01-01,,2023-09,2023,9,https://www.ipoplatform.com/ipo/yatra-online-ipo/3025
3024,Main Board,JSW Infrastructure Limited,Logistics,Axis Capital Limited Axis Capital Limited and Credit Suisse Securities (India) Private Limited and Dam Capital Advisors Limited (Formerly Idfc Securities Limited) and Jm Financial Limited and Kotak Mahindra Capital Company Limited and SBI Capital Markets Limited +,Mumbai,2800.0,2023-09-25,1970-01-01,,2023-09,2023,9,https://www.ipoplatform.com/ipo/jsw-infrastructure-ipo/3024
3023,Main Board,Manoj Vaibhav Gems 'N' Jewellers Limited,Jewellery,Bajaj Capital Limited Bajaj Capital Limited and Elara Capital (India) Private Limited +,Visakhapatnam,270.2,2023-09-22,1970-01-01,,2023-09,2023,9,https://www.ipoplatform.com/ipo/manoj-vaibhav-gems-n-jewellers-ipo/3023
3022,Main Board,Updater Services Limited,Corporate Solutions,IIFL Securities Limited IIFL Securities Limited and Motilal Oswal Investment Advisors Limited and SBI Capital Markets Limited +,Chennai,640.0,2023-09-25,1970-01-01,,2023-09,2023,9,https://www.ipoplatform.com/ipo/updater-services-ipo/3022
3021,Main Board,Valiant Laboratories Limited,Pharmaceutical,Unistone Capital Private Limited,Mumbai,152.46,2023-09-27,1970-01-01,,2023-09,2023,9,https://www.ipoplatform.com/ipo/valiant-laboratories-ipo/3021
3020,Main Board,Plaza Wires Limited,Cables and Wires,Pantomath Capital Advisors Private Limited,New Delhi,71.28,2023-09-29,1970-01-01,,2023-09,2023,9,https://www.ipoplatform.com/ipo/plaza-wires-ipo/3020
2367,SME,Plada Infotech Services Limited,Outsourcing - BPO,Indorient Financial Services Limited,Mumbai,12.36,2023-09-29,1970-01-01,,2023-09,2023,9,https://www.ipoplatform.com/ipo/plada-infotech-services-ipo/2367
2366,SME,Vivaa Tradecom Limited,Textiles - Fabrics,Interactive Financial Services Limited,Ahmedabad,7.99,2023-09-27,1970-01-01,,2023-09,2023,9,https://www.ipoplatform.com/ipo/vivaa-tradecom-ipo/2366
2365,SME,Karnika Industries Limited,Textiles - Fabrics,Beeline Capital Advisors Private Limited,Kolkata,25.07,2023-09-29,1970-01-01,,2023-09,2023,9,https://www.ipoplatform.com/ipo/karnika-industries-ipo/2365
2364,SME,Sharp Chucks and Machines limited,Automobile - Forging and Casting,Khandwala Securities Limited,Jalandhar,16.84,2023-09-29,1970-01-01,,2023-09,2023,9,https://www.ipoplatform.com/ipo/sharp-chucks-and-machines-ipo/2364
2363,SME,Canary Automations Limited,Information Technology  - Data Solutions,Indorient Financial Services Limited,Bengaluru,47.03,2023-09-27,1970-01-01,,2023-09,2023,9,https://www.ipoplatform.com/ipo/canarys-automations-ipo/2363
2362,SME,OneClick Logistics Limited,Logistics,Fedex Securities Private Limited,Mumbai,9.91,2023-09-26,1970-01-01,,2023-09,2023,9,https://www.ipoplatform.com/ipo/oneclick-logistics-india-ipo/2362
2361,SME,Goyal Salt limited,Chemical - Salt,Holani Consultants Private Limited,Jaipur,18.63,2023-09-26,1970-01-01,,2023-09,2023,9,https://www.ipoplatform.com/ipo/goyal-salt-ipo/2361
2360,SME,Sunita Tools limited,Engineering,Aryaman Financial Services Limited,Mumbai,22.04,2023-09-26,1970-01-01,,2023-09,2023,9,https://www.ipoplatform.com/ipo/sunita-tools-ipo/2360
2359,SME,City Crops Agro limited,Agro,Turnaround Corporate Advisors Private Limited,Ahmedabad,15.0,2023-09-26,1970-01-01,,2023-09,2023,9,https://www.ipoplatform.com/ipo/city-crops-agro-ipo/2359
2358,SME,Kontor Space Limited,Corporate Solutions,Srujan Alpha Capital Advisors Llp,Mumbai,15.62,2023-09-27,1970-01-01,,2023-09,2023,9,https://www.ipoplatform.com/ipo/kontor-space-ipo/2358
2357,SME,Vishnusurya Projects and Infra Limited,Engineering - EPC,Khandwala Securities Limited,Chennai,49.98,2023-09-29,1970-01-01,,2023-09,2023,9,https://www.ipoplatform.com/ipo/vishnusurya-projects-and-infra-ipo/2357
2356,SME,Arabian Petroleum Limited,Chemical,Hem Securities Limited,Mumbai,20.24,2023-09-25,1970-01-01,,2023-09,2023,9,https://www.ipoplatform.com/ipo/arabian-petroleum-ipo/2356
2355,SME,E Factor Experiences Limited,Advertising and Media,Hem Securities Limited,New Delhi,25.92,2023-09-27,1970-01-01,,2023-09,2023,9,https://www.ipoplatform.com/ipo/e-factor-experiences-ipo/2355
2354,SME,Vinyas Innovative Technologies Limited,Electric Equipments - OEM,Sarthi Capital Advisors Private Limited,Mysore,54.66,2023-09-27,1970-01-01,,2023-09,2023,9,https://www.ipoplatform.com/ipo/vinyas-innovative-technologies-ipo/2354
2353,SME,Organic Recycling Systems Limited,ESG,Arihant Capital Markets Limited,Mumbai,50.0,2023-09-21,1970-01-01,,2023-09,2023,9,https://www.ipoplatform.com/ipo/organic-recycling-systems-ipo/2353
2352,SME,Newjaisa Technologies Limited,Information Technology - Hardware,Indorient Financial Services Limited,New Delhi,39.93,2023-09-25,1970-01-01,,2023-09,2023,9,https://www.ipoplatform.com/ipo/newjaisa-technologies-ipo/2352
2351,SME,Inspire Films Limited,Advertising and Media,Narnolia Financial Services Limited,Mumbai,21.23,2023-09-25,1970-01-01,,2023-09,2023,9,https://www.ipoplatform.com/ipo/inspire-films-ipo/2351
2350,SME,Mangalam Alloys Limited,Steel,Expert Global Consultants Private Limited,Gandhinagar,54.91,2023-09-21,1970-01-01,,2023-09,2023,9,https://www.ipoplatform.com/ipo/mangalam-alloys-ipo/2350
2349,SME,Digikore Studios limited,Film and Animation - VFX,Sarthi Capital Advisors Private Limited,Pune,30.48,2023-09-25,1970-01-01,,2023-09,2023,9,https://www.ipoplatform.com/ipo/digikore-studios-ipo/2349
2348,SME,Saakshi Medtech and Panelslimited,Electric Equipments,Hem Securities Limited,Pune,45.16,2023-09-25,1970-01-01,,2023-09,2023,9,https://www.ipoplatform.com/ipo/saakshi-medtech-and-panels-ipo/2348
2347,SME,Master Components Limited,Plastic and Polymer,Aryaman Financial Services Limited,Nashik,15.43,2023-09-18,1970-01-01,,2023-09,2023,9,https://www.ipoplatform.com/ipo/master-components-ipo/2347
2346,SME,Marco Cables & Conductors Limited,Cables and Wires,Shreni Shares Limited,Mumbai,18.73,2023-09-21,1970-01-01,,2023-09,2023,9,https://www.ipoplatform.com/ipo/marco-cables-conductors-ipo/2346
2345,SME,Hi-Green Carbon Limited,Recycling - Waste,Beeline Capital Advisors Private Limited,Rajkot,52.8,2023-09-21,1970-01-01,,2023-09,2023,9,https://www.ipoplatform.com/ipo/hi-green-carbon-ipo/2345
2344,SME,Cellecor Gadgets Limited,Electric Equipments,Narnolia Financial Services Limited,New Delhi,50.77,2023-09-15,,,2023-09,2023,9,https://www.ipoplatform.com/ipo/cellecor-gadgets-ipo/2344
2343,SME,Techknowgreen Solutions Limited,ESG,Indorient Financial Services Limited,Pune,16.72,2023-09-18,1970-01-01,,2023-09,2023,9,https://www.ipoplatform.com/ipo/techknowgreen-solutions-ipo/2343
2342,SME,Kody Technolab Limited,Information Technology  - Data Solutions,Beeline Capital Advisors Private Limited,Ahmedabad,27.52,2023-09-15,1970-01-01,,2023-09,2023,9,https://www.ipoplatform.com/ipo/kody-technolab-ipo/2342
2341,SME,Madhusudan Masala Limited,Agro - Food Products,Hem Securities Limited,Jamnagar,23.8,2023-09-18,1970-01-01,,2023-09,2023,9,https://www.ipoplatform.com/ipo/madhusudan-masala-ipo/2341
2340,SME,Kundan Edifice Limited,Electric Equipments - OEM,Fedex Securities Private Limited,Palghar,25.22,2023-09-12,1970-01-01,,2023-09,2023,9,https://www.ipoplatform.com/ipo/kundan-edifice-ipo/2340
2339,SME,Holmarc Opto-Mechatronics Limited,Engineering,Finshore Management Services Limited,Ernakulam,11.4,2023-09-15,1970-01-01,,2023-09,2023,9,https://www.ipoplatform.com/ipo/holmarc-opto-mechatronics-ipo/2339
2338,SME,Chavda Infra Limited,Real Estate,Beeline Capital Advisors Private Limited,Ahmedabad,43.26,2023-09-12,1970-01-01,,2023-09,2023,9,https://www.ipoplatform.com/ipo/chavda-infra-ipo/2338
2337,SME,Meson Valves India Limited,Valves,Shreni Shares Limited,Goa,31.09,2023-09-08,1970-01-01,,2023-09,2023,9,https://www.ipoplatform.com/ipo/meson-valves-india-ipo/2337
2336,SME,Unihealth Consultancy Limited,Healthcare,Unistone Capital Private Limited,Mumbai,56.55,2023-09-08,1970-01-01,,2023-09,2023,9,https://www.ipoplatform.com/ipo/unihealth-consultancy-ipo/2336
2335,SME,Jiwanram Sheoduttrai Industries Limited,Healthcare - Gloves,Affinity Global Capital Market Private Limited,Kolkata,17.07,2023-09-08,1970-01-01,,2023-09,2023,9,https://www.ipoplatform.com/ipo/jiwanram-sheoduttrai-industries-ipo/2335
2334,SME,Kahan Packaging Limited,Packaging & Disposables,Hem Securities Limited,Mumbai,5.76,2023-09-06,1970-01-01,,2023-09,2023,9,https://www.ipoplatform.com/ipo/kahan-packaging-ipo/2334
2333,SME,Pramara Promotions Limited,Corporate Solutions - Gifts,Fedex Securities Private Limited,Mumbai,15.27,2023-09-01,1970-01-01,,2023-09,2023,9,https://www.ipoplatform.com/ipo/pramara-promotions-ipo/2333
2331,SME,Basilic Fly Studio Limited,Film and Animation - VFX,GYR Capital Advisors Private Limited,Chennai,66.35,2023-09-01,1970-01-01,,2023-09,2023,9,https://www.ipoplatform.com/ipo/basilic-fly-studio-ipo/2331
3040,Main Board,SBFC Finance Limited,Banking and Finance,Axis Capital Limited Axis Capital Limited and ICICI Securities Limited and Kotak Mahindra Capital Company Limited +,Mumbai,1025.0,2023-08-03,1970-01-01,,2023-08,2023,8,https://www.ipoplatform.com/ipo/sbfc-finance-ipo/3040
3039,Main Board,Concord Biotech Limited,Pharmaceutical,Citigroup Global Markets India Private Limited Citigroup Global Markets India Private Limited and Jefferies India Private Limited and Kotak Mahindra Capital Company Limited +,Ahmedabad,1551.0,2023-08-04,1970-01-01,,2023-08,2023,8,https://www.ipoplatform.com/ipo/concord-biotech-ipo/3039
3038,Main Board,TVS Supply Chain Solutions Limited,Logistics,Axis Capital Limited Axis Capital Limited and Bnp Paribas and J.P. Morgan India Private Limited and Jm Financial Limited +,Chennai,880.0,2023-08-10,1970-01-01,,2023-08,2023,8,https://www.ipoplatform.com/ipo/tvs-supply-chain-solutions-ipo/3038
3037,Main Board,Pyramid Technoplast Limited,Packaging & Disposables,First Overseas Capital Limited First Overseas Capital Limited and Pnb Investment Services Limited +,Mumbai,153.05,2023-08-18,1970-01-01,,2023-08,2023,8,https://www.ipoplatform.com/ipo/pyramid-technoplast-ipo/3037
3036,Main Board,Aeroflex Industries Limited,Engineering,Pantomath Capital Advisors Private Limited,Mumbai,351.0,2023-08-22,1970-01-01,,2023-08,2023,8,https://www.ipoplatform.com/ipo/aeroflex-industries-ipo/3036
3035,Main Board,Vishnu Prakash R Punglia Limited,Engineering - EPC,Pantomath Capital Advisors Private Limited Pantomath Capital Advisors Private Limited and Choice Capital Advisors Private Limited +,Mumbai,308.88,2023-08-24,1970-01-01,,2023-08,2023,8,https://www.ipoplatform.com/ipo/vishnu-prakash-r-punglia-ipo/3035
3034,Main Board,Rishabh Instruments Limited,Engineering,Dam Capital Advisors Limited (Formerly Idfc Securities Limited) Dam Capital Advisors Limited (Formerly Idfc Securities Limited) and Mirae Asset Capital Markets (India) Private Limited and Motilal Oswal Investment Advisors Limited +,Mumbai,490.78,2023-08-30,1970-01-01,,2023-08,2023,8,https://www.ipoplatform.com/ipo/rishabh-instruments-ipo/3034
2332,SME,Saroja Pharma Industries India Limited,Chemical - Speciality,Swastika Investmart Limited,Mumbai,9.11,2023-08-31,1970-01-01,,2023-08,2023,8,https://www.ipoplatform.com/ipo/saroja-pharma-industries-ipo/2332
2330,SME,CPS Shapers Limited,Textiles,Shreni Shares Limited,Palghar,11.1,2023-08-29,1970-01-01,,2023-08,2023,8,https://www.ipoplatform.com/ipo/c-p-s-shapers-ipo/2330
2329,SME,Mono Pharmacare Limited,Pharmaceutical,Unistone Capital Private Limited,Ahmedabad,14.84,2023-08-28,1970-01-01,,2023-08,2023,8,https://www.ipoplatform.com/ipo/mono-pharmacare-ipo/2329
2328,SME,Sahaj Fashions Limited,Textiles - Fabrics,Khambatta Securities Limited,Kishangarh,13.96,2023-08-25,1970-01-01,,2023-08,2023,8,https://www.ipoplatform.com/ipo/sahaj-fashions-ipo/2328
2327,SME,Sungarner Energies Limited,Electric Equipments,Fast Track Finsec Private Limited,New Delhi,5.31,2023-08-21,1970-01-01,,2023-08,2023,8,https://www.ipoplatform.com/ipo/sungarner-energies-ipo/2327
2326,SME,Bondada Engineering Limited,Engineering - EPC,Vivro Financial Services Private Limited,Hyderabad,42.72,2023-08-18,1970-01-01,,2023-08,2023,8,https://www.ipoplatform.com/ipo/bondada-engineering-ipo/2326
2325,SME,Crop Life Science Limited,Chemical - Pesticides,Interactive Financial Services Limited,Ahmedabad,26.73,2023-08-18,1970-01-01,,2023-08,2023,8,https://www.ipoplatform.com/ipo/crop-life-science-ipo/2325
2324,SME,Shoora Designs Limited,Jewellery,Swaraj Shares and Securities Private Limited,Surat,2.03,2023-08-17,1970-01-01,,2023-08,2023,8,https://www.ipoplatform.com/ipo/shoora-designs-ipo/2324
2323,SME,Shelter Pharma Limited,Pharmaceutical - Ayurvedic,Gretex Corporate Services Limited,Himmatnagar,16.03,2023-08-10,1970-01-01,,2023-08,2023,8,https://www.ipoplatform.com/ipo/shelter-pharma-ipo/2323
2322,SME,Srivari Spices and Foods Limited,Agro - Flour Mill,GYR Capital Advisors Private Limited,Hyderabad,9.0,2023-08-07,1970-01-01,,2023-08,2023,8,https://www.ipoplatform.com/ipo/srivari-spices-and-foods-ipo/2322
2321,SME,Sangani Hospitals Limited,Healthcare - Hospitals and Clinic,Unistone Capital Private Limited,Junagadh,15.17,2023-08-04,1970-01-01,,2023-08,2023,8,https://www.ipoplatform.com/ipo/sangani-hospitals-ipo/2321
2320,SME,Yudiz Solutions Limited,Information Technology  - Data Solutions,Narnolia Financial Services Limited,Ahmedabad,44.84,2023-08-04,1970-01-01,,2023-08,2023,8,https://www.ipoplatform.com/ipo/yudiz-solutions-ipo/2320
2319,SME,Oriana Power Limited,Solar - Panels,Corporate Capital Ventures Private Limited,New Delhi,59.66,2023-08-01,1970-01-01,,2023-08,2023,8,https://www.ipoplatform.com/ipo/oriana-power-ipo/2319
2318,SME,Vinsys IT Services Limited,Education - Edtech,Beeline Capital Advisors Private Limited,Pune,49.84,2023-08-01,1970-01-01,,2023-08,2023,8,https://www.ipoplatform.com/ipo/vinsys-it-services-ipo/2318
3044,Main Board,Senco Gold Limited,Jewellery,Ambit Private Limited Ambit Private Limited and IIFL Securities Limited and SBI Capital Markets Limited +,Kolkata,405.0,2023-07-04,1970-01-01,,2023-07,2023,7,https://www.ipoplatform.com/ipo/senco-gold-ipo/3044
3043,Main Board,Utkarsh Small Finance Bank Limited,Banking and Finance,ICICI Securities Limited ICICI Securities Limited and Kotak Mahindra Capital Company Limited +,Varanasi,500.0,2023-07-12,1970-01-01,,2023-07,2023,7,https://www.ipoplatform.com/ipo/utkarsh-small-finance-bank-ipo/3043
3042,Main Board,Netweb Technologies India Limited,Information Technology  - Data Solutions,Equirus Capital Private Limited Equirus Capital Private Limited and IIFL Securities Limited +,Faridabad,631.0,2023-07-17,1970-01-01,,2023-07,2023,7,https://www.ipoplatform.com/ipo/netweb-technologies-india-ipo/3042
3041,Main Board,Yatharth Hospital and Trauma Care Services Limited,Healthcare - Hospitals and Clinic,Intensive Fiscal Services Private Limited Intensive Fiscal Services Private Limited and Ambit Private Limited and IIFL Securities Limited +,New Delhi,686.55,2023-07-26,1970-01-01,,2023-07,2023,7,https://www.ipoplatform.com/ipo/yatharth-hospital-ipo/3041
2317,SME,Zeal Global Services Limited,Logistics,Expert Global Consultants Private Limited,New Delhi,36.46,2023-07-28,1970-01-01,,2023-07,2023,7,https://www.ipoplatform.com/ipo/zeal-global-services-ipo/2317
2316,SME,Khazanchi Jewellers Limited,Jewellery,Mark Corporate Advisors Private Limited,Chennai,97.0,2023-07-24,1970-01-01,,2023-07,2023,7,https://www.ipoplatform.com/ipo/khazanchi-jewellers-ipo/2316
2315,SME,Innovatus Entertainment Networks Limited,Advertising and Media - Events,Inventure Merchant Banker Services Private Limited,Mumbai,7.74,2023-07-25,1970-01-01,,2023-07,2023,7,https://www.ipoplatform.com/ipo/innovatus-entertainment-networks-ipo/2315
2314,SME,Shri Techtex Limited,Textiles - Fabrics,Beeline Capital Advisors Private Limited,Ahmedabad,45.14,2023-07-26,1970-01-01,,2023-07,2023,7,https://www.ipoplatform.com/ipo/shri-techtex-ipo/2314
2313,SME,Yasons Chemex Care Limited,Chemical,Fedex Securities Private Limited,Ahmedabad,20.57,2023-07-24,1970-01-01,,2023-07,2023,7,https://www.ipoplatform.com/ipo/yasons-chemex-care-ipo/2313
2312,SME,Asarfi Hospital Limited,Healthcare,Hem Securities Limited,Dhanbad,26.94,2023-07-17,1970-01-01,,2023-07,2023,7,https://www.ipoplatform.com/ipo/asarfi-hospital-ipo/2312
2311,SME,Service Care Limited,Corporate Solutions,Swastika Investmart Limited,Bengaluru,20.68,2023-07-14,1970-01-01,,2023-07,2023,7,https://www.ipoplatform.com/ipo/service-care-ipo/2311
2310,SME,Ahasolar Technologies Limited,Solar - Panels,Beeline Capital Advisors Private Limited,Ahmedabad,12.85,2023-07-10,1970-01-01,,2023-07,2023,7,https://www.ipoplatform.com/ipo/ahasolar-technologies-ipo/2310
2309,SME,Drone Destination Limited,Drone,Narnolia Financial Services Limited,New Delhi,44.2,2023-07-07,1970-01-01,,2023-07,2023,7,https://www.ipoplatform.com/ipo/drone-destination-ipo/2309
2308,SME,AccelerateBS India Limited,Information Technology  - Data Solutions,Shreni Shares Limited,Mumbai,5.69,2023-07-06,1970-01-01,,2023-07,2023,7,https://www.ipoplatform.com/ipo/acceleratebs-india-ipo/2308
2307,SME,Kaka Industries Limited,Plastic and Polymer,Hem Securities Limited,Ahmedabad,21.23,2023-07-10,1970-01-01,,2023-07,2023,7,https://www.ipoplatform.com/ipo/kaka-industries-ipo/2307
2306,SME,Alphalogic Industries Limited,Furniture - Industrial Storage,Finshore Management Services Limited,Pune,12.88,2023-07-03,1970-01-01,,2023-07,2023,7,https://www.ipoplatform.com/ipo/alphalogic-industries-ipo/2306
3048,Main Board,IKIO Lighting Limited,Electric Equipments,Motilal Oswal Investment Advisors Limited,New Delhi,606.5,2023-06-06,1970-01-01,,2023-06,2023,6,https://www.ipoplatform.com/ipo/ikio-lighting-ipo/3048
3047,Main Board,HMA Agro Industries Limited,Agro,Aryaman Financial Services Limited,Agra,480.0,2023-06-20,,,2023-06,2023,6,https://www.ipoplatform.com/ipo/hma-agro-industries-ipo/3047
3046,Main Board,ideaForge Technology Limited,Drone,IIFL Securities Limited IIFL Securities Limited and Jm Financial Limited +,Mumbai,567.29,2023-06-26,1970-01-01,,2023-06,2023,6,https://www.ipoplatform.com/ipo/ideaforge-technology-ipo/3046
3045,Main Board,Cyient DLM Limited,Electric Equipments,Axis Capital Limited Axis Capital Limited and Jm Financial Limited +,Hyderabad,592.0,2023-06-27,1970-01-01,,2023-06,2023,6,https://www.ipoplatform.com/ipo/cyient-dlm-ipo/3045
2840,SME,Magenta Lifecare Limited,Textiles,Fedex Securities Private Limited,Vadodara,7.0,2023-06-05,1970-01-01,,2023-06,2023,6,https://www.ipoplatform.com/ipo/magenta-lifecare-ipo/2840
2838,SME,Sattrix Information Security Limited,Information Technology  - Data Solutions,Isk Advisors Private Limited,Ahmedabad,21.78,2023-06-05,1970-01-01,,2023-06,2023,6,https://www.ipoplatform.com/ipo/sattrix-ipo/2838
2305,SME,Synoptics Technologies Limited,Information Technology  - Data Solutions,First Overseas Capital Limited,Mumbai,54.03,2023-06-30,1970-01-01,,2023-06,2023,6,https://www.ipoplatform.com/ipo/synoptics-technologies-ipo/2305
2304,SME,Tridhya Tech Limited,Information Technology  - Data Solutions,Interactive Financial Services Limited,Ahmedabad,26.41,2023-06-30,1970-01-01,,2023-06,2023,6,https://www.ipoplatform.com/ipo/tridhya-tech-ipo/2304
2303,SME,Global Pet Industries Limited,Engineering - Heavy Machinery,Shreni Shares Limited,Palghar,13.23,2023-06-28,1970-01-01,,2023-06,2023,6,https://www.ipoplatform.com/ipo/global-pet-industries-ipo/2303
2302,SME,Pentagon Rubber Limited,Rubber,Beeline Capital Advisors Private Limited,Mohali,16.17,2023-06-26,1970-01-01,,2023-06,2023,6,https://www.ipoplatform.com/ipo/pentagon-rubber-ipo/2302
2301,SME,Magson Retail And Distribution Limited,FMCG - Snacks and Beverages,Isk Advisors Private Limited,Ahmedabad,13.74,2023-06-23,1970-01-01,,2023-06,2023,6,https://www.ipoplatform.com/ipo/magson-retail-and-distribution-ipo/2301
2300,SME,Greenchef Appliances Limited,Electric Equipments,Hem Securities Limited,Bengaluru,53.62,2023-06-23,1970-01-01,,2023-06,2023,6,https://www.ipoplatform.com/ipo/greenchef-appliances-ipo/2300
2299,SME,Essen Speciality Films Limited,Plastic and Polymer,GYR Capital Advisors Private Limited,Rajkot,66.33,2023-06-23,1970-01-01,,2023-06,2023,6,https://www.ipoplatform.com/ipo/essen-speciality-films-ipo/2299
2298,SME,Veefin Solutions Limited,Banking and Finance - FinTech,Shreni Shares Limited,Mumbai,46.73,2023-06-22,1970-01-01,,2023-06,2023,6,https://www.ipoplatform.com/ipo/veefin-solutions-ipo/2298
2297,SME,Aatmaj Healthcare Limited,Healthcare - Hospitals and Clinic,Nirbhay Capital Services Private Limited,Vadodara,38.4,2023-06-19,1970-01-01,,2023-06,2023,6,https://www.ipoplatform.com/ipo/aatmaj-healthcare-ipo/2297
2296,SME,Vilin Bio Med Limited,Pharmaceutical,Inventure Merchant Banker Services Private Limited,Secunderabad,12.0,2023-06-16,1970-01-01,,2023-06,2023,6,https://www.ipoplatform.com/ipo/vilin-bio-med-ipo/2296
2295,SME,Cosmic CRF Limited,Steel,Horizon Management Private Limited,Kolkata,57.21,2023-06-14,1970-01-01,,2023-06,2023,6,https://www.ipoplatform.com/ipo/cosmic-crf-ipo/2295
2294,SME,Cell Point (India) Limited,Electric Equipments,First Overseas Capital Limited,Visakhapatnam,50.34,2023-06-15,1970-01-01,,2023-06,2023,6,https://www.ipoplatform.com/ipo/cell-point-india-ipo/2294
2293,SME,Bizotic Commercial Limited,Textiles,Interactive Financial Services Limited,Ahmedabad,42.21,2023-06-12,1970-01-01,,2023-06,2023,6,https://www.ipoplatform.com/ipo/bizotic-commercial-ipo/2293
2292,SME,Urban Enviro Waste Management Limited,ESG - Waste,Pantomath Capital Advisors Private Limited,Nagpur,11.42,2023-06-12,1970-01-01,,2023-06,2023,6,https://www.ipoplatform.com/ipo/urban-enviro-waste-management-ipo/2292
2291,SME,Spectrum Talent Management Limited,Human Resources and Manpower,Sarthi Capital Advisors Private Limited,New Delhi,105.14,2023-06-09,1970-01-01,,2023-06,2023,6,https://www.ipoplatform.com/ipo/spectrum-talent-management-ipo/2291
2290,SME,Sonalis Consumer Products Limited,FMCG - Snacks and Beverages,Expert Global Consultants Private Limited,Mumbai,2.83,2023-06-07,1970-01-01,,2023-06,2023,6,https://www.ipoplatform.com/ipo/sonalis-consumer-products-ipo/2290
2289,SME,Kore Digital Limited,Telecom,First Overseas Capital Limited,Mumbai,18.0,2023-06-02,1970-01-01,,2023-06,2023,6,https://www.ipoplatform.com/ipo/kore-digital-ipo/2289
3049,Main Board,Nexus Select Trust- REIT,Real Estate - REIT,Axis Capital Limited Axis Capital Limited and Bofa Securities India Limited and Citigroup Global Markets India Private Limited and Hsbc Securities & Capital Markets Private limited and J.P. Morgan India Private Limited and Kotak Mahindra Capital Company Limited and Morgan Stanley India Company Private Limited and SBI Capital Markets Limited +,Mumbai,3200.0,2023-05-09,1970-01-01,,2023-05,2023,5,https://www.ipoplatform.com/ipo/nexus-select-trust-reit/3049
2288,SME,Comrade Appliances Limited,Electric Equipments,Gretex Corporate Services Limited,Mumbai,12.3,2023-05-31,1970-01-01,,2023-05,2023,5,https://www.ipoplatform.com/ipo/comrade-appliances-ipo/2288
2287,SME,Sahana System Limited,Information Technology  - Data Solutions,Unistone Capital Private Limited Unistone Capital Private Limited and Interactive Financial Services Limited +,Ahmedabad,32.74,2023-05-31,1970-01-01,,2023-05,2023,5,https://www.ipoplatform.com/ipo/sahana-system-ipo/2287
2286,SME,CFF Fluid Control Limited,Engineering - Heavy Machinery,Aryaman Financial Services Limited,Raigarh,85.8,2023-05-30,1970-01-01,,2023-05,2023,5,https://www.ipoplatform.com/ipo/cff-fluid-control-ipo/2286
2285,SME,Infollion Research Services Limited,Human Resources and Manpower,Holani Consultants Private Limited,New Delhi,21.45,2023-05-29,1970-01-01,,2023-05,2023,5,https://www.ipoplatform.com/ipo/infollion-research-services-ipo/2285
2284,SME,Proventus Agrocom Limited,FMCG - Snacks and Beverages,Sundae Capital Advisors,Mumbai,69.54,2023-05-24,1970-01-01,,2023-05,2023,5,https://www.ipoplatform.com/ipo/proventus-agrocom-ipo/2284
2283,SME,Hemant Surgical Industries Limited,Healthcare,Hem Securities Limited,Mumbai,24.84,2023-05-24,1970-01-01,,2023-05,2023,5,https://www.ipoplatform.com/ipo/hemant-surgical-industries-ipo/2283
2282,SME,Vasa Denticity Limited,Healthcare,Hem Securities Limited,New Delhi,54.07,2023-05-23,1970-01-01,,2023-05,2023,5,https://www.ipoplatform.com/ipo/vasa-denticity-ipo/2282
2281,SME,Crayons Advertising Limited,Advertising and Media,Corporate Capital Ventures Private Limited,New Delhi,41.8,2023-05-22,1970-01-01,,2023-05,2023,5,https://www.ipoplatform.com/ipo/crayons-advertising-ipo/2281
2280,SME,Remus Pharmaceuticals Limited,Pharmaceutical,Beeline Capital Advisors Private Limited,Ahmedabad,47.69,2023-05-17,1970-01-01,,2023-05,2023,5,https://www.ipoplatform.com/ipo/remus-pharmaceuticals-ipo/2280
2279,SME,Krishca Strapping Solutions Limited,Steel,Share India Capital Services Private Limited,Tiruvallur,17.93,2023-05-16,1970-01-01,,2023-05,2023,5,https://www.ipoplatform.com/ipo/krishca-strapping-solutions-ipo/2279
2278,SME,Auro Impex & Chemicals Limited,Chemical,Affinity Global Capital Market Private Limited,Kolkata,27.07,2023-05-11,1970-01-01,,2023-05,2023,5,https://www.ipoplatform.com/ipo/auro-impex-chemicals-ipo/2278
3051,Main Board,Avalon Technologies Limited,Electric Equipments - OEM,Dam Capital Advisors Limited (Formerly Idfc Securities Limited) Dam Capital Advisors Limited (Formerly Idfc Securities Limited) and IIFL Securities Limited and Jm Financial Limited and Nomura Financial Advisory And Securities (India) Private Limited +,Chennai,865.0,2023-04-03,1970-01-01,,2023-04,2023,4,https://www.ipoplatform.com/ipo/avalon-technologies-ipo/3051
3050,Main Board,Mankind Pharma Limited,Pharmaceutical,Axis Capital Limited Axis Capital Limited and IIFL Securities Limited and Jefferies India Private Limited and Kotak Mahindra Capital Company Limited +,New Delhi,4326.36,2023-04-25,1970-01-01,,2023-04,2023,4,https://www.ipoplatform.com/ipo/mankind-pharma-ipo/3050
2277,SME,Innokaiz India Limited,Advertising and Media - Events,Gretex Corporate Services Limited,Chennai,21.17,2023-04-28,1970-01-01,,2023-04,2023,4,https://www.ipoplatform.com/ipo/innokaiz-india-ipo/2277
2276,SME,De Neers Tools Limited,Steel - Tools,Share India Capital Services Private Limited Share India Capital Services Private Limited and Khambatta Securities Limited +,New Delhi,22.99,2023-04-28,1970-01-01,,2023-04,2023,4,https://www.ipoplatform.com/ipo/de-neers-tools-ipo/2276
2275,SME,Retina Paints Limited,Chemical - Paint and Adhesives,Gretex Corporate Services Limited,Hyderabad,11.1,2023-04-19,1970-01-01,,2023-04,2023,4,https://www.ipoplatform.com/ipo/retina-paints-ipo/2275
2274,SME,Quicktouch Technologies Limited,Information Technology,Share India Capital Services Private Limited Share India Capital Services Private Limited and Khambatta Securities Limited +,New Delhi,9.33,2023-04-18,1970-01-01,,2023-04,2023,4,https://www.ipoplatform.com/ipo/quicktouch-technologies-ipo/2274
2273,SME,AG Universal Limited,Steel,Share India Capital Services Private Limited,New Delhi,8.72,2023-04-11,1970-01-01,,2023-04,2023,4,https://www.ipoplatform.com/ipo/a-g-universal-ipo/2273
2272,SME,Pattech Fitwell Tube Components Limited,Automobile - Forging and Casting,Fedex Securities Private Limited,Vadodara,12.0,2023-04-05,1970-01-01,,2023-04,2023,4,https://www.ipoplatform.com/ipo/pattech-fitwell-tube-components-ipo/2272
3054,Main Board,Divgi TorqTransfer Systems Limited,Electric Equipments - OEM,Equirus Capital Private Limited Equirus Capital Private Limited and Inga Ventures Private Limited +,Pune,412.12,2023-03-01,1970-01-01,,2023-03,2023,3,https://www.ipoplatform.com/ipo/divgi-torqtransfer-systems-ipo/3054
3053,Main Board,Global Surfaces Limited,Ceramic and Stone,Unistone Capital Private Limited,Jaipur,154.98,2023-03-13,1970-01-01,,2023-03,2023,3,https://www.ipoplatform.com/ipo/global-surfaces-ipo/3053
3052,Main Board,Udayshivakumar Infra Limited,Infrastructure,Saffron Capital Advisors Private Limited,Davangere,66.0,2023-03-20,1970-01-01,,2023-03,2023,3,https://www.ipoplatform.com/ipo/udayshivakumar-infra-ipo/3052
2271,SME,Sancode Technologies Limited,Information Technology - SaaS,Shreni Shares Limited,Mumbai,5.15,2023-03-31,1970-01-01,,2023-03,2023,3,https://www.ipoplatform.com/ipo/sancode-technologies-ipo/2271
2270,SME,MOS Utility Limited,Banking and Finance - FinTech,Unistone Capital Private Limited,Mumbai,49.97,2023-03-31,1970-01-01,,2023-03,2023,3,https://www.ipoplatform.com/ipo/mos-utility-ipo/2270
2269,SME,Exhicon Events Media Solutions Limited,Advertising and Media - Events,Share India Capital Services Private Limited,Mumbai,21.12,2023-03-31,1970-01-01,,2023-03,2023,3,https://www.ipoplatform.com/ipo/exhicon-events-media-solutions-ipo/2269
2268,SME,Infinium Pharmachem Limited,Pharmaceutical,Swastika Investmart Limited,Anand,25.26,2023-03-31,1970-01-01,,2023-03,2023,3,https://www.ipoplatform.com/ipo/infinium-pharmachem-ipo/2268
2267,SME,Sotac Pharmaceuticals Limited,Pharmaceutical,Beeline Capital Advisors Private Limited,Ahmedabad,33.3,2023-03-29,1970-01-01,,2023-03,2023,3,https://www.ipoplatform.com/ipo/sotac-pharmaceuticals-ipo/2267
2266,SME,Maiden Forgings Limited,Steel,Share India Capital Services Private Limited,New Delhi,23.84,2023-03-23,1970-01-01,,2023-03,2023,3,https://www.ipoplatform.com/ipo/maiden-forgings-ipo/2266
2265,SME,Command Polymers Limited,Plastic and Polymer,Aryaman Financial Services Limited,Parganas,7.09,2023-03-17,1970-01-01,,2023-03,2023,3,https://www.ipoplatform.com/ipo/command-polymers-ipo/2265
2264,SME,Dev Labtech Venture Limited,Jewellery,Beeline Capital Advisors Private Limited,Bhavnagar,11.22,2023-03-17,1970-01-01,,2023-03,2023,3,https://www.ipoplatform.com/ipo/dev-labtech-venture-ipo/2264
2263,SME,Nirman Agri Genetics Limited,Chemical - Pesticides,First Overseas Capital Limited,Nashik,20.3,2023-03-15,1970-01-01,,2023-03,2023,3,https://www.ipoplatform.com/ipo/nirman-agri-genetics-ipo/2263
2262,SME,Bright Outdoor Media Limited,Advertising and Media,Shreni Shares Limited,Mumbai,55.48,2023-03-14,1970-01-01,,2023-03,2023,3,https://www.ipoplatform.com/ipo/bright-outdoor-media-ipo/2262
2261,SME,Quality Foils India Limited,Steel - Tubes and Pipes,Khambatta Securities Limited,Hisar,4.52,2023-03-14,1970-01-01,,2023-03,2023,3,https://www.ipoplatform.com/ipo/quality-foils-india-ipo/2261
2260,SME,Labelkraft Technologies Limited,Information Technology  - Data Solutions,Hem Securities Limited,Bengaluru,4.75,2023-03-13,1970-01-01,,2023-03,2023,3,https://www.ipoplatform.com/ipo/labelkraft-technologies-ipo/2260
2259,SME,VELS Film International Limited,Film and Animation - VFX,Khambatta Securities Limited,Chennai,33.74,2023-03-10,1970-01-01,,2023-03,2023,3,https://www.ipoplatform.com/ipo/vels-film-international-ipo/2259
2258,SME,Sudarshan Pharma Industries Limited,Pharmaceutical,Gretex Corporate Services Limited,Mumbai,50.1,2023-03-09,1970-01-01,,2023-03,2023,3,https://www.ipoplatform.com/ipo/sudarshan-pharma-industries-ipo/2258
2257,SME,Prospect Commodities Limited,Agro - Food Products,Interactive Financial Services Limited,Ahmedabad,7.48,2023-03-08,1970-01-01,,2023-03,2023,3,https://www.ipoplatform.com/ipo/prospect-commodities-ipo/2257
2256,SME,MCON Rasayan India Limited,Chemical - Paint and Adhesives,GYR Capital Advisors Private Limited,Mumbai,6.84,2023-03-06,1970-01-01,,2023-03,2023,3,https://www.ipoplatform.com/ipo/mcon-rasayan-india-ipo/2256
2255,SME,Vertexplus Technologies Limited,Information Technology  - Data Solutions,Beeline Capital Advisors Private Limited,Jaipur,14.2,2023-03-02,1970-01-01,,2023-03,2023,3,https://www.ipoplatform.com/ipo/vertexplus-technologies-ipo/2255
2254,SME,Systango Technologies Limited,Information Technology  - Data Solutions,Hem Securities Limited,Indore,34.82,2023-03-02,1970-01-01,,2023-03,2023,3,https://www.ipoplatform.com/ipo/systango-technologies-ipo/2254
2986,Main Board,Vibhor Steel Tubes Limited,Steel - Tubes and Pipes,Khambatta Securities Limited,Hisar,72.17,2023-02-13,1970-01-01,,2023-02,2023,2,https://www.ipoplatform.com/ipo/vibhor-steel-tubes-ipo/2986
2253,SME,ResGen Limited,Chemical,Gretex Corporate Services Limited,Mumbai,28.2,2023-02-28,1970-01-01,,2023-02,2023,2,https://www.ipoplatform.com/ipo/resgen-ipo/2253
2252,SME,ITCONS E-Solutions Limited,Human Resources and Manpower,Finshore Management Services Limited,New Delhi,8.67,2023-02-28,1970-01-01,,2023-02,2023,2,https://www.ipoplatform.com/ipo/itcons-e-solutions-ipo/2252
2251,SME,Amanaya Ventures Limited,Jewellery,First Overseas Capital Limited,Amritsar,2.76,2023-02-24,1970-01-01,,2023-02,2023,2,https://www.ipoplatform.com/ipo/amanaya-ventures-ipo/2251
2250,SME,Srivasavi Adhesive Tapes Limited,Chemical - Paint and Adhesives,Shreni Shares Limited,Bengaluru,15.5,2023-02-23,1970-01-01,,2023-02,2023,2,https://www.ipoplatform.com/ipo/srivasavi-adhesive-tapes-ipo/2250
2249,SME,S.V.J. Enterprises Limited,Packaging & Disposables,First Overseas Capital Limited,Mumbai,6.12,2023-02-23,1970-01-01,,2023-02,2023,2,https://www.ipoplatform.com/ipo/svj-enterprises-ipo/2249
2248,SME,Patron Exim Limited,Pharmaceutical,Interactive Financial Services Limited,Ahmedabad,16.69,2023-02-21,1970-01-01,,2023-02,2023,2,https://www.ipoplatform.com/ipo/patron-exim-ipo/2248
2247,SME,Sealmatic India Limited,Engineering,Isk Advisors Private Limited,Mumbai,56.24,2023-02-17,1970-01-01,,2023-02,2023,2,https://www.ipoplatform.com/ipo/sealmatic-india-ipo/2247
2246,SME,Macfos Limited,Electric Equipments,Hem Securities Limited,Pune,23.74,2023-02-17,1970-01-01,,2023-02,2023,2,https://www.ipoplatform.com/ipo/macfos-ipo/2246
2245,SME,Viaz Tyres Limited,Rubber,Beeline Capital Advisors Private Limited,Ahmedabad,20.0,2023-02-16,1970-01-01,,2023-02,2023,2,https://www.ipoplatform.com/ipo/viaz-tyres-ipo/2245
2244,SME,Agarwal Float Glass India Limited,Glass,GYR Capital Advisors Private Limited,Jaipur,9.2,2023-02-10,1970-01-01,,2023-02,2023,2,https://www.ipoplatform.com/ipo/agarwal-float-glass-india-ipo/2244
2243,SME,Lead Reclaim and Rubber Products Limited,Rubber,Fedex Securities Private Limited,Bharuch,4.88,2023-02-09,1970-01-01,,2023-02,2023,2,https://www.ipoplatform.com/ipo/lead-reclaim-and-rubber-products-ipo/2243
2242,SME,Indong Tea Company Limited,Tea and Coffee,Finshore Management Services Limited,Kolkata,13.01,2023-02-09,1970-01-01,,2023-02,2023,2,https://www.ipoplatform.com/ipo/indong-tea-company-ipo/2242
2241,SME,Shera Energy Limited,Cables and Wires,Holani Consultants Private Limited,Jaipur,35.2,2023-02-07,1970-01-01,,2023-02,2023,2,https://www.ipoplatform.com/ipo/shera-energy-ipo/2241
2240,SME,Earthstahl & Alloys Limited,Steel - Tubes and Pipes,Hem Securities Limited,Raipur,12.96,2023-01-27,1970-01-01,,2023-01,2023,1,https://www.ipoplatform.com/ipo/earthstahl-alloys-ipo/2240
2239,SME,Gayatri Rubbers and Chemicals Limited,Rubber,Khambatta Securities Limited,Faridabad,4.58,2023-01-25,1970-01-01,,2023-01,2023,1,https://www.ipoplatform.com/ipo/gayatri-rubbers-and-chemicals-ipo/2239
2238,SME,Transvoy Logistics India Limited,Logistics,Beeline Capital Advisors Private Limited,Ahmedabad,5.11,2023-01-20,1970-01-01,,2023-01,2023,1,https://www.ipoplatform.com/ipo/transvoy-logistics-india-ipo/2238
2237,SME,Dharni Capital Services Limited,Banking and Finance,Srujan Alpha Capital Advisors Llp,Bengaluru,10.74,2023-01-18,1970-01-01,,2023-01,2023,1,https://www.ipoplatform.com/ipo/dharni-capital-services-ipo/2237
2236,SME,Aristo Bio-Tech and Lifescience Limited,Chemical - Pesticides,Beeline Capital Advisors Private Limited,Vadodara,13.05,2023-01-16,1970-01-01,,2023-01,2023,1,https://www.ipoplatform.com/ipo/aristo-bio-tech-and-lifescience-ipo/2236
2235,SME,Ducol Organics And Colours Limited,Chemical,First Overseas Capital Limited,Mumbai,31.51,2023-01-09,1970-01-01,,2023-01,2023,1,https://www.ipoplatform.com/ipo/ducol-organics-and-colours-ipo/2235
2234,SME,Eastern Logica Infoway Limited,Retail,Oneview Corporate Advisors Private Limited (Formerly known as Guiness Corporate Advisors),Kolkata,16.94,2023-01-05,1970-01-01,,2023-01,2023,1,https://www.ipoplatform.com/ipo/eastern-logica-infoway-ipo/2234
2233,SME,Chaman Metallics Limited,Steel - Iron,Hem Securities Limited,Chandrapur,24.21,2023-01-04,1970-01-01,,2023-01,2023,1,https://www.ipoplatform.com/ipo/chaman-metallics-ipo/2233
3061,Main Board,Sula Vineyards Limited,Liquor and Distilleries,Clsa India Private Limited Clsa India Private Limited and IIFL Securities Limited and Kotak Mahindra Capital Company Limited +,Mumbai,960.35,2022-12-12,1970-01-01,,2022-12,2022,12,https://www.ipoplatform.com/ipo/sula-vineyards-ipo/3061
3060,Main Board,Abans Holdings Limited,Banking and Finance,Aryaman Financial Services Limited,Mumbai,345.6,2022-12-12,1970-01-01,,2022-12,2022,12,https://www.ipoplatform.com/ipo/abans-holdings-ipo/3060
3059,Main Board,Landmark Cars Limited,Automobile,Axis Capital Limited Axis Capital Limited and ICICI Securities Limited +,Ahmedabad,552.0,2022-12-13,1970-01-01,,2022-12,2022,12,https://www.ipoplatform.com/ipo/landmark-cars-ipo/3059
3058,Main Board,KFin Technologies Limited,Banking and Finance,ICICI Securities Limited ICICI Securities Limited and IIFL Securities Limited and J.P. Morgan India Private Limited and Kotak Mahindra Capital Company Limited +,Hyderabad,1500.0,2022-12-19,1970-01-01,,2022-12,2022,12,https://www.ipoplatform.com/ipo/kfin-technologies-ipo/3058
3057,Main Board,Elin Electronics Limited,Electric Equipments,Axis Capital Limited Axis Capital Limited and Jm Financial Limited +,Kolkata,475.0,2022-12-20,1970-01-01,,2022-12,2022,12,https://www.ipoplatform.com/ipo/elin-electronics-ipo/3057
3056,Main Board,Radiant Cash Management Services Limited,Corporate Solutions,IIFL Securities Limited IIFL Securities Limited and Motilal Oswal Investment Advisors Limited and Yes Securities (India) Limited +,Chennai,256.64,2022-12-23,1970-01-01,,2022-12,2022,12,https://www.ipoplatform.com/ipo/radiant-cash-management-ipo/3056
3055,Main Board,Sah Polymers Limited,Packaging & Disposables,Pantomath Capital Advisors Private Limited,Udaipur,66.3,2022-12-30,1970-01-01,,2022-12,2022,12,https://www.ipoplatform.com/ipo/sah-polymers-ipo/3055
2232,SME,Rex Sealing and Packing Industries Limited,Packaging & Disposables,Aryaman Financial Services Limited,Mumbai,8.09,2022-12-30,1970-01-01,,2022-12,2022,12,https://www.ipoplatform.com/ipo/rex-sealing-and-packing-industries-ipo/2232
2231,SME,SVS Ventures Limited,Real Estate,First Overseas Capital Limited,Ahmedabad,11.24,2022-12-30,1970-01-01,,2022-12,2022,12,https://www.ipoplatform.com/ipo/svs-ventures-ipo/2231
2230,SME,Anlon Technology Solutions Limited,Engineering,GYR Capital Advisors Private Limited,Mumbai,15.0,2022-12-29,1970-01-01,,2022-12,2022,12,https://www.ipoplatform.com/ipo/anlon-technology-solutions-ipo/2230
2229,SME,RBM Infracon Limited,Engineering - EPC,Beeline Capital Advisors Private Limited,Baitalpur,8.37,2022-12-23,1970-01-01,,2022-12,2022,12,https://www.ipoplatform.com/ipo/rbm-infracon-ipo/2229
2228,SME,Homesfy Realty Limited,Real Estate - Broking,Sarthi Capital Advisors Private Limited,Mumbai,15.86,2022-12-21,1970-01-01,,2022-12,2022,12,https://www.ipoplatform.com/ipo/homesfy-realty-ipo/2228
2227,SME,Moxsh Overseas Educon Limited,Education - Edtech,Fedex Securities Private Limited,Mumbai,10.42,2022-12-21,1970-01-01,,2022-12,2022,12,https://www.ipoplatform.com/ipo/moxsh-overseas-educon-ipo/2227
2226,SME,Uma Converter Limited,Packaging & Disposables,GYR Capital Advisors Private Limited,Gandhinagar,18.41,2022-12-15,1970-01-01,,2022-12,2022,12,https://www.ipoplatform.com/ipo/uma-converter-ipo/2226
2225,SME,Arihant Academy Limited,Education - Edtech,Shreni Shares Limited,Mumbai,14.72,2022-12-16,1970-01-01,,2022-12,2022,12,https://www.ipoplatform.com/ipo/arihant-academy-ipo/2225
2224,SME,Dollex Agrotech Limited,Agro - Sugar,Expert Global Consultants Private Limited,Indore,24.39,2022-12-15,1970-01-01,,2022-12,2022,12,https://www.ipoplatform.com/ipo/dollex-agrotech-ipo/2224
2223,SME,Droneacharya Aerial Innovations Limited,Drone,Corporate Capital Ventures Private Limited,Bengaluru,33.97,2022-12-13,1970-01-01,,2022-12,2022,12,https://www.ipoplatform.com/ipo/droneacharya-aerial-innovations-ipo/2223
2222,SME,All E Technologies Limited,Information Technology - SaaS,Unistone Capital Private Limited,New Delhi,48.2,2022-12-09,1970-01-01,,2022-12,2022,12,https://www.ipoplatform.com/ipo/all-e-technologies-ipo/2222
2221,SME,PNGS Gargi Fashion Jewellery Limited,Jewellery,Shreni Shares Limited,Pune,7.8,2022-12-08,1970-01-01,,2022-12,2022,12,https://www.ipoplatform.com/ipo/pngs-gargi-fashion-jewellery-ipo/2221
2220,SME,Arham Technologies Limited,Electric Equipments - OEM,Finshore Management Services Limited,Raipur,9.58,2022-12-05,1970-01-01,,2022-12,2022,12,https://www.ipoplatform.com/ipo/arham-technologies-ipo/2220
3072,Main Board,Fusion Micro Finance Limited,Banking and Finance,Clsa India Private Limited Clsa India Private Limited and ICICI Securities Limited and IIFL Securities Limited and Jm Financial Limited +,New Delhi,1103.99,2022-11-02,1970-01-01,,2022-11,2022,11,https://www.ipoplatform.com/ipo/fusion-micro-finance-ipo/3072
3071,Main Board,Global Health Limited,Healthcare - Hospitals and Clinic,Credit Suisse Securities (India) Private Limited Credit Suisse Securities (India) Private Limited and Jefferies India Private Limited and Jm Financial Limited and Kotak Mahindra Capital Company Limited +,New Delhi,2205.57,2022-11-03,1970-01-01,,2022-11,2022,11,https://www.ipoplatform.com/ipo/global-health-ipo/3071
3070,Main Board,Bikaji Foods International Limited,FMCG,Intensive Fiscal Services Private Limited Intensive Fiscal Services Private Limited and Axis Capital Limited and IIFL Securities Limited and Jm Financial Limited +,Bikaner,881.22,2022-11-03,1970-01-01,,2022-11,2022,11,https://www.ipoplatform.com/ipo/bikaji-foods-ipo/3070
3068,Main Board,Five Star Business Finance Limited,Banking and Finance,Edelweiss Financial Services Limited Edelweiss Financial Services Limited and ICICI Securities Limited and Kotak Mahindra Capital Company Limited and Nomura Financial Advisory And Securities (India) Private Limited +,Chennai,1593.45,2022-11-09,1970-01-01,,2022-11,2022,11,https://www.ipoplatform.com/ipo/five-star-business-finance-ipo/3068
3067,Main Board,Archean Chemical Industries Limited,Chemical - Speciality,ICICI Securities Limited ICICI Securities Limited and IIFL Securities Limited and Jm Financial Limited +,Chennai,1462.31,2022-11-09,1970-01-01,,2022-11,2022,11,https://www.ipoplatform.com/ipo/archean-chemical-ipo/3067
3066,Main Board,Kaynes Technology India Ltd,Electric Equipments,Dam Capital Advisors Limited (Formerly Idfc Securities Limited) Dam Capital Advisors Limited (Formerly Idfc Securities Limited) and IIFL Securities Limited +,Mysore,857.82,2022-11-10,1970-01-01,,2022-11,2022,11,https://www.ipoplatform.com/ipo/kaynes-technology-ipo/3066
3065,Main Board,Inox Green Energy Services Limited,Power and Energy,Idbi Capital Market Services Limited Idbi Capital Market Services Limited and Dam Capital Advisors Limited (Formerly Idfc Securities Limited) and Edelweiss Financial Services Limited and Equirus Capital Private Limited +,Vadodara,740.0,2022-11-11,1970-01-01,,2022-11,2022,11,https://www.ipoplatform.com/ipo/inox-green-energy-ipo/3065
3064,Main Board,Keystone Realtors Limited,Real Estate,Axis Capital Limited Axis Capital Limited and Credit Suisse Securities (India) Private Limited +,Mumbai,635.0,2022-11-14,1970-01-01,,2022-11,2022,11,https://www.ipoplatform.com/ipo/keystone-realtors-ipo/3064
3063,Main Board,Dharmaj Crop Guard Limited,Agro,Monarch Networth Capital Limited Monarch Networth Capital Limited and Elara Capital (India) Private Limited +,Ahmedabad,251.15,2022-11-28,1970-01-01,,2022-11,2022,11,https://www.ipoplatform.com/ipo/dharmaj-crop-guard-ipo/3063
3062,Main Board,Uniparts India Limited,Engineering,Axis Capital Limited Axis Capital Limited and Dam Capital Advisors Limited (Formerly Idfc Securities Limited) and Jm Financial Limited +,New Delhi,835.61,2022-11-30,1970-01-01,,2022-11,2022,11,https://www.ipoplatform.com/ipo/uniparts-india-ipo/3062
2219,SME,Baheti Recycling Industries Limited,Recycling - Metal,Hem Securities Limited,Ahmedabad,12.42,2022-11-28,1970-01-01,,2022-11,2022,11,https://www.ipoplatform.com/ipo/baheti-recycling-industries-ipo/2219
2218,SME,Pritika Engineering Components Limited,Engineering - Automotive,GYR Capital Advisors Private Limited,Mohali,9.42,2022-11-25,1970-01-01,,2022-11,2022,11,https://www.ipoplatform.com/ipo/pritika-engineering-components-ipo/2218
2217,SME,AMBO Agritec Limited,Agro - Food Products,Finshore Management Services Limited,Kolkata,10.2,2022-11-21,1970-01-01,,2022-11,2022,11,https://www.ipoplatform.com/ipo/ambo-agritec-ipo/2217
2216,SME,Amiable Logistics (India) Limited,Logistics,Shreni Shares Limited,Mumbai,4.37,2022-11-02,1970-01-01,,2022-11,2022,11,https://www.ipoplatform.com/ipo/amiable-logistics-ipo/2216
2215,SME,Technopack Polymers Limited,Plastic and Polymer,Isk Advisors Private Limited,Rajkot,7.87,2022-11-02,1970-01-01,,2022-11,2022,11,https://www.ipoplatform.com/ipo/technopack-polymers-ipo/2215
3075,Main Board,Electronics Mart India Limited,Retail,Anand Rathi Securities Limited Anand Rathi Securities Limited and IIFL Securities Limited and Jm Financial Limited +,Hyderabad,500.0,2022-10-04,1970-01-01,,2022-10,2022,10,https://www.ipoplatform.com/ipo/electronics-mart-india-ipo/3075
3074,Main Board,Tracxn Technologies Limited,Information Technology  - Data Solutions,IIFL Securities Limited,Bengaluru,309.38,2022-10-10,1970-01-01,,2022-10,2022,10,https://www.ipoplatform.com/ipo/tracxn-ipo/3074
3073,Main Board,DCX Systems Limited,Defence,Saffron Capital Advisors Private Limited Saffron Capital Advisors Private Limited and Axis Capital Limited and Edelweiss Financial Services Limited +,Bengaluru,500.0,2022-10-31,1970-01-01,,2022-10,2022,10,https://www.ipoplatform.com/ipo/dcx-systems-ipo/3073
2214,SME,DAPS Advertising Limited,Advertising and Media,Shreni Shares Limited,Kanpur,5.1,2022-10-31,1970-01-01,,2022-10,2022,10,https://www.ipoplatform.com/ipo/daps-advertising-ipo/2214
2213,SME,Vital Chemtech Limited,Chemical,Beeline Capital Advisors Private Limited,Ahmedabad,64.64,2022-10-31,1970-01-01,,2022-10,2022,10,https://www.ipoplatform.com/ipo/vital-chemtech-ipo/2213
2212,SME,Rite Zone Chemcon India Limited,Chemical - Paint and Adhesives,Expert Global Consultants Private Limited,Mumbai,8.96,2022-10-31,1970-01-01,,2022-10,2022,10,https://www.ipoplatform.com/ipo/rite-zone-chemcon-ipo/2212
2211,SME,Integrated Personnel Services Limited,Human Resources and Manpower,Unistone Capital Private Limited,Mumbai,12.74,2022-10-31,1970-01-01,,2022-10,2022,10,https://www.ipoplatform.com/ipo/integrated-personnel-services-ipo/2211
2210,SME,Phantom Digital Effects Limited,Film and Animation - VFX,Corporate Capital Ventures Private Limited,Chennai,29.1,2022-10-12,1970-01-01,,2022-10,2022,10,https://www.ipoplatform.com/ipo/phantom-digital-effects-ipo/2210
3077,Main Board,Tamilnad Mercantile Bank Limited,Banking and Finance,Axis Capital Limited Axis Capital Limited and Motilal Oswal Investment Advisors Limited and SBI Capital Markets Limited +,Thoothukudi,807.84,2022-09-05,1970-01-01,,2022-09,2022,9,https://www.ipoplatform.com/ipo/tamilnad-mercantile-bank-ipo/3077
3076,Main Board,Harsha Engineers International Limited,Engineering,Axis Capital Limited Axis Capital Limited and Equirus Capital Private Limited and Jm Financial Limited +,Ahmedabad,755.0,2022-09-14,1970-01-01,,2022-09,2022,9,https://www.ipoplatform.com/ipo/harsha-engineers-international-ipo/3076
2209,SME,Pace E-Commerce Ventures Limited,E-Commerce,Interactive Financial Services Limited,Pune,66.53,2022-09-29,1970-01-01,,2022-09,2022,9,https://www.ipoplatform.com/ipo/pace-e-commerce-ventures-ipo/2209
2208,SME,Frog Cellsat Limited,Telecom,Sarthi Capital Advisors Private Limited,New Delhi,41.57,2022-09-29,1970-01-01,,2022-09,2022,9,https://www.ipoplatform.com/ipo/frog-cellsat-ipo/2208
2207,SME,Maagh Advertising And Marketing Services Limited,Advertising and Media,Inventure Merchant Banker Services Private Limited,Mumbai,9.12,2022-09-26,1970-01-01,,2022-09,2022,9,https://www.ipoplatform.com/ipo/maagh-advertising-ipo/2207
2206,SME,Swastik Pipe Limited,Steel - Tubes and Pipes,Corporate Capital Ventures Private Limited,New Delhi,62.52,2022-09-29,1970-01-01,,2022-09,2022,9,https://www.ipoplatform.com/ipo/swastik-pipe-ipo/2206
2205,SME,Vedant Asset Limited,Banking and Finance,Hem Securities Limited,Ranchi,3.0,2022-09-30,1970-01-01,,2022-09,2022,9,https://www.ipoplatform.com/ipo/vedant-asset-ipo/2205
2204,SME,Lloyds Luxuries Limited,Healthcare - Personal Care,Hem Securities Limited,Mumbai,24.0,2022-09-28,1970-01-01,,2022-09,2022,9,https://www.ipoplatform.com/ipo/lloyds-luxuries-ipo/2204
2203,SME,QMS Medical Allied Services Limited,Healthcare,First Overseas Capital Limited,Mumbai,56.87,2022-09-27,1970-01-01,,2022-09,2022,9,https://www.ipoplatform.com/ipo/qms-medical-allied-ipo/2203
2202,SME,Trident Lifeline Limited,Pharmaceutical,Beeline Capital Advisors Private Limited,Surat,35.34,2022-09-26,1970-01-01,,2022-09,2022,9,https://www.ipoplatform.com/ipo/trident-lifeline-ipo/2202
2201,SME,Steelman Telecom Limited,Telecom,Gretex Corporate Services Limited,Kolkata,26.02,2022-09-26,1970-01-01,,2022-09,2022,9,https://www.ipoplatform.com/ipo/steelman-telecom-ipo/2201
2200,SME,Reetech International Cargo and Courier Limited,Logistics,Gretex Corporate Services Limited,Raipur,11.71,2022-09-27,1970-01-01,,2022-09,2022,9,https://www.ipoplatform.com/ipo/reetech-international-cargo-ipo/2200
2199,SME,Cargotrans Maritime Limited,Logistics,Hem Securities Limited,Kachchh,4.86,2022-09-27,1970-01-01,,2022-09,2022,9,https://www.ipoplatform.com/ipo/cargotrans-maritime-ipo/2199
2198,SME,Cargosol Logistics Limited,Logistics,Hem Securities Limited,Mumbai,7.56,2022-09-28,1970-01-01,,2022-09,2022,9,https://www.ipoplatform.com/ipo/cargosol-logistics-ipo/2198
2197,SME,Silicon Rental Solutions Limited,Information Technology - Hardware,Hem Securities Limited,Mumbai,21.15,2022-09-28,1970-01-01,,2022-09,2022,9,https://www.ipoplatform.com/ipo/silicon-rental-solutions-ipo/2197
2196,SME,Concord Control Systems Limited,Engineering - Heavy Machinery,Hem Securities Limited,Lucknow,8.32,2022-09-27,1970-01-01,,2022-09,2022,9,https://www.ipoplatform.com/ipo/concord-control-systems-ipo/2196
2195,SME,Cyber Media Research & Services Limited,Information Technology,Swastika Investmart Limited,New Delhi,14.04,2022-09-27,1970-01-01,,2022-09,2022,9,https://www.ipoplatform.com/ipo/cyber-media-research-ipo/2195
2194,SME,Insolation Energy Limited,Solar - Panels,Holani Consultants Private Limited,Jaipur,22.16,2022-09-26,1970-01-01,,2022-09,2022,9,https://www.ipoplatform.com/ipo/insolation-energy-ipo/2194
2193,SME,Mafia Trends Limited,Retail,GYR Capital Advisors Private Limited,Ahmedabad,3.6,2022-09-22,1970-01-01,,2022-09,2022,9,https://www.ipoplatform.com/ipo/mafia-trends-ipo/2193
2192,SME,Containe Technologies Limited,Engineering - Automotive,Finshore Management Services Limited,Hyderabad,2.62,2022-09-20,1970-01-01,,2022-09,2022,9,https://www.ipoplatform.com/ipo/containe-technologies-ipo/2192
2191,SME,Kandarp Digi Smart BPO Limited,Outsourcing - BPO,Beeline Capital Advisors Private Limited,New Delhi,8.1,2022-09-16,1970-01-01,,2022-09,2022,9,https://www.ipoplatform.com/ipo/kandarp-digi-smart-bpo-ipo/2191
2190,SME,Maks Energy Solutions India Limited,Engineering,Sun Capital Advisory Services (P) Limited,Pune,4.0,2022-09-16,1970-01-01,,2022-09,2022,9,https://www.ipoplatform.com/ipo/maks-energy-ipo/2190
2189,SME,Varanium Cloud Limited,Information Technology - SaaS,First Overseas Capital Limited,Mumbai,36.6,2022-09-16,,,2022-09,2022,9,https://www.ipoplatform.com/ipo/varanium-cloud-ipo/2189
2188,SME,Annapurna Swadisht Limited,FMCG - Snacks and Beverages,Corporate Capital Ventures Private Limited,Kolkata,30.25,2022-09-15,1970-01-01,,2022-09,2022,9,https://www.ipoplatform.com/ipo/annapurna-swadisht-ipo/2188
2187,SME,Tapi Fruit Processing Limited,Agro - Food Products,Fedex Securities Private Limited,Surat,5.21,2022-09-12,1970-01-01,,2022-09,2022,9,https://www.ipoplatform.com/ipo/tapi-fruit-processing-ipo/2187
2186,SME,Ishan International Limited,Engineering,First Overseas Capital Limited,New Delhi,18.24,2022-09-09,,,2022-09,2022,9,https://www.ipoplatform.com/ipo/ishan-international-ipo/2186
2185,SME,Sabar Flex India Limited,Packaging & Disposables,GYR Capital Advisors Private Limited,Ahmedabad,4.48,2022-09-08,1970-01-01,,2022-09,2022,9,https://www.ipoplatform.com/ipo/sabar-flex-india-ipo/2185
2184,SME,Shantidoot Infra Services Limited,Real Estate,Gretex Corporate Services Limited,Patna,4.02,2022-09-06,1970-01-01,,2022-09,2022,9,https://www.ipoplatform.com/ipo/shantidoot-infra-services-ipo/2184
2183,SME,Mega Flex Plastics Limited,Packaging & Disposables,Finshore Management Services Limited,Kolkata,11.4,2022-09-06,1970-01-01,,2022-09,2022,9,https://www.ipoplatform.com/ipo/mega-flex-plastics-ipo/2183
2182,SME,Viviana Power Tech Limited,Electric Equipments,Beeline Capital Advisors Private Limited,Vadodara,8.8,2022-09-05,1970-01-01,,2022-09,2022,9,https://www.ipoplatform.com/ipo/viviana-power-tech-ipo/2182
2181,SME,Virtuoso Optoelectronics Limited,Electric Equipments - OEM,Fedex Securities Private Limited,Nashik,30.24,2022-09-02,1970-01-01,,2022-09,2022,9,https://www.ipoplatform.com/ipo/virtuoso-optoelectronics-ipo/2181
3079,Main Board,Syrma SGS Technology Ltd,Electric Equipments,Dam Capital Advisors Limited (Formerly Idfc Securities Limited) Dam Capital Advisors Limited (Formerly Idfc Securities Limited) and ICICI Securities Limited and IIFL Securities Limited +,Chennai,840.0,2022-08-12,1970-01-01,,2022-08,2022,8,https://www.ipoplatform.com/ipo/syrma-ipo/3079
3078,Main Board,Dreamfolks Services Limited,Information Technology  - Data Solutions,Equirus Capital Private Limited Equirus Capital Private Limited and Motilal Oswal Investment Advisors Limited +,New Delhi,562.1,2022-08-24,1970-01-01,,2022-08,2022,8,https://www.ipoplatform.com/ipo/dreamfolks-services-ipo/3078
2180,SME,EP Biocomposites Limited,Plastic and Polymer,Aryaman Financial Services Limited,Goa,6.35,2022-08-29,1970-01-01,,2022-08,2022,8,https://www.ipoplatform.com/ipo/ep-biocomposites-ipo/2180
2179,SME,Dipna Pharmachem Limited,Pharmaceutical,Interactive Financial Services Limited,Ahmedabad,15.21,2022-08-25,1970-01-01,,2022-08,2022,8,https://www.ipoplatform.com/ipo/dipna-pharmachem-ipo/2179
2178,SME,Ameya Precision Engineers Limited,Engineering,Shreni Shares Limited,Pune,7.14,2022-08-25,1970-01-01,,2022-08,2022,8,https://www.ipoplatform.com/ipo/ameya-engineers-ipo/2178
2177,SME,Jay Jalaram Technologies Limited,Electric Equipments - OEM,Beeline Capital Advisors Private Limited,Ahmedabad,10.8,2022-08-26,1970-01-01,,2022-08,2022,8,https://www.ipoplatform.com/ipo/jay-jalaram-technologies-ipo/2177
2176,SME,JFL Life Sciences Limited,Pharmaceutical,GYR Capital Advisors Private Limited,Ahmedabad,18.17,2022-08-25,1970-01-01,,2022-08,2022,8,https://www.ipoplatform.com/ipo/jfl-life-sciences-ipo/2176
2175,SME,Rhetan TMT Limited,Steel - Iron,Aryaman Financial Services Limited,Ahmedabad,56.0,2022-08-22,1970-01-01,,2022-08,2022,8,https://www.ipoplatform.com/ipo/rhetan-tmt-ipo/2175
2174,SME,Naturo Indiabull Limited,FMCG,Finshore Management Services Limited,Jaipur,10.92,2022-08-22,1970-01-01,,2022-08,2022,8,https://www.ipoplatform.com/ipo/naturo-indiabull-ipo/2174
2173,SME,Olatech Solutions Limited,Information Technology  - Data Solutions,Shreni Shares Limited,Mumbai,1.89,2022-08-12,1970-01-01,,2022-08,2022,8,https://www.ipoplatform.com/ipo/olatech-solutions-ipo/2173
2172,SME,Veekayem Fashion and Apparels Limited,Textiles - Fabrics,GYR Capital Advisors Private Limited,Mumbai,4.44,2022-08-05,1970-01-01,,2022-08,2022,8,https://www.ipoplatform.com/ipo/veekayem-fashion-and-apparels-ipo/2172
2171,SME,Upsurge Seeds of Agriculture Limited,Agro - Food Products,Finshore Management Services Limited,Rajkot,22.81,2022-07-29,1970-01-01,,2022-07,2022,7,https://www.ipoplatform.com/ipo/upsurge-seeds-of-agriculture-ipo/2171
2170,SME,Agni Green Power Limited,Solar,Finshore Management Services Limited,Kolkata,5.25,2022-07-20,1970-01-01,,2022-07,2022,7,https://www.ipoplatform.com/ipo/agni-green-power-ipo/2170
2169,SME,Healthy Life Agritec Limited,FMCG,Finshore Management Services Limited,Mumbai,10.0,2022-07-13,1970-01-01,,2022-07,2022,7,https://www.ipoplatform.com/ipo/healthy-life-agritec-ipo/2169
2168,SME,Veerkrupa Jewellers Limited,Jewellery,First Overseas Capital Limited,Ahmedabad,8.1,2022-06-29,1970-01-01,,2022-06,2022,6,https://www.ipoplatform.com/ipo/veerkrupa-jewellers-ipo/2168
2167,SME,B Right Realestate Limited,Real Estate,Gretex Corporate Services Limited,Mumbai,44.36,2022-06-30,1970-01-01,,2022-06,2022,6,https://www.ipoplatform.com/ipo/b-right-realestate-ipo/2167
2166,SME,Jayant Infratech Limited,Infrastructure,Gretex Corporate Services Limited,Bilaspur,6.19,2022-06-30,1970-01-01,,2022-06,2022,6,https://www.ipoplatform.com/ipo/jayant-infratech-ipo/2166
2165,SME,SKP Bearing Industries Limited,Engineering,Shreni Shares Limited,Surendranagar,30.8,2022-06-30,1970-01-01,,2022-06,2022,6,https://www.ipoplatform.com/ipo/skp-bearing-industries-ipo/2165
2164,SME,Kesar India Limited,Real Estate,Hem Securities Limited Hem Securities Limited and Fedex Securities Private Limited +,Nagpur,15.82,2022-06-30,1970-01-01,,2022-06,2022,6,https://www.ipoplatform.com/ipo/kesar-india-ipo/2164
2163,SME,Mangalam Worldwide Limited,Steel,Beeline Capital Advisors Private Limited,Ahmedabad,65.58,2022-06-30,1970-01-01,,2022-06,2022,6,https://www.ipoplatform.com/ipo/mangalam-worldwide-ipo/2163
2162,SME,Sailani Tours N Travels Limited,Travel and Tourism,Gretex Corporate Services Limited,Kolkata,1.9,2022-06-27,1970-01-01,,2022-06,2022,6,https://www.ipoplatform.com/ipo/sailani-tours-n-travels-ipo/2162
2161,SME,KCK Industries Limited,Textiles,Navigant Corporate Advisors Limited,Chandigarh,4.5,2022-06-27,,,2022-06,2022,6,https://www.ipoplatform.com/ipo/kck-industries-ipo/2161
2160,SME,Pearl Green Clubs and Resorts Limited,Agro - Food Products,Fast Track Finsec Private Limited,Ahmedabad,11.72,2022-06-27,1970-01-01,,2022-06,2022,6,https://www.ipoplatform.com/ipo/pearl-green-clubs-and-resorts-ipo/2160
2159,SME,Modis Navnirman Limited,Real Estate,Aryaman Financial Services Limited,Mumbai,22.68,2022-06-23,1970-01-01,,2022-06,2022,6,https://www.ipoplatform.com/ipo/modis-navnirman-ipo/2159
2158,SME,Goel Food Products Limited,FMCG - Snacks and Beverages,Gretex Corporate Services Limited,Kolkata,7.21,2022-06-15,1970-01-01,,2022-06,2022,6,https://www.ipoplatform.com/ipo/goel-food-products-ipo/2158
2157,SME,Scarnose International Limited,Textiles,Finshore Management Services Limited,Ahmedabad,6.6,2022-06-14,1970-01-01,,2022-06,2022,6,https://www.ipoplatform.com/ipo/scarnose-international-ipo/2157
2156,SME,Silver Pearl Hospitality & Luxury Spaces Limited,Hotels and Resorts,Inventure Merchant Banker Services Private Limited,Kolkata,9.0,2022-06-06,1970-01-01,,2022-06,2022,6,https://www.ipoplatform.com/ipo/silver-pearl-hospitality-ipo/2156
3087,Main Board,LIC Life Insurance Corporation of India,Insurance,Axis Capital Limited Axis Capital Limited and Bofa Securities India Limited and Citigroup Global Markets India Private Limited and Goldman Sachs (India) Securities Private Limited and Jm Financial Limited and Kotak Mahindra Capital Company Limited and Nomura Financial Advisory And Securities (India) Private Limited and SBI Capital Markets Limited +,Mumbai,21008.48,2022-05-04,1970-01-01,,2022-05,2022,5,https://www.ipoplatform.com/ipo/lic-ipo/3087
3086,Main Board,Prudent Corporate Advisory Services Limited,Banking and Finance,Axis Capital Limited Axis Capital Limited and Equirus Capital Private Limited and ICICI Securities Limited +,Ahmedabad,538.61,2022-05-10,1970-01-01,,2022-05,2022,5,https://www.ipoplatform.com/ipo/prudent-corporate-advisory-services-ipo/3086
3085,Main Board,Delhivery Limited,Logistics,Bofa Securities India Limited Bofa Securities India Limited and Citigroup Global Markets India Private Limited and Kotak Mahindra Capital Company Limited and Morgan Stanley India Company Private Limited +,New Delhi,5235.0,2022-05-11,1970-01-01,,2022-05,2022,5,https://www.ipoplatform.com/ipo/delhivery-ipo/3085
3084,Main Board,Venus Pipes & Tubes Limited,Steel - Tubes and Pipes,Smc Capitals Limited,Kachchh,165.42,2022-05-11,1970-01-01,,2022-05,2022,5,https://www.ipoplatform.com/ipo/venus-pipes-tubes-ipo/3084
3083,Main Board,Paradeep Phosphates Limited,Chemical - Pesticides,Axis Capital Limited Axis Capital Limited and ICICI Securities Limited and Jm Financial Limited and SBI Capital Markets Limited +,Bhubaneswar,1501.73,2022-05-17,1970-01-01,,2022-05,2022,5,https://www.ipoplatform.com/ipo/paradeep-phosphates-ipo/3083
3082,Main Board,Ethos Limited,Retail,Emkay Global Financial Services Limited Emkay Global Financial Services Limited and Incred Capital Financial Services Private Limited +,Parwanoo,472.29,2022-05-18,1970-01-01,,2022-05,2022,5,https://www.ipoplatform.com/ipo/ethos-limited-ipo/3082
3081,Main Board,eMudhra Limited,Information Technology  - Data Solutions,Indorient Financial Services Limited Indorient Financial Services Limited and IIFL Securities Limited and Yes Securities (India) Limited +,Bengaluru,412.79,2022-05-20,1970-01-01,,2022-05,2022,5,https://www.ipoplatform.com/ipo/emudhra-ipo/3081
3080,Main Board,Aether Industries Limited,Chemical - Speciality,Hdfc Bank Limited Hdfc Bank Limited and Kotak Mahindra Capital Company Limited +,Surat,808.04,2022-05-24,1970-01-01,,2022-05,2022,5,https://www.ipoplatform.com/ipo/aether-industries-ipo/3080
2155,SME,Fidel Softech Limited,Information Technology  - Data Solutions,Shreni Shares Limited,Pune,13.51,2022-05-30,1970-01-01,,2022-05,2022,5,https://www.ipoplatform.com/ipo/fidel-softech-ipo/2155
2154,SME,Rachana Infrastructure Limited,Infrastructure,Interactive Financial Services Limited,Ahmedabad,76.28,2022-05-30,1970-01-01,,2022-05,2022,5,https://www.ipoplatform.com/ipo/rachana-infrastructure-ipo/2154
2153,SME,Globesecure Technologies Limited,Information Technology - SaaS,Fast Track Finsec Private Limited,Mumbai,10.13,2022-05-23,1970-01-01,,2022-05,2022,5,https://www.ipoplatform.com/ipo/globesecure-technologies-ipo/2153
3089,Main Board,Campus Activewear Limited,Footwear,Bofa Securities India Limited Bofa Securities India Limited and Clsa India Private Limited and Jm Financial Limited and Kotak Mahindra Capital Company Limited +,New Delhi,1400.14,2022-04-26,1970-01-01,,2022-04,2022,4,https://www.ipoplatform.com/ipo/campus-activewear-ipo/3089
3088,Main Board,Rainbow Children's Medicare Limited,Healthcare,IIFL Securities Limited IIFL Securities Limited and J.P. Morgan India Private Limited and Kotak Mahindra Capital Company Limited +,Hyderabad,1580.85,2022-04-27,1970-01-01,,2022-04,2022,4,https://www.ipoplatform.com/ipo/rainbow-children-medicare-ipo/3088
2152,SME,Sonu Infratech Limited,Infrastructure,Swastika Investmart Limited,Jamnagar,8.64,2022-04-29,1970-01-01,,2022-04,2022,4,https://www.ipoplatform.com/ipo/sonu-infratech-ipo/2152
2151,SME,Le Merite Exports Limited,Textiles,Fedex Securities Private Limited,Mumbai,48.0,2022-04-25,1970-01-01,,2022-04,2022,4,https://www.ipoplatform.com/ipo/le-merite-exports-ipo/2151
2150,SME,Nanavati Ventures limited,Jewellery,First Overseas Capital Limited,Navsari,2.18,2022-04-25,1970-01-01,,2022-04,2022,4,https://www.ipoplatform.com/ipo/nanavati-ventures-ipo/2150
2149,SME,Fone4 Communications (India) Limited,E-Commerce,Finshore Management Services Limited,Ernakulam,6.8,2022-04-25,1970-01-01,,2022-04,2022,4,https://www.ipoplatform.com/ipo/fone4-communications-ipo/2149
2148,SME,Shashwat Furnishing Solutions Limited,Furniture,Beeline Capital Advisors Private Limited,Jodhpur,2.51,2022-04-20,1970-01-01,,2022-04,2022,4,https://www.ipoplatform.com/ipo/shashwat-furnishing-solutions-ipo/2148
2147,SME,Global Longlife Hospital and Research Limited,Healthcare - Hospitals and Clinic,Interactive Financial Services Limited,Ahmedabad,49.0,2022-04-21,1970-01-01,,2022-04,2022,4,https://www.ipoplatform.com/ipo/global-longlife-hospital-ipo/2147
3093,Main Board,Uma Exports Limited,Agro,,Kolkata,60.0,2022-03-28,1970-01-01,,2022-03,2022,3,https://www.ipoplatform.com/ipo/uma-exports-ipo/3093
3092,Main Board,Patanjali Foods Limited (Ruchi Soya Industries Limited),FMCG,Axis Capital Limited Axis Capital Limited and ICICI Securities Limited and SBI Capital Markets Limited +,Mumbai,4300.0,2022-03-24,1970-01-01,,2022-03,2022,3,https://www.ipoplatform.com/ipo/ruchi-soya-fpo/3092
3091,Main Board,Veranda Learning Solutions Limited,Education - Edtech,Systematix Corporate Services Limited,Chennai,200.0,2022-03-29,1970-01-01,,2022-03,2022,3,https://www.ipoplatform.com/ipo/veranda-learning-ipo/3091
3090,Main Board,Hariom Pipe Industries Limited,Steel - Tubes and Pipes,Iti Capital Limited,Hyderabad,130.05,2022-03-30,1970-01-01,,2022-03,2022,3,https://www.ipoplatform.com/ipo/veranda-learning-ipo/3090
2146,SME,Jeena Sikho Lifecare Limited,Pharmaceutical - Ayurvedic,Fast Track Finsec Private Limited,Mohali,55.5,2022-03-30,1970-01-01,,2022-03,2022,3,https://www.ipoplatform.com/ipo/jeena-sikho-ipo/2146
2145,SME,Eighty Jewellers Limited,Jewellery,Hem Securities Limited,Raipur,11.07,2022-03-31,1970-01-01,,2022-03,2022,3,https://www.ipoplatform.com/ipo/eighty-jewellers-ipo/2145
2144,SME,Sunrise Efficient Marketing Limited,Electric Equipments,Fedex Securities Private Limited,Surat,16.7,2022-03-30,1970-01-01,,2022-03,2022,3,https://www.ipoplatform.com/ipo/sunrise-efficient-marketing-ipo/2144
2143,SME,Dhyaani Tile And Marblez Limited,"Ceramic and Stone - Marble, Tiles and Granite",GYR Capital Advisors Private Limited,Ahmedabad,2.45,2022-03-30,1970-01-01,,2022-03,2022,3,https://www.ipoplatform.com/ipo/dhyaani-tile-ipo/2143
2142,SME,Krishna Defence and Allied Industries Limited,Defence,Hem Securities Limited,Mumbai,11.89,2022-03-25,1970-01-01,,2022-03,2022,3,https://www.ipoplatform.com/ipo/krishna-defence-ipo/2142
2141,SME,PE Analytics Limited,Information Technology  - Data Solutions,Sarthi Capital Advisors Private Limited,New Delhi,31.6,2022-03-22,1970-01-01,,2022-03,2022,3,https://www.ipoplatform.com/ipo/p-e-analytics-ipo/2141
2140,SME,Krishival Foods Limited (Empyrean Cashews),Agro - Food Products,Systematix Corporate Services Limited,Mumbai,19.41,2022-03-21,1970-01-01,,2022-03,2022,3,https://www.ipoplatform.com/ipo/empyrean-cashews-ipo/2140
2139,SME,Achyut Healthcare Limited,Pharmaceutical,GYR Capital Advisors Private Limited,Ahmedabad,3.6,2022-03-17,1970-01-01,,2022-03,2022,3,https://www.ipoplatform.com/ipo/achyut-healthcare-ipo/2139
2138,SME,Evoq Remedies Limited,Pharmaceutical,Swastika Investmart Limited,Ahmedabad,9.72,2022-03-17,1970-01-01,,2022-03,2022,3,https://www.ipoplatform.com/ipo/evoq-remedies-ipo/2138
2137,SME,Swaraj Suiting Limited,Textiles,Finshore Management Services Limited,Bhilwara,10.68,2022-03-15,1970-01-01,,2022-03,2022,3,https://www.ipoplatform.com/ipo/swaraj-suiting-ipo/2137
2136,SME,KN Agri Resources Limited,Agro,Hem Securities Limited,Raipur,49.38,2022-03-15,1970-01-01,,2022-03,2022,3,https://www.ipoplatform.com/ipo/kn-agri-ipo/2136
2135,SME,Bhatia Colour Chem Limited,Chemical,Interactive Financial Services Limited,Surat,40.0,2022-03-14,1970-01-01,,2022-03,2022,3,https://www.ipoplatform.com/ipo/bhatia-colour-chem-ipo/2135
2134,SME,Cool Caps Industries Limited,Plastic and Polymer,Holani Consultants Private Limited,Kolkata,11.63,2022-03-10,1970-01-01,,2022-03,2022,3,https://www.ipoplatform.com/ipo/cool-caps-ipo/2134
2133,SME,SP Refractories Limited,Cement,Aryaman Financial Services Limited,Nagpur,4.92,2022-03-09,1970-01-01,,2022-03,2022,3,https://www.ipoplatform.com/ipo/sp-refractories-ipo/2133
3094,Main Board,Vedant Fashions Limited,Textiles,Axis Capital Limited Axis Capital Limited and Edelweiss Financial Services Limited and ICICI Securities Limited and IIFL Securities Limited +,Kolkata,3149.19,2022-02-04,1970-01-01,,2022-02,2022,2,https://www.ipoplatform.com/ipo/vedant-fashions-ipo/3094
2132,SME,Shigan Quantum Technologies Limited,Engineering - Automotive,Finshore Management Services Limited,New Delhi,22.7,2022-02-28,1970-01-01,,2022-02,2022,2,https://www.ipoplatform.com/ipo/shigan-quantum-technologies-ipo/2132
2131,SME,Ekennis Software Service Limited,Information Technology  - Data Solutions,Shreni Shares Limited,Bengaluru,2.88,2022-02-21,1970-01-01,,2022-02,2022,2,https://www.ipoplatform.com/ipo/ekennis-software-ipo/2131
2130,SME,Vaidya Sane Ayurved Laboratories Limited,Healthcare - Ayurvedic,First Overseas Capital Limited,Pune,20.23,2022-02-10,1970-01-01,,2022-02,2022,2,https://www.ipoplatform.com/ipo/madhavbaug-ipo/2130
2129,SME,Richa Info Systems Limited,Information Technology - Hardware,Swastika Investmart Limited,Gandhinagar,10.0,2022-02-09,1970-01-01,,2022-02,2022,2,https://www.ipoplatform.com/ipo/richa-info-systems-ipo/2129
2128,SME,Maruti Interior Products Limited,Furniture,Isk Advisors Private Limited,Veraval,11.0,2022-02-03,1970-01-01,,2022-02,2022,2,https://www.ipoplatform.com/ipo/maruti-interior-ipo/2128
3096,Main Board,AGS Transact Technologies Limited,Corporate Solutions,Hdfc Bank Limited Hdfc Bank Limited and ICICI Securities Limited and Jm Financial Limited +,Mumbai,680.0,2022-01-19,1970-01-01,,2022-01,2022,1,https://www.ipoplatform.com/ipo/ags-transact-ipo/3096
3095,Main Board,Adani Wilmar Limited,FMCG,Bnp Paribas Bnp Paribas and Bofa Securities India Limited and Credit Suisse Securities (India) Private Limited and Hdfc Bank Limited and Kotak Mahindra Capital Company Limited +,Ahmedabad,3600.0,2022-01-27,1970-01-01,,2022-01,2022,1,https://www.ipoplatform.com/ipo/adani-wilmar-ipo/3095
2127,SME,Quality RO Industries Limited,Electric Equipments,Shreni Shares Limited,Vadodara,2.7,2022-01-27,1970-01-01,,2022-01,2022,1,https://www.ipoplatform.com/ipo/quality-ro-ipo/2127
2126,SME,Safa Systems & Technologies Limited,Electric Equipments,Finshore Management Services Limited,Ernakulam,4.0,2022-01-28,1970-01-01,,2022-01,2022,1,https://www.ipoplatform.com/ipo/safa-systems-ipo/2126
2125,SME,Alkosign Limited,Electric Equipments,Shreni Shares Limited,Mumbai,12.15,2022-01-18,1970-01-01,,2022-01,2022,1,https://www.ipoplatform.com/ipo/alkosign-ipo/2125
2124,SME,Precision Metaliks Limited,Aluminium,First Overseas Capital Limited,Hyderabad,21.93,2022-01-19,1970-01-01,,2022-01,2022,1,https://www.ipoplatform.com/ipo/precision-metaliks-ipo/2124
2123,SME,Dj Mediaprint & Logistics Limited,Logistics,Finshore Management Services Limited,Mumbai,15.0,2022-01-18,1970-01-01,,2022-01,2022,1,https://www.ipoplatform.com/ipo/dj-mediaprint-fpo/2123
3107,Main Board,Tega Industries Limited,Minerals,Axis Capital Limited Axis Capital Limited and Jm Financial Limited +,Kolkata,619.23,2021-12-01,1970-01-01,,2021-12,2021,12,https://www.ipoplatform.com/ipo/tega-industries-ipo/3107
3106,Main Board,Anand Rathi Wealth Limited,Banking and Finance,Anand Rathi Securities Limited Anand Rathi Securities Limited and Bnp Paribas and Equirus Capital Private Limited and IIFL Securities Limited +,Mumbai,660.0,2021-12-02,1970-01-01,,2021-12,2021,12,https://www.ipoplatform.com/ipo/anand-rathi-ipo/3106
3105,Main Board,Rategain Travel Technologies Limited,Information Technology - SaaS,IIFL Securities Limited IIFL Securities Limited and Kotak Mahindra Capital Company Limited and Nomura Financial Advisory And Securities (India) Private Limited +,New Delhi,1335.74,2021-12-07,1970-01-01,,2021-12,2021,12,https://www.ipoplatform.com/ipo/rategain-ipo/3105
3104,Main Board,Shriram Properties Limited,Real Estate,Axis Capital Limited Axis Capital Limited and ICICI Securities Limited and Nomura Financial Advisory And Securities (India) Private Limited +,Chennai,600.0,2021-12-08,1970-01-01,,2021-12,2021,12,https://www.ipoplatform.com/ipo/shriram-properties-ipo/3104
3103,Main Board,C.E. Info systems limited,Information Technology - SaaS,Axis Capital Limited Axis Capital Limited and Dam Capital Advisors Limited (Formerly Idfc Securities Limited) and Jm Financial Limited and Kotak Mahindra Capital Company Limited +,New Delhi,1039.61,2021-12-09,1970-01-01,,2021-12,2021,12,https://www.ipoplatform.com/ipo/mapmyindia-ipo/3103
3102,Main Board,Metro Brands Limited,Footwear,Ambit Private Limited Ambit Private Limited and Axis Capital Limited and Dam Capital Advisors Limited (Formerly Idfc Securities Limited) and Equirus Capital Private Limited +,Mumbai,1367.51,2021-12-10,1970-01-01,,2021-12,2021,12,https://www.ipoplatform.com/ipo/metro-brands-ipo/3102
3101,Main Board,Medplus Health Services Limited,Pharmaceutical,Axis Capital Limited Axis Capital Limited and Credit Suisse Securities (India) Private Limited and Edelweiss Financial Services Limited and Nomura Financial Advisory And Securities (India) Private Limited +,Hyderabad,1398.3,2021-12-13,1970-01-01,,2021-12,2021,12,https://www.ipoplatform.com/ipo/medplus-health-ipo/3101
3100,Main Board,Data Patterns (India) Limited,Information Technology - Hardware,IIFL Securities Limited IIFL Securities Limited and Jm Financial Limited +,Chennai,588.22,2021-12-14,1970-01-01,,2021-12,2021,12,https://www.ipoplatform.com/ipo/data-patterns-ipo/3100
3099,Main Board,HP Adhesives Limited,Chemical - Paint and Adhesives,Unistone Capital Private Limited,Mumbai,125.96,2021-12-15,,,2021-12,2021,12,https://www.ipoplatform.com/ipo/hp-adhesives-ipo/3099
3098,Main Board,Supriya Lifescience Limited,Pharmaceutical,Axis Capital Limited Axis Capital Limited and ICICI Securities Limited +,Mumbai,700.0,2021-12-16,1970-01-01,,2021-12,2021,12,https://www.ipoplatform.com/ipo/supriya-lifescience-ipo/3098
3097,Main Board,CMS Info Systems Limited,Corporate Solutions,Axis Capital Limited Axis Capital Limited and Dam Capital Advisors Limited (Formerly Idfc Securities Limited) and Jefferies India Private Limited and Jm Financial Limited +,Mumbai,1100.0,2021-12-21,1970-01-01,,2021-12,2021,12,https://www.ipoplatform.com/ipo/cms-info-systems-ipo/3097
2122,SME,Fabino Life Sciences Limited,Pharmaceutical,Aryaman Financial Services Limited,New Delhi,3.24,2021-12-31,1970-01-01,,2021-12,2021,12,https://www.ipoplatform.com/ipo/fabino-life-sciences-ipo/2122
2121,SME,Timescan Logistics (India) Limited,Logistics,Finshore Management Services Limited,Egmore,4.81,2021-12-31,1970-01-01,,2021-12,2021,12,https://www.ipoplatform.com/ipo/timescan-logistics-ipo/2121
2120,SME,Ascensive Educare Limited,Education - Edtech,GYR Capital Advisors Private Limited,Kolkata,2.26,2021-12-30,1970-01-01,,2021-12,2021,12,https://www.ipoplatform.com/ipo/ascensive-educare-ipo/2120
2119,SME,AB Cotspin India Limited,Textiles,Pantomath Capital Advisors Private Limited,Bathinda,10.09,2021-12-30,1970-01-01,,2021-12,2021,12,https://www.ipoplatform.com/ipo/ab-cotspin-ipo/2119
2118,SME,Vivo Collaboration Solutions Limited,Information Technology - SaaS,Sarthi Capital Advisors Private Limited,New Delhi,4.4,2021-12-20,1970-01-01,,2021-12,2021,12,https://www.ipoplatform.com/ipo/vivo-collaboration-ipo/2118
2117,SME,Brandbucket Media & Technology Limited,Advertising and Media,Inventure Merchant Banker Services Private Limited,Mumbai,8.25,2021-12-20,1970-01-01,,2021-12,2021,12,https://www.ipoplatform.com/ipo/brandbucket-media-ipo/2117
2116,SME,Clara Industries Limited,Packaging & Disposables,Gretex Corporate Services Limited,Saharanpur,3.02,2021-12-16,1970-01-01,,2021-12,2021,12,https://www.ipoplatform.com/ipo/clara-industries-ipo/2116
2115,SME,Wherrelz IT Solutions Limited,Information Technology - SaaS,Fedex Securities Private Limited,Mumbai,2.01,2021-12-16,1970-01-01,,2021-12,2021,12,https://www.ipoplatform.com/ipo/wherrelz-it-solutions-ipo/2115
2114,SME,Foce India Limited,Retail,Mark Corporate Advisors Private Limited,Mumbai,29.03,2021-12-13,1970-01-01,,2021-12,2021,12,https://www.ipoplatform.com/ipo/foce-india-ipo/2114
2113,SME,Euro Panel Products Limited,Aluminium,Fedex Securities Private Limited,Mumbai,45.5,2021-12-14,1970-01-01,,2021-12,2021,12,https://www.ipoplatform.com/ipo/eurobond-ipo/2113
2112,SME,Nupur Recyclers Limited,Recycling - Metal,Corporate Capital Ventures Private Limited,New Delhi,34.2,2021-12-13,1970-01-01,,2021-12,2021,12,https://www.ipoplatform.com/ipo/nupur-recyclers-ipo/2112
3116,Main Board,Sigachi Industries Limited,Chemical,Unistone Capital Private Limited,Hyderabad,125.43,2021-11-01,,,2021-11,2021,11,https://www.ipoplatform.com/ipo/sigachi-industries-ipo/3116
3115,Main Board,PB Fintech Limited,Banking and Finance - FinTech,Citigroup Global Markets India Private Limited Citigroup Global Markets India Private Limited and Hdfc Bank Limited and ICICI Securities Limited +,Gurugram,5625.0,2021-11-01,1970-01-01,,2021-11,2021,11,https://www.ipoplatform.com/ipo/policybazaar-ipo/3115
3114,Main Board,S.J.S. Enterprises Limited,Home Decor,Axis Capital Limited Axis Capital Limited and Edelweiss Financial Services Limited and IIFL Securities Limited +,Bengaluru,800.0,2021-11-01,1970-01-01,,2021-11,2021,11,https://www.ipoplatform.com/ipo/sjs-enterprises-ipo/3114
3113,Main Board,One 97 Communications Limited,Banking and Finance - FinTech,Axis Capital Limited Axis Capital Limited and Citigroup Global Markets India Private Limited and Goldman Sachs (India) Securities Private Limited and Hdfc Bank Limited and Morgan Stanley India Company Private Limited +,New Delhi,18300.0,2021-11-08,1970-01-01,,2021-11,2021,11,https://www.ipoplatform.com/ipo/paytm-ipo/3113
3112,Main Board,Sapphire Foods India Limited,Hotels and Resorts - QSR,Bofa Securities India Limited Bofa Securities India Limited and ICICI Securities Limited and IIFL Securities Limited and Jm Financial Limited +,Mumbai,2073.25,2021-11-09,,,2021-11,2021,11,https://www.ipoplatform.com/ipo/sapphire-foods-ipo/3112
3111,Main Board,Latent View Analytics Limited,Information Technology  - Data Solutions,Axis Capital Limited Axis Capital Limited and Haitong Securities India Private Limited and ICICI Securities Limited +,Chennai,600.0,2021-11-10,1970-01-01,,2021-11,2021,11,https://www.ipoplatform.com/ipo/latent-view-analytics-ipo/3111
3110,Main Board,Tarsons Products Limited,Engineering,Edelweiss Financial Services Limited Edelweiss Financial Services Limited and ICICI Securities Limited and SBI Capital Markets Limited +,Kolkata,1023.47,2021-11-15,1970-01-01,,2021-11,2021,11,https://www.ipoplatform.com/ipo/tarsons-products-ipo/3110
3109,Main Board,Go Fashion (India) Limited,Textiles,Dam Capital Advisors Limited (Formerly Idfc Securities Limited) Dam Capital Advisors Limited (Formerly Idfc Securities Limited) and ICICI Securities Limited and Jm Financial Limited +,Chennai,1013.61,2021-11-17,1970-01-01,,2021-11,2021,11,https://www.ipoplatform.com/ipo/gocolors-ipo/3109
3108,Main Board,Star Health and Allied Insurance Company Limited,Insurance,Ambit Private Limited Ambit Private Limited and Axis Capital Limited and Bofa Securities India Limited and Citigroup Global Markets India Private Limited and Dam Capital Advisors Limited (Formerly Idfc Securities Limited) and ICICI Securities Limited and IIFL Securities Limited and Jefferies India Private Limited and Kotak Mahindra Capital Company Limited and SBI Capital Markets Limited +,Chennai,7249.18,2021-11-30,1970-01-01,,2021-11,2021,11,https://www.ipoplatform.com/ipo/star-health-ipo/3108
2111,SME,DMR Hydroengineering & Infrastructures Limited,Engineering,Shreni Shares Limited,Faridabad,2.09,2021-11-24,1970-01-01,,2021-11,2021,11,https://www.ipoplatform.com/ipo/dmr-sme-ipo/2111
2110,SME,Omnipotent Industries Limited,Infrastructure,Inventure Merchant Banker Services Private Limited,Mumbai,18.9,2021-11-16,1970-01-01,,2021-11,2021,11,https://www.ipoplatform.com/ipo/omnipotent-industries-ipo/2110
2109,SME,Suyog Gurbaxani Funicular Ropeways Limited,Engineering,Aryaman Financial Services Limited,Mumbai,29.5,2021-11-01,1970-01-01,,2021-11,2021,11,https://www.ipoplatform.com/ipo/suyog-gurbaxani-funicular-ropeways-ipo/2109
3118,Main Board,FSN E-Commerce Ventures Limited,E-Commerce,Bofa Securities India Limited Bofa Securities India Limited and Citigroup Global Markets India Private Limited and ICICI Securities Limited and Jm Financial Limited +,Mumbai,5351.92,2021-10-28,1970-01-01,,2021-10,2021,10,https://www.ipoplatform.com/ipo/nykaa-ipo/3118
3117,Main Board,Fino Payments Bank Limited,Banking and Finance,Axis Capital Limited Axis Capital Limited and Clsa India Private Limited and ICICI Securities Limited and Nomura Financial Advisory And Securities (India) Private Limited +,Mumbai,1200.29,2021-10-29,1970-01-01,,2021-10,2021,10,https://www.ipoplatform.com/ipo/fino-payments-bank-ipo/3117
2108,SME,Nidan Laboratories and Healthcare Limited,Healthcare - Hospitals and Clinic,First Overseas Capital Limited,Palagar,50.0,2021-10-28,1970-01-01,,2021-10,2021,10,https://www.ipoplatform.com/ipo/nidan-laboratories-and-healthcare-ipo/2108
2107,SME,Kotyark Industries Limited,Power and Energy - Bio,Beeline Capital Advisors Private Limited,Vadodara,11.26,2021-10-21,1970-01-01,,2021-10,2021,10,https://www.ipoplatform.com/ipo/kotyark-industries-ipo/2107
2106,SME,DK Enterprises Global Limited,Packaging & Disposables,Beeline Capital Advisors Private Limited,Panchkula,7.99,2021-10-07,1970-01-01,,2021-10,2021,10,https://www.ipoplatform.com/ipo/dk-enterprises-global-ipo/2106
3123,Main Board,Vijaya Diagnostic Centre Limited,Healthcare - Hospitals and Clinic,Edelweiss Financial Services Limited Edelweiss Financial Services Limited and ICICI Securities Limited and Kotak Mahindra Capital Company Limited +,Hyderabad,1895.04,2021-09-01,1970-01-01,,2021-09,2021,9,https://www.ipoplatform.com/ipo/vijaya-diagnostic-ipo/3123
3122,Main Board,Ami Organics Limited,Chemical - Speciality,Intensive Fiscal Services Private Limited Intensive Fiscal Services Private Limited and Ambit Private Limited and Axis Capital Limited +,Surat,569.64,2021-09-01,1970-01-01,,2021-09,2021,9,https://www.ipoplatform.com/ipo/ami-organics-ipo/3122
3121,Main Board,Sansera Engineering Limited,Engineering,ICICI Securities Limited ICICI Securities Limited and IIFL Securities Limited and Nomura Financial Advisory And Securities (India) Private Limited +,Bengaluru,1282.98,2021-09-14,1970-01-01,,2021-09,2021,9,https://www.ipoplatform.com/ipo/sansera-engineering-ipo/3121
3120,Main Board,Paras Defence And Space Technologies Limited,Defence,Anand Rathi Securities Limited,Mumbai,170.78,2021-09-21,1970-01-01,,2021-09,2021,9,https://www.ipoplatform.com/ipo/paras-defence-and-space-technologies-ipo/3120
3119,Main Board,Aditya Birla Sun Life AMC Limited,Banking and Finance,Axis Capital Limited Axis Capital Limited and Bofa Securities India Limited and Citigroup Global Markets India Private Limited and Hdfc Bank Limited and Jm Financial Limited and Kotak Mahindra Capital Company Limited and Motilal Oswal Investment Advisors Limited and SBI Capital Markets Limited and Yes Securities (India) Limited +,Mumbai,2768.26,2021-09-29,1970-01-01,,2021-09,2021,9,https://www.ipoplatform.com/ipo/aditya-birla-sun-life-amc-ipo/3119
2105,SME,Dynamic Services & Security Limited,Human Resources and Manpower,Finshore Management Services Limited,Kolkata,24.13,2021-09-30,1970-01-01,,2021-09,2021,9,https://www.ipoplatform.com/ipo/dynamic-services-security-ipo/2105
2104,SME,Destiny Logistics & Infra Limited,Logistics,Finshore Management Services Limited,Kolkata,5.39,2021-09-30,1970-01-01,,2021-09,2021,9,https://www.ipoplatform.com/ipo/destiny-logistics-infra-ipo/2104
2103,SME,CWD Limited,Information Technology  - Data Solutions,Aryaman Financial Services Limited,Mumbai,18.01,2021-09-30,1970-01-01,,2021-09,2021,9,https://www.ipoplatform.com/ipo/cwd-limited-ipo/2103
2102,SME,Adishakti Loha and Ispat Limited,Steel,Turnaround Corporate Advisors Private Limited,New Delhi,2.0,2021-09-30,1970-01-01,,2021-09,2021,9,https://www.ipoplatform.com/ipo/adishakti-loha-and-ispat-ipo/2102
2101,SME,Samor Reality Limited,Real Estate,Beeline Capital Advisors Private Limited,Ahmedabad,8.06,2021-09-30,1970-01-01,,2021-09,2021,9,https://www.ipoplatform.com/ipo/samor-reality-limited-ipo/2101
2100,SME,Bombay Metrics Supply Chain Limited,Engineering,Unistone Capital Private Limited,Mumbai,4.29,2021-09-30,1970-01-01,,2021-09,2021,9,https://www.ipoplatform.com/ipo/bombay-metrics-supply-chain-ipo/2100
2099,SME,Promax Power Limited,Engineering,Finshore Management Services Limited,Chandigarh,1.6,2021-09-30,1970-01-01,,2021-09,2021,9,https://www.ipoplatform.com/ipo/promax-power-limited-ipo/2099
2098,SME,Shri Venkatesh Refineries Limited,Agro,Hem Securities Limited,Jalgaon,11.71,2021-09-29,1970-01-01,,2021-09,2021,9,https://www.ipoplatform.com/ipo/shri-venkatesh-refineries-ipo/2098
2097,SME,Jainam Ferro Alloys (I) Limited,Steel - Iron,Hem Securities Limited,Raipur,19.61,2021-09-28,1970-01-01,,2021-09,2021,9,https://www.ipoplatform.com/ipo/jainam-ferro-alloys-ipo/2097
2096,SME,Getalong Enterprise Limited,Textiles,Shreni Shares Limited,Mumbai,5.18,2021-09-27,1970-01-01,,2021-09,2021,9,https://www.ipoplatform.com/ipo/getalong-enterprise-limited-ipo/2096
2095,SME,Quadpro ITeS Limited,Information Technology,Beeline Capital Advisors Private Limited,Bengaluru,14.1,2021-09-20,1970-01-01,,2021-09,2021,9,https://www.ipoplatform.com/ipo/quadpro-ites-ipo/2095
2094,SME,SBL Infratech Limited,Real Estate - Broking,Fast Track Finsec Private Limited,New Delhi,2.37,2021-09-16,1970-01-01,,2021-09,2021,9,https://www.ipoplatform.com/ipo/sbl-infratech-limited-ipo/2094
2093,SME,Markolines Traffic Controls Limited,Infrastructure,Gretex Corporate Services Limited,Mumbai,40.0,2021-09-15,1970-01-01,,2021-09,2021,9,https://www.ipoplatform.com/ipo/markolines-traffic-controls-ipo/2093
2092,SME,Prevest Denpro Limited,Healthcare,Hem Securities Limited,Jammu,26.61,2021-09-15,1970-01-01,,2021-09,2021,9,https://www.ipoplatform.com/ipo/prevest-denpro-ipo/2092
2091,SME,Platinumone Business Services Limited,Outsourcing - BPO,Gretex Corporate Services Limited,Mumbai,3.89,2021-09-02,1970-01-01,,2021-09,2021,9,https://www.ipoplatform.com/ipo/platinumone-business-services-ipo/2091
2090,SME,BEW Engineering Limited,Engineering,First Overseas Capital Limited,Mumbai,3.97,2021-09-02,1970-01-01,,2021-09,2021,9,https://www.ipoplatform.com/ipo/bew-engineering-ipo/2090
2089,SME,Naapbooks Limited,Information Technology  - Data Solutions,GYR Capital Advisors Private Limited,Ahmedabad,3.99,2021-09-01,1970-01-01,,2021-09,2021,9,https://www.ipoplatform.com/ipo/naapbooks-limited-ipo/2089
3131,Main Board,Exxaro Tiles Limited,"Ceramic and Stone - Marble, Tiles and Granite",Pantomath Capital Advisors Private Limited,Sabarkantha,161.09,2021-08-04,1970-01-01,,2021-08,2021,8,https://www.ipoplatform.com/ipo/exxaro-tiles-ipo/3131
3130,Main Board,Windlas Biotech Limited,Pharmaceutical,Dam Capital Advisors Limited (Formerly Idfc Securities Limited) Dam Capital Advisors Limited (Formerly Idfc Securities Limited) and IIFL Securities Limited and SBI Capital Markets Limited +,Dehradun,401.54,2021-08-04,1970-01-01,,2021-08,2021,8,https://www.ipoplatform.com/ipo/windlas-biotech-ipo/3130
3129,Main Board,Devyani International Limited,FMCG - Snacks and Beverages,Clsa India Private Limited Clsa India Private Limited and Edelweiss Financial Services Limited and Kotak Mahindra Capital Company Limited and Motilal Oswal Investment Advisors Limited +,New Delhi,1838.0,2021-08-04,1970-01-01,,2021-08,2021,8,https://www.ipoplatform.com/ipo/devyani-international-ipo/3129
3128,Main Board,Krsnaa Diagnostics Limited,Healthcare - Hospitals and Clinic,Dam Capital Advisors Limited (Formerly Idfc Securities Limited) Dam Capital Advisors Limited (Formerly Idfc Securities Limited) and Equirus Capital Private Limited and IIFL Securities Limited and Jm Financial Limited +,Pune,1213.33,2021-08-04,1970-01-01,,2021-08,2021,8,https://www.ipoplatform.com/ipo/krsnaa-diagnostics-ipo/3128
3127,Main Board,CarTrade Tech Limited,Online Service Provider,Axis Capital Limited Axis Capital Limited and Citigroup Global Markets India Private Limited and Kotak Mahindra Capital Company Limited and Nomura Financial Advisory And Securities (India) Private Limited +,Mumbai,2998.51,2021-08-09,1970-01-01,,2021-08,2021,8,https://www.ipoplatform.com/ipo/cartrade-tech-ipo/3127
3126,Main Board,Nuvoco Vistas Corporation Ltd,Cement,Axis Capital Limited Axis Capital Limited and Hsbc Securities & Capital Markets Private limited and ICICI Securities Limited and J.P. Morgan India Private Limited +,Mumbai,5000.0,2021-08-09,1970-01-01,,2021-08,2021,8,https://www.ipoplatform.com/ipo/nuvoco-ipo/3126
3125,Main Board,Aptus Value Housing Finance India Ltd,Banking and Finance,Citigroup Global Markets India Private Limited Citigroup Global Markets India Private Limited and Edelweiss Financial Services Limited and ICICI Securities Limited and Kotak Mahindra Capital Company Limited +,Chennai,2780.05,2021-08-10,1970-01-01,,2021-08,2021,8,https://www.ipoplatform.com/ipo/aptus-value-housing-finance-ipo/3125
3124,Main Board,Chemplast Sanmar Limited,Chemical,Ambit Private Limited Ambit Private Limited and Axis Capital Limited and Bob Capital Markets Limited and Credit Suisse Securities (India) Private Limited and IIFL Securities Limited and Indusind Bank Limited and Yes Securities (India) Limited +,Chennai,3850.0,2021-08-10,1970-01-01,,2021-08,2021,8,https://www.ipoplatform.com/ipo/chemplast-sanmar-ipo/3124
2088,SME,Aashka Hospitals Limited,Healthcare - Hospitals and Clinic,Fedex Securities Private Limited,Gandhinagar,101.64,2021-08-10,1970-01-01,,2021-08,2021,8,https://www.ipoplatform.com/ipo/aashka-hospitals-ipo/2088
2087,SME,DU Digital Technologies Limited,Information Technology  - Data Solutions,Hem Securities Limited,New Delhi,4.49,2021-08-12,,,2021-08,2021,8,https://www.ipoplatform.com/ipo/du-digital-technologies-ipo/2087
3137,Main Board,G R Infraprojects Limited,Engineering - EPC,Equirus Capital Private Limited Equirus Capital Private Limited and Hdfc Bank Limited and ICICI Securities Limited and Kotak Mahindra Capital Company Limited +,Ahmedabad,963.28,2021-07-07,1970-01-01,,2021-07,2021,7,https://www.ipoplatform.com/ipo/g-r-infraprojects-ipo/3137
3136,Main Board,Clean Science and Technology Limited,Chemical - Speciality,Axis Capital Limited Axis Capital Limited and Jm Financial Limited and Kotak Mahindra Capital Company Limited +,Pune,1546.62,2021-07-07,1970-01-01,,2021-07,2021,7,https://www.ipoplatform.com/ipo/clean-science-and-technology-ipo/3136
3135,Main Board,Zomato Limited,Online Service Provider,Bofa Securities India Limited Bofa Securities India Limited and Citigroup Global Markets India Private Limited and Credit Suisse Securities (India) Private Limited and Kotak Mahindra Capital Company Limited +,New Delhi,9375.0,2021-07-14,1970-01-01,,2021-07,2021,7,https://www.ipoplatform.com/ipo/zomato-ipo/3135
3134,Main Board,Tatva Chintan Pharma Chem Limited,Chemical - Speciality,ICICI Securities Limited ICICI Securities Limited and Jm Financial Limited +,Bharuch,500.0,2021-07-16,1970-01-01,,2021-07,2021,7,https://www.ipoplatform.com/ipo/tatva-chintan-pharma-ipo/3134
3133,Main Board,Glenmark Life Sciences Limited,Pharmaceutical,Bob Capital Markets Limited Bob Capital Markets Limited and Bofa Securities India Limited and Dam Capital Advisors Limited (Formerly Idfc Securities Limited) and Goldman Sachs (India) Securities Private Limited +,Solapur,1513.6,2021-07-27,1970-01-01,,2021-07,2021,7,https://www.ipoplatform.com/ipo/glenmark-life-sciences-ipo/3133
3132,Main Board,Rolex Rings Limited,Automobile - Forging and Casting,Idbi Capital Market Services Limited Idbi Capital Market Services Limited and Equirus Capital Private Limited and Jm Financial Limited +,Rajkot,731.0,2021-07-28,1970-01-01,,2021-07,2021,7,https://www.ipoplatform.com/ipo/rolex-rings-ipo/3132
2086,SME,Network People Services Technologies Limited,Banking and Finance - FinTech,Holani Consultants Private Limited Holani Consultants Private Limited and BOI Merchant Bankers Limited +,Mumbai,13.7,2021-07-28,1970-01-01,,2021-07,2021,7,https://www.ipoplatform.com/ipo/npst-ipo/2086
2085,SME,Rex Pipes and Cables Industries Limited,Plastic and Polymer,Navigant Corporate Advisors Limited,Sikar,6.24,2021-07-28,1970-01-01,,2021-07,2021,7,https://www.ipoplatform.com/ipo/rex-pipes-and-cables-ipo/2085
2084,SME,Gretex Corporate Services Limited,Banking and Finance,Aryaman Financial Services Limited,Mumbai,5.13,2021-07-27,1970-01-01,,2021-07,2021,7,https://www.ipoplatform.com/ipo/gretex-corporate-services-ipo/2084
2083,SME,AA Plus Tradelink Limited,Retail,Inventure Merchant Banker Services Private Limited,Mumbai,6.48,2021-07-08,1970-01-01,,2021-07,2021,7,https://www.ipoplatform.com/ipo/aa-plus-tradelink-ipo/2083
3142,Main Board,Sona BLW Precision Forgings Limited,Automobile - Forging and Casting,Credit Suisse Securities (India) Private Limited Credit Suisse Securities (India) Private Limited and J.P. Morgan India Private Limited and Jm Financial Limited and Kotak Mahindra Capital Company Limited +,New Delhi,5550.0,2021-06-14,1970-01-01,,2021-06,2021,6,https://www.ipoplatform.com/ipo/sona-comstar-ipo/3142
3141,Main Board,Shyam Metalics and Energy Limited,Metal,Axis Capital Limited Axis Capital Limited and ICICI Securities Limited and IIFL Securities Limited and Jm Financial Limited +,Kolkata,909.0,2021-06-14,1970-01-01,,2021-06,2021,6,https://www.ipoplatform.com/ipo/shyam-metalics-ipo/3141
3140,Main Board,Dodla Dairy Limited,Agro,Axis Capital Limited Axis Capital Limited and ICICI Securities Limited +,Hyderabad,520.18,2021-06-16,1970-01-01,,2021-06,2021,6,https://www.ipoplatform.com/ipo/dodla-dairy-ipo/3140
3139,Main Board,Krishna Institute of Medical Sciences Limited,Healthcare,Axis Capital Limited Axis Capital Limited and Credit Suisse Securities (India) Private Limited and IIFL Securities Limited and Kotak Mahindra Capital Company Limited +,Secunderabad,2143.74,2021-06-16,,,2021-06,2021,6,https://www.ipoplatform.com/ipo/kims-ipo/3139
3138,Main Board,India Pesticides Limited,Chemical - Pesticides,Axis Capital Limited Axis Capital Limited and Jm Financial Limited +,Bareilly,800.0,2021-06-23,1970-01-01,,2021-06,2021,6,https://www.ipoplatform.com/ipo/india-pesticides-ipo/3138
2082,SME,Walpar Nutritions Limited,Healthcare - Ayurvedic,Beeline Capital Advisors Private Limited,Gandhinagar,6.6,2021-06-30,1970-01-01,,2021-06,2021,6,https://www.ipoplatform.com/ipo/walpar-nutritions-ipo/2082
2081,SME,Focus Business Solution Limited,Banking and Finance - FinTech,Navigant Corporate Advisors Limited,Surat,1.22,2021-06-30,1970-01-01,,2021-06,2021,6,https://www.ipoplatform.com/ipo/focus-business-solution-ipo/2081
2080,SME,Times Green Energy (India) Limited,Agro,Aryaman Financial Services Limited,Hyderabad,4.05,2021-06-16,1970-01-01,,2021-06,2021,6,https://www.ipoplatform.com/ipo/times-green-energy-ipo/2080
2079,SME,Adeshwar Meditex Limited,Healthcare,Aryaman Financial Services Limited,Mumbai,9.75,2021-06-15,1970-01-01,,2021-06,2021,6,https://www.ipoplatform.com/ipo/adeshwar-meditex-ipo/2079
2078,SME,Navoday Enterprises Limited,Corporate Solutions,Inventure Merchant Banker Services Private Limited,Mumbai,4.61,2021-06-14,1970-01-01,,2021-06,2021,6,https://www.ipoplatform.com/ipo/navoday-enterprises-ipo/2078
2077,SME,Abhishek Integrations Limited,Human Resources and Manpower,Beeline Capital Advisors Private Limited,Ahmedabad,4.95,2021-06-08,1970-01-01,,2021-06,2021,6,https://www.ipoplatform.com/ipo/abhishek-integrations-ipo/2077
3144,Main Board,Macrotech Developers Limited,Real Estate,Axis Capital Limited Axis Capital Limited and Bob Capital Markets Limited and Edelweiss Financial Services Limited and ICICI Securities Limited and Jm Financial Limited and Kotak Mahindra Capital Company Limited and SBI Capital Markets Limited and Yes Securities (India) Limited +,Mumbai,2500.0,2021-04-07,1970-01-01,,2021-04,2021,4,https://www.ipoplatform.com/ipo/lodha-developers-ipo/3144
3143,Main Board,POWERGRID Infrastructure Investment Trust,Infrastructure,Axis Capital Limited Axis Capital Limited and Edelweiss Financial Services Limited and Hsbc Securities & Capital Markets Private limited and ICICI Securities Limited +,New Delhi,7734.99,2021-04-29,1970-01-01,,2021-04,2021,4,https://www.ipoplatform.com/ipo/powergrid-invit-ipo-april-2021/3143
2076,SME,Kuberan Global Edu Solutions Limited,Education - Edtech,Fedex Securities Private Limited,Coimbatore,1.12,2021-04-20,1970-01-01,,2021-04,2021,4,https://www.ipoplatform.com/ipo/kuberan-global-edu-solutions-ipo/2076
3153,Main Board,MTAR Technologies Limited,Engineering,IIFL Securities Limited IIFL Securities Limited and Jm Financial Limited +,Hyderabad,596.41,2021-03-03,1970-01-01,,2021-03,2021,3,https://www.ipoplatform.com/ipo/mtar-technologies-ipo/3153
3152,Main Board,Easy Trip Planners Limited,Online Service Provider,Axis Capital Limited Axis Capital Limited and Jm Financial Limited +,New Delhi,510.0,2021-03-08,,,2021-03,2021,3,https://www.ipoplatform.com/ipo/easemytrip-ipo/3152
3151,Main Board,Anupam Rasayan India Limited,Chemical - Speciality,Ambit Private Limited Ambit Private Limited and Axis Capital Limited and IIFL Securities Limited and Jm Financial Limited +,Surat,760.0,2021-03-12,1970-01-01,,2021-03,2021,3,https://www.ipoplatform.com/ipo/anupam-rasayan-ipo/3151
3150,Main Board,Craftsman Automation Limited,Automobile,Axis Capital Limited Axis Capital Limited and IIFL Securities Limited +,Coimbatore,823.7,2021-03-15,1970-01-01,,2021-03,2021,3,https://www.ipoplatform.com/ipo/craftsman-automation-ipo/3150
3149,Main Board,Laxmi Organic Industries Limited,Chemical - Speciality,Axis Capital Limited Axis Capital Limited and Dam Capital Advisors Limited (Formerly Idfc Securities Limited) +,Raigad,600.0,2021-03-15,1970-01-01,,2021-03,2021,3,https://www.ipoplatform.com/ipo/laxmi-organic-ipo/3149
3148,Main Board,Kalyan Jewellers India Limited,Jewellery,Axis Capital Limited Axis Capital Limited and Bob Capital Markets Limited and Citigroup Global Markets India Private Limited and ICICI Securities Limited +,Thrissur,1175.0,2021-03-16,1970-01-01,,2021-03,2021,3,https://www.ipoplatform.com/ipo/kalyan-jewellers-ipo/3148
3147,Main Board,Suryoday Small Finance Bank Limited,Banking and Finance,Axis Capital Limited Axis Capital Limited and ICICI Securities Limited and IIFL Securities Limited and SBI Capital Markets Limited +,Mumbai,582.34,2021-03-17,1970-01-01,,2021-03,2021,3,https://www.ipoplatform.com/ipo/suryoday-small-finance-bank-ipo/3147
3146,Main Board,Nazara Technologies Limited,Information Technology,ICICI Securities Limited ICICI Securities Limited and IIFL Securities Limited and Jefferies India Private Limited and Nomura Financial Advisory And Securities (India) Private Limited +,Mumbai,582.91,2021-03-17,1970-01-01,,2021-03,2021,3,https://www.ipoplatform.com/ipo/nazara-technologies-ipo/3146
3145,Main Board,Barbeque Nation Hospitality Limited,Hotels and Resorts - QSR,Ambit Private Limited Ambit Private Limited and Axis Capital Limited and IIFL Securities Limited and SBI Capital Markets Limited +,Bengaluru,452.87,2021-03-24,1970-01-01,,2021-03,2021,3,https://www.ipoplatform.com/ipo/barbeque-nation-ipo/3145
2075,SME,Jetmall Spices and Masala Limited,Agro - Food Products,Mark Corporate Advisors Private Limited,Chennai,4.98,2021-03-31,1970-01-01,,2021-03,2021,3,https://www.ipoplatform.com/ipo/jetmall-spices-and-masala-ipo/2075
2074,SME,Rajeshwari Cans Limited,Packaging & Disposables,Fedex Securities Private Limited,Ahmedabad,4.03,2021-03-31,1970-01-01,,2021-03,2021,3,https://www.ipoplatform.com/ipo/rajeshwari-cans-ipo/2074
2073,SME,V-Marc India Limited,Cables and Wires,Pantomath Capital Advisors Private Limited,Haridwar,23.4,2021-03-25,1970-01-01,,2021-03,2021,3,https://www.ipoplatform.com/ipo/v-marc-india-ipo/2073
2072,SME,Siddhika Coatings Limited,Chemical - Paint and Adhesives,Unistone Capital Private Limited,New Delhi,4.7,2021-03-24,1970-01-01,,2021-03,2021,3,https://www.ipoplatform.com/ipo/siddhika-coatings-ipo/2072
2071,SME,EKI Energy Services Limited,Recycling,Hem Securities Limited,Indore,18.6,2021-03-24,1970-01-01,,2021-03,2021,3,https://www.ipoplatform.com/ipo/eki-energy-services-ipo/2071
2070,SME,NIKS Technology Limited,Information Technology  - Data Solutions,Gretex Corporate Services Limited,Patna,2.01,2021-03-19,1970-01-01,,2021-03,2021,3,https://www.ipoplatform.com/ipo/niks-technology-ipo/2070
2069,SME,Rangoli Tradecomm Limited,Plastic and Polymer,Fedex Securities Private Limited,Kolkata,45.15,2021-03-09,1970-01-01,,2021-03,2021,3,https://www.ipoplatform.com/ipo/rangoli-tradecomm-ipo/2069
2068,SME,Knowledge Marine & Engineering Works Limited,Engineering - EPC,Hem Securities Limited,Mumbai,10.12,2021-03-09,1970-01-01,,2021-03,2021,3,https://www.ipoplatform.com/ipo/kmew-ipo/2068
2067,SME,Ashapuri Gold Ornament Limited,Jewellery,Mehta Integrated Finance Limited,Ahmedabad,30.02,2021-03-03,1970-01-01,,2021-03,2021,3,https://www.ipoplatform.com/ipo/ashapuri-gold-ornament-fpo/2067
2066,SME,ADJIA Technologies Limited,Information Technology  - Data Solutions,Shreni Shares Limited,Ahmedabad,2.0,2021-03-02,1970-01-01,,2021-03,2021,3,https://www.ipoplatform.com/ipo/adjia-technologies-ipo/2066
3157,Main Board,Brookfield India Real Estate Trust,Real Estate - REIT,Ambit Private Limited Ambit Private Limited and Axis Capital Limited and IIFL Securities Limited and J.P. Morgan India Private Limited and SBI Capital Markets Limited +,New Delhi,3800.0,2021-02-03,1970-01-01,,2021-02,2021,2,https://www.ipoplatform.com/ipo/brookfield-india-reit/3157
3156,Main Board,Nureca Limited,Healthcare - Personal Care,Iti Capital Limited,Mumbai,100.0,2021-02-15,1970-01-01,,2021-02,2021,2,https://www.ipoplatform.com/ipo/nureca-limited-ipo/3156
3155,Main Board,RailTel Corporation of India Limited,Infrastructure,Idbi Capital Market Services Limited Idbi Capital Market Services Limited and ICICI Securities Limited and SBI Capital Markets Limited +,New Delhi,819.24,2021-02-16,1970-01-01,,2021-02,2021,2,https://www.ipoplatform.com/ipo/railtel-ipo/3155
3154,Main Board,Heranba Industries Limited,Chemical - Pesticides,Batlivala & Karani Securities India Private Limited Batlivala & Karani Securities India Private Limited and Emkay Global Financial Services Limited +,Valsad,625.24,2021-02-23,1970-01-01,,2021-02,2021,2,https://www.ipoplatform.com/ipo/heranba-industries-ipo/3154
2065,SME,Pavna Industries Limited,Engineering - Automotive,Aryaman Financial Services Limited,Aligarh,29.7,2021-02-24,1970-01-01,,2021-02,2021,2,https://www.ipoplatform.com/ipo/pavna-industries-ipo/2065
2064,SME,Party Cruisers Limited,Advertising and Media - Events,First Overseas Capital Limited,Mumbai,7.75,2021-02-22,1970-01-01,,2021-02,2021,2,https://www.ipoplatform.com/ipo/party-cruisers-ipo/2064
2063,SME,MRP Agro Limited,Agro - Food Products,Beeline Capital Advisors Private Limited,Tikamgarh,3.24,2021-02-08,1970-01-01,,2021-02,2021,2,https://www.ipoplatform.com/ipo/mrp-agro-ipo/2063
3161,Main Board,Indian Railway Finance Corporation Limited,Banking and Finance,Hsbc Securities & Capital Markets Private limited Hsbc Securities & Capital Markets Private limited and ICICI Securities Limited and Idfc Bank Limited and SBI Capital Markets Limited +,New Delhi,4633.38,2021-01-18,1970-01-01,,2021-01,2021,1,https://www.ipoplatform.com/ipo/irfc-ipo/3161
3160,Main Board,Indigo Paints Limited,Chemical - Paint and Adhesives,Edelweiss Financial Services Limited Edelweiss Financial Services Limited and ICICI Securities Limited and Kotak Mahindra Capital Company Limited +,Pune,1176.0,2021-01-20,1970-01-01,,2021-01,2021,1,https://www.ipoplatform.com/ipo/indigo-paints-ipo/3160
3159,Main Board,Home First Finance Company India Limited,Banking and Finance,Axis Capital Limited Axis Capital Limited and Credit Suisse Securities (India) Private Limited and ICICI Securities Limited and Kotak Mahindra Capital Company Limited +,Mumbai,1153.72,2021-01-21,1970-01-01,,2021-01,2021,1,https://www.ipoplatform.com/ipo/home-first-finance-ipo/3159
3158,Main Board,Stove Kraft Limited,Electric Equipments,Edelweiss Financial Services Limited Edelweiss Financial Services Limited and Jm Financial Limited +,Ramanagar,412.63,2021-01-25,1970-01-01,,2021-01,2021,1,https://www.ipoplatform.com/ipo/stove-kraft-ipo/3158
3164,Main Board,Burger King India Limited,Hotels and Resorts - QSR,Clsa India Private Limited Clsa India Private Limited and Edelweiss Financial Services Limited and Jm Financial Limited and Kotak Mahindra Capital Company Limited +,Mumbai,810.0,2020-12-02,1970-01-01,,2020-12,2020,12,https://www.ipoplatform.com/ipo/burger-king-ipo/3164
3163,Main Board,Mrs. Bectors Food Specialities Limited,FMCG,ICICI Securities Limited ICICI Securities Limited and IIFL Securities Limited and SBI Capital Markets Limited +,Jalandhar,540.54,2020-12-15,1970-01-01,,2020-12,2020,12,https://www.ipoplatform.com/ipo/mrs-bectors-food-ipo/3163
3162,Main Board,Antony Waste Handling Cell Limited,ESG - Waste,Equirus Capital Private Limited Equirus Capital Private Limited and IIFL Securities Limited +,Mumbai,300.0,2020-12-21,1970-01-01,,2020-12,2020,12,https://www.ipoplatform.com/ipo/antony-waste-ipo/3162
3165,Main Board,Gland Pharma Limited,Pharmaceutical,Citigroup Global Markets India Private Limited Citigroup Global Markets India Private Limited and Haitong Securities India Private Limited and Kotak Mahindra Capital Company Limited and Nomura Financial Advisory And Securities (India) Private Limited +,Hyderabad,6479.55,2020-11-09,1970-01-01,,2020-11,2020,11,https://www.ipoplatform.com/ipo/gland-pharma-ipo/3165
2062,SME,Net Pix Shorts Digital Media Limited,Film and Animation - VFX,Aryaman Financial Services Limited,Mumbai,2.7,2020-11-18,1970-01-01,,2020-11,2020,11,https://www.ipoplatform.com/ipo/net-pix-shorts-ipo/2062
3166,Main Board,Equitas Small Finance Bank Limited,Banking and Finance,Edelweiss Financial Services Limited Edelweiss Financial Services Limited and IIFL Securities Limited and Jm Financial Limited +,Chennai,517.6,2020-10-20,1970-01-01,,2020-10,2020,10,https://www.ipoplatform.com/ipo/equitas-small-finance-bank-ipo/3166
2061,SME,Shine Fashions (India) Limited,Textiles,Shreni Shares Limited,Mumbai,1.6,2020-10-22,1970-01-01,,2020-10,2020,10,https://www.ipoplatform.com/ipo/shine-fashions-ipo/2061
2060,SME,Bodhi Tree Multimedia Limited,Film and Animation - VFX,Shreni Shares Limited,Mumbai,3.71,2020-10-09,1970-01-01,,2020-10,2020,10,https://www.ipoplatform.com/ipo/bodhi-tree-multimedia-ipo/2060
3174,Main Board,Happiest Minds Technologies Limited,Information Technology,ICICI Securities Limited ICICI Securities Limited and Nomura Financial Advisory And Securities (India) Private Limited +,Bengaluru,702.02,2020-09-07,1970-01-01,,2020-09,2020,9,https://www.ipoplatform.com/ipo/happiest-minds-ipo/3174
3173,Main Board,Route Mobile Limited,Information Technology - SaaS,Idbi Capital Market Services Limited Idbi Capital Market Services Limited and Axis Capital Limited and Edelweiss Financial Services Limited and ICICI Securities Limited +,Mumbai,600.0,2020-09-09,1970-01-01,,2020-09,2020,9,https://www.ipoplatform.com/ipo/route-mobile-ipo/3173
3172,Main Board,Computer Age Management Services Limited,Banking and Finance,Hdfc Bank Limited Hdfc Bank Limited and ICICI Securities Limited and Kotak Mahindra Capital Company Limited and Nomura Financial Advisory And Securities (India) Private Limited +,Chennai,2244.33,2020-09-21,1970-01-01,,2020-09,2020,9,https://www.ipoplatform.com/ipo/cams-ipo/3172
3171,Main Board,Chemcon Speciality Chemicals Limited,Chemical - Speciality,Intensive Fiscal Services Private Limited Intensive Fiscal Services Private Limited and Ambit Private Limited +,Vadodara,318.0,2020-09-21,1970-01-01,,2020-09,2020,9,https://www.ipoplatform.com/ipo/chemcon-ipo/3171
3170,Main Board,Angel One Limited,Banking and Finance,Edelweiss Financial Services Limited Edelweiss Financial Services Limited and ICICI Securities Limited and SBI Capital Markets Limited +,Mumbai,600.0,2020-09-22,1970-01-01,,2020-09,2020,9,https://www.ipoplatform.com/ipo/angel-broking-ipo/3170
3169,Main Board,Mazagon Dock Shipbuilders Limited,Defence,Axis Capital Limited Axis Capital Limited and Dam Capital Advisors Limited (Formerly Idfc Securities Limited) and Edelweiss Financial Services Limited and Jm Financial Limited +,Mumbai,443.69,2020-09-29,1970-01-01,,2020-09,2020,9,https://www.ipoplatform.com/ipo/mazagon-dock-ipo/3169
3168,Main Board,UTI Asset Management Company Limited,Banking and Finance,Axis Capital Limited Axis Capital Limited and Bofa Securities India Limited and Citigroup Global Markets India Private Limited and ICICI Securities Limited and SBI Capital Markets Limited +,Mumbai,2159.88,2020-09-29,1970-01-01,,2020-09,2020,9,https://www.ipoplatform.com/ipo/uti-amc-ipo/3168
3167,Main Board,Likhitha Infrastructure Limited,Oil and Gas,Unistone Capital Private Limited,Hyderabad,61.2,2020-09-29,,,2020-09,2020,9,https://www.ipoplatform.com/ipo/likhitha-infrastructure-ipo/3167
2059,SME,Veer Global Infraconstruction Limited,Real Estate - Residential and Commercial,Capitalsquare Advisors Private Limited,Mumbai,4.92,2020-09-30,1970-01-01,,2020-09,2020,9,https://www.ipoplatform.com/ipo/veer-global-infraconstruction-ipo/2059
2058,SME,Sigma Solve Limited,Information Technology  - Data Solutions,Beeline Capital Advisors Private Limited,Ahmedabad,4.95,2020-09-29,1970-01-01,,2020-09,2020,9,https://www.ipoplatform.com/ipo/sigma-solve-ipo/2058
2057,SME,Atal Realtech Limited,Infrastructure,Aryaman Financial Services Limited Aryaman Financial Services Limited and Galactico Corporate Service Limited +,Nashik,10.83,2020-09-30,1970-01-01,,2020-09,2020,9,https://www.ipoplatform.com/ipo/atal-realtech-ipo/2057
2056,SME,G M Polyplast Limited,Plastic and Polymer,Gretex Corporate Services Limited,Mumbai,8.09,2020-09-30,1970-01-01,,2020-09,2020,9,https://www.ipoplatform.com/ipo/gm-polyplast-ipo/2056
2055,SME,AAA Technologies Limited,Information Technology  - Data Solutions,Chartered Finance Management Limited,Mumbai,10.23,2020-09-30,1970-01-01,,2020-09,2020,9,https://www.ipoplatform.com/ipo/aaa-technologies-ipo/2055
2054,SME,Atam Valves Limited,Valves,Fedex Securities Private Limited,Jalandhar,4.5,2020-09-18,1970-01-01,,2020-09,2020,9,https://www.ipoplatform.com/ipo/atam-valves-sme-ipo/2054
2053,SME,SecMark Consultancy Limited,Outsourcing,Indorient Financial Services Limited,Mumbai,15.04,2020-09-18,1970-01-01,,2020-09,2020,9,https://www.ipoplatform.com/ipo/secmark-sme-ipo/2053
2052,SME,Advait Infratech Limited,Infrastructure,Isk Advisors Private Limited,Ahmedabad,6.89,2020-09-15,1970-01-01,,2020-09,2020,9,https://www.ipoplatform.com/ipo/advait-infratech-sme-ipo/2052
2051,SME,Trekkingtoes.com Limited,Travel and Tourism,Fast Track Finsec Private Limited,Jaipur,4.54,2020-08-18,1970-01-01,,2020-08,2020,8,https://www.ipoplatform.com/ipo/hippo-cabs-ipo/2051
2050,SME,Suratwwala Business Group Limited,Real Estate,Hem Securities Limited,Pune,6.9,2020-08-03,1970-01-01,,2020-08,2020,8,https://www.ipoplatform.com/ipo/suratwwala-business-ipo/2050
3177,Main Board,Rossari Biotech Limited,Chemical - Speciality,Axis Bank Limited Axis Bank Limited and ICICI Securities Limited +,Mumbai,496.49,2020-07-13,1970-01-01,,2020-07,2020,7,https://www.ipoplatform.com/ipo/rossari-biotech-ipo/3177
3176,Main Board,Yes Bank Limited,Banking and Finance,Axis Bank Limited Axis Bank Limited and Bofa Securities India Limited and Citigroup Global Markets India Private Limited and Hsbc Securities & Capital Markets Private limited and SBI Capital Markets Limited and Yes Bank Limited +,Mumbai,15000.0,2020-07-15,1970-01-01,,2020-07,2020,7,https://www.ipoplatform.com/ipo/yes-bank-fpo/3176
3175,Main Board,Mindspace Business Parks,Real Estate - REIT,Ambit Private Limited Ambit Private Limited and Axis Capital Limited and Bofa Securities India Limited and Citigroup Global Markets India Private Limited and ICICI Securities Limited and Idfc Bank Limited and Jm Financial Limited and Kotak Mahindra Capital Company Limited and Morgan Stanley India Company Private Limited and Nomura Financial Advisory And Securities (India) Private Limited and Ubs Securities India Private Limited +,Mumbai,4500.0,2020-07-27,1970-01-01,,2020-07,2020,7,https://www.ipoplatform.com/ipo/mindspace-business-reit/3175
2049,SME,Bonlon Industries Limited,Engineering,Sarthi Capital Advisors Private Limited,New Delhi,10.52,2020-06-30,1970-01-01,,2020-06,2020,6,https://www.ipoplatform.com/ipo/bonlon-industries-ipo/2049
2048,SME,Ksolves India Limited,Information Technology - SaaS,Shreni Shares Limited,New Delhi,4.02,2020-06-23,1970-01-01,,2020-06,2020,6,https://www.ipoplatform.com/ipo/ksolves-india-ipo/2048
2047,SME,Billwin Industries Limited,Textiles,Gretex Corporate Services Limited,Mumbai,2.46,2020-06-18,1970-01-01,,2020-06,2020,6,https://www.ipoplatform.com/ipo/billwin-industries-ipo/2047
3178,Main Board,SBI Cards and Payment Services Limited,Banking and Finance,Axis Capital Limited Axis Capital Limited and Bofa Securities India Limited and Hsbc Securities & Capital Markets Private limited and Kotak Mahindra Capital Company Limited +,New Delhi,10354.77,2020-03-02,1970-01-01,,2020-03,2020,3,https://www.ipoplatform.com/ipo/sbi-cards-ipo/3178
2046,SME,Nirmitee Robotics India Limited,Engineering - Tech Solutions,Aryaman Financial Services Limited,Nagpur,3.24,2020-03-31,1970-01-01,,2020-03,2020,3,https://www.ipoplatform.com/ipo/nirmitee-robotics-ipo/2046
2045,SME,Laxmi Goldorna House Limited,Jewellery,Beeline Capital Advisors Private Limited,Ahmedabad,8.28,2020-03-20,1970-01-01,,2020-03,2020,3,https://www.ipoplatform.com/ipo/laxmi-goldorna-ipo/2045
2044,SME,DJ Mediaprint & Logistics Limited,Logistics,Finshore Management Services Limited,Mumbai,2.4,2020-03-26,1970-01-01,,2020-03,2020,3,https://www.ipoplatform.com/ipo/dj-mediaprint-ipo/2044
2043,SME,Cospower Engineering Ltd,Electric Equipments,Shreni Shares Limited,Mumbai,2.04,2020-03-17,1970-01-01,,2020-03,2020,3,https://www.ipoplatform.com/ipo/cospower-engineering-ipo/2043
2042,SME,RO Jewels Ltd,Jewellery,First Overseas Capital Limited,Ahmedabad,4.91,2020-03-12,1970-01-01,,2020-03,2020,3,https://www.ipoplatform.com/ipo/ro-jewels-ipo/2042
2041,SME,SM Auto Stamping Ltd,Engineering - Automotive,Hem Securities Limited,Nashik,6.91,2020-03-03,1970-01-01,,2020-03,2020,3,https://www.ipoplatform.com/ipo/sm-auto-ipo/2041
2040,SME,ICL Organic Dairy Products Limited,Agro - Food Products,Finshore Management Services Limited,New Delhi,4.08,2020-01-31,1970-01-01,,2020-01,2020,1,https://www.ipoplatform.com/ipo/icl-dairy-ipo/2040
2039,SME,Chandra Bhagat Pharma Ltd,Pharmaceutical,Beeline Capital Advisors Private Limited,Mumbai,10.2,2020-01-31,1970-01-01,,2020-01,2020,1,https://www.ipoplatform.com/ipo/cbc-pharma-ipo/2039
2038,SME,Janus Corporation Ltd,Real Estate,First Overseas Capital Limited,Mumbai,8.0,2020-01-27,1970-01-01,,2020-01,2020,1,https://www.ipoplatform.com/ipo/janus-ipo/2038
2037,SME,Madhav Copper Limited - FPO,Cables and Wires,Pantomath Capital Advisors Private Limited,Bhavnagar,25.5,2020-01-27,1970-01-01,,2020-01,2020,1,https://www.ipoplatform.com/ipo/madhav-copper-fpo/2037
2036,SME,Tranway Technologies Ltd,Outsourcing,Finshore Management Services Limited,Bengaluru,4.24,2020-01-27,1970-01-01,,2020-01,2020,1,https://www.ipoplatform.com/ipo/tranway-ipo/2036
2035,SME,HindPrakash Industries Ltd,Chemical - Speciality,Hem Securities Limited,Ahmedabad,11.52,2020-01-15,1970-01-01,,2020-01,2020,1,https://www.ipoplatform.com/ipo/hindprakash-ipo/2035
3180,Main Board,Ujjivan Small Finance Bank Limited,Banking and Finance,IIFL Securities Limited IIFL Securities Limited and Jm Financial Limited and Kotak Mahindra Capital Company Limited +,New Delhi,750.0,2019-12-02,1970-01-01,,2019-12,2019,12,https://www.ipoplatform.com/ipo/ujjivan-bank-ipo/3180
3179,Main Board,Prince Pipes and Fittings Limited,Plastic and Polymer,Edelweiss Financial Services Limited Edelweiss Financial Services Limited and Jm Financial Limited +,Goa,500.0,2019-12-18,1970-01-01,,2019-12,2019,12,https://www.ipoplatform.com/ipo/prince-pipes-ipo/3179
2034,SME,Vaxtex Cotfab Limited,Textiles - Fabrics,Capitalsquare Advisors Private Limited,Ahmedabad,3.83,2019-12-27,,,2019-12,2019,12,https://www.ipoplatform.com/ipo/vaxtex-cotfab-ipo/2034
2033,SME,Gian Life Care Limited,Healthcare,Hem Securities Limited,Kanpur,3.12,2019-12-31,1970-01-01,,2019-12,2019,12,https://www.ipoplatform.com/ipo/gian-lifecare-ipo/2033
2032,SME,Valencia Nutrition Ltd,FMCG - Snacks and Beverages,Aryaman Financial Services Limited,Bengaluru,7.23,2019-12-23,1970-01-01,,2019-12,2019,12,https://www.ipoplatform.com/ipo/valencia-ipo/2032
2031,SME,DC Infotech and Communication Limited,Information Technology - Hardware,Fedex Securities Private Limited,Mumbai,10.8,2019-12-12,1970-01-01,,2019-12,2019,12,https://www.ipoplatform.com/ipo/dc-infotech-ipo/2031
3181,Main Board,CSB Bank Limited,Banking and Finance,Axis Capital Limited Axis Capital Limited and IIFL Securities Limited +,Thrissur,409.68,2019-11-22,1970-01-01,,2019-11,2019,11,https://www.ipoplatform.com/ipo/csb-bank-ipo/3181
2030,SME,Ascom Leasing & Investments Ltd,Banking and Finance,Fast Track Finsec Private Limited,Surat,6.32,2019-11-26,1970-01-01,,2019-11,2019,11,https://www.ipoplatform.com/ipo/ascom-leasing-ipo/2030
2029,SME,Mangalam Global Enterprise Limited,Agro,Pantomath Capital Advisors Private Limited,Ahmedabad,21.57,2019-11-15,,,2019-11,2019,11,https://www.ipoplatform.com/ipo/mangalam-global-ipo/2029
2028,SME,Anuroop Packaging Ltd,Packaging & Disposables,Gretex Corporate Services Limited,Mumbai,2.64,2019-11-08,1970-01-01,,2019-11,2019,11,https://www.ipoplatform.com/ipo/anuroop-ipo/2028
2027,SME,Gensol Engineering Limited,Solar,Pantomath Capital Advisors Private Limited,Chandigarh,17.93,2019-10-04,1970-01-01,,2019-10,2019,10,https://www.ipoplatform.com/ipo/gensol-engineering-ipo/2027
3183,Main Board,IRCTC Limited,Railway,Idbi Capital Market Services Limited Idbi Capital Market Services Limited and SBI Capital Markets Limited and Yes Securities (India) Limited +,New Delhi,645.12,2019-09-30,,,2019-09,2019,9,https://www.ipoplatform.com/ipo/irctc-ipo/3183
3182,Main Board,Vishwaraj Sugar Industries Limited,Agro - Sugar,Aryaman Financial Services Limited,Belgaum,60.0,2019-09-30,,,2019-09,2019,9,https://www.ipoplatform.com/ipo/vishwaraj-ipo/3182
2026,SME,Goblin India Limited,Corporate Solutions - Gifts,Fast Track Finsec Private Limited,Ahmedabad,15.2,2019-09-30,1970-01-01,,2019-09,2019,9,https://www.ipoplatform.com/ipo/goblin-ipo/2026
2025,SME,Sona Hi Sona Jewellers (Gujarat) Ltd,Jewellery,Fedex Securities Private Limited,Ahmedabad,4.5,2019-09-30,1970-01-01,,2019-09,2019,9,https://www.ipoplatform.com/ipo/sona-hi-sona-ipo/2025
2024,SME,Galactico Corporate Services Ltd,Banking and Finance,Aryaman Financial Services Limited,Nashik,3.7,2019-09-24,1970-01-01,,2019-09,2019,9,https://www.ipoplatform.com/ipo/galactico-ipo/2024
2023,SME,Misquita Engineering Ltd,Engineering,Gretex Corporate Services Limited,Goa,1.93,2019-09-23,1970-01-01,,2019-09,2019,9,https://www.ipoplatform.com/ipo/misquita-ipo/2023
2022,SME,Shiv Aum Steels Ltd,Steel,Aryaman Financial Services Limited,Mumbai,15.84,2019-09-19,1970-01-01,,2019-09,2019,9,https://www.ipoplatform.com/ipo/shiv-aum-ipo/2022
3185,Main Board,Spandana Sphoorty Financial Limited,Banking and Finance,Axis Capital Limited Axis Capital Limited and ICICI Securities Limited and IIFL Securities Limited and Indusind Bank Limited +,Hyderabad,1202.34,2019-08-05,1970-01-01,,2019-08,2019,8,https://www.ipoplatform.com/ipo/spandana-sphoorty-ipo/3185
3184,Main Board,Sterling and Wilson Solar Limited,Solar,Axis Capital Limited Axis Capital Limited and Credit Suisse Securities (India) Private Limited and Deutsche Equities India Private Limited and ICICI Securities Limited and SBI Capital Markets Limited and Yes Securities (India) Limited +,Mumbai,3145.16,2019-08-06,1970-01-01,,2019-08,2019,8,https://www.ipoplatform.com/ipo/sterling-and-wilson-ipo/3184
2021,SME,Novateor Research Laboratories Ltd,Healthcare - Personal Care,First Overseas Capital Limited,Ahmedabad,4.49,2019-08-30,1970-01-01,,2019-08,2019,8,https://www.ipoplatform.com/ipo/smiloshine-ipo/2021
2020,SME,Salasar Exteriors and Contour Ltd,Real Estate,Navigant Corporate Advisors Limited,Mumbai,8.5,2019-08-28,,,2019-08,2019,8,https://www.ipoplatform.com/ipo/salasar-exteriors-ipo/2020
2019,SME,Transpact Enterprises Ltd,Healthcare,Aryaman Financial Services Limited,Mumbai,1.35,2019-08-26,1970-01-01,,2019-08,2019,8,https://www.ipoplatform.com/ipo/transpact-ipo/2019
2018,SME,Alphalogic Techsys Ltd,Information Technology  - Data Solutions,Finshore Management Services Limited,Pune,6.18,2019-08-26,1970-01-01,,2019-08,2019,8,https://www.ipoplatform.com/ipo/alphalogic-ipo/2018
3186,Main Board,Affle (India) Limited,Information Technology  - Data Solutions,ICICI Securities Limited ICICI Securities Limited and Nomura Financial Advisory And Securities (India) Private Limited +,Mumbai,459.0,2019-07-29,,,2019-07,2019,7,https://www.ipoplatform.com/ipo/affle-ipo/3186
2017,SME,Wonder Fibromats Limited,Electric Equipments,Navigant Corporate Advisors Limited,New Delhi,19.79,2019-07-22,1970-01-01,,2019-07,2019,7,https://www.ipoplatform.com/ipo/wonder-fibromats-ipo/2017
3187,Main Board,IndiaMART InterMESH Limited,Online Service Provider,Edelweiss Financial Services Limited Edelweiss Financial Services Limited and ICICI Securities Limited and Jefferies India Private Limited +,New Delhi,475.59,2019-06-24,1970-01-01,,2019-06,2019,6,https://www.ipoplatform.com/ipo/india-mart-ipo/3187
2016,SME,SK International Export Limited,Textiles,Finshore Management Services Limited,Mumbai,3.96,2019-06-28,1970-01-01,,2019-06,2019,6,https://www.ipoplatform.com/ipo/sk-international-ipo/2016
2015,SME,AB Infrabuild Limited,Infrastructure,Mark Corporate Advisors Private Limited,Mumbai,12.84,2019-06-28,1970-01-01,,2019-06,2019,6,https://www.ipoplatform.com/ipo/ab-infrabuild-ipo/2015
2014,SME,City Pulse Multiplex Limited,Film and Animation - VFX,Capitalsquare Advisors Private Limited,Ahmedabad,3.98,2019-06-27,1970-01-01,,2019-06,2019,6,https://www.ipoplatform.com/ipo/city-pulse-ipo/2014
2013,SME,Earum Pharmaceuticals Limited,Pharmaceutical,Hem Securities Limited,Ahmedabad,6.65,2019-06-21,1970-01-01,,2019-06,2019,6,https://www.ipoplatform.com/ipo/earum-ipo/2013
2012,SME,SBC Exports Limited,Textiles,Navigant Corporate Advisors Limited,Mirzapur,6.56,2019-06-24,1970-01-01,,2019-06,2019,6,https://www.ipoplatform.com/ipo/sbc-exports-ipo/2012
2011,SME,Anand Rayons Limited,Textiles,Oneview Corporate Advisors Private Limited (Formerly known as Guiness Corporate Advisors),Surat,12.66,2019-06-18,1970-01-01,,2019-06,2019,6,https://www.ipoplatform.com/ipo/anand-rayons-ipo/2011
2010,SME,Parshva Enterprises Limited,Jewellery,Inventure Merchant Banker Services Private Limited,Mumbai,3.65,2019-06-19,1970-01-01,,2019-06,2019,6,https://www.ipoplatform.com/ipo/parshva-enterprises-ipo/2010
2008,SME,Suich Industries Limited,Electric Equipments,Pantomath Capital Advisors Private Limited,New Delhi,30.86,2019-05-30,1970-01-01,,2019-05,2019,5,https://www.ipoplatform.com/ipo/suich-industries-ipo/2008
2007,SME,Cian Healthcare Limited,Pharmaceutical,Fedex Securities Private Limited,Pune,37.92,2019-05-02,1970-01-01,,2019-05,2019,5,https://www.ipoplatform.com/ipo/cian-healthcare-ipo/2007
2006,SME,Par Drugs and Chemicals Limited,Pharmaceutical,Pantomath Capital Advisors Private Limited,Vadodara,8.53,2019-05-03,1970-01-01,,2019-05,2019,5,https://www.ipoplatform.com/ipo/par-drugs-ipo/2006
1995,SME,Artedz Fabs Limited,Textiles,Pantomath Capital Advisors Private Limited,Mumbai,8.32,2019-05-18,,,2019-05,2019,5,https://www.ipoplatform.com/ipo/artedz-fabs-ipo/1995
3190,Main Board,Metropolis Healthcare Limited,Healthcare,Credit Suisse Securities (India) Private Limited Credit Suisse Securities (India) Private Limited and Goldman Sachs (India) Securities Private Limited and Hdfc Bank Limited and Jm Financial Limited +,Mumbai,1204.29,2019-04-03,1970-01-01,,2019-04,2019,4,https://www.ipoplatform.com/ipo/metropolis-ipo/3190
3188,Main Board,Neogen Chemicals Limited,Chemical - Speciality,Batlivala & Karani Securities India Private Limited Batlivala & Karani Securities India Private Limited and Inga Ventures Private Limited +,Mumbai,132.35,2019-04-24,1970-01-01,,2019-04,2019,4,https://www.ipoplatform.com/ipo/neogen-chemicals-ipo/3188
2009,SME,Meera Industries Limited,Textiles,Aryaman Financial Services Limited,Surat,11.75,2019-04-27,1970-01-01,,2019-04,2019,4,https://www.ipoplatform.com/ipo/meera-industries-fpo/2009
2005,SME,Artemis Electricals and Projects Limited,Electric Equipments,Fedex Securities Private Limited,Mumbai,42.0,2019-04-24,1970-01-01,,2019-04,2019,4,https://www.ipoplatform.com/ipo/artemis-electricals-ipo/2005
2004,SME,Evans Electric Limited,Electric Equipments,Hem Securities Limited,Mumbai,1.93,2019-04-30,1970-01-01,,2019-04,2019,4,https://www.ipoplatform.com/ipo/evans-electric-ipo/2004
2003,SME,White Organic Retail Limited,Agro,Finshore Management Services Limited,Mumbai,15.46,2019-04-26,1970-01-01,,2019-04,2019,4,https://www.ipoplatform.com/ipo/white-organic-ipo/2003
2002,SME,G.K.P. Printing & Packaging Limited,Packaging & Disposables,Holani Consultants Private Limited,Mumbai,6.58,2019-04-23,1970-01-01,,2019-04,2019,4,https://www.ipoplatform.com/ipo/gkp-printing-ipo/2002
2001,SME,VR Films & Studios Limited,Film and Animation - VFX,Hem Securities Limited,Mumbai,2.27,2019-04-12,1970-01-01,,2019-04,2019,4,https://www.ipoplatform.com/ipo/v-r-films-ipo/2001
2000,SME,Jinaams Dress Limited,Textiles,Smc Capitals Limited,Surat,42.48,2019-04-09,1970-01-01,,2019-04,2019,4,https://www.ipoplatform.com/ipo/jinaams-dress-limited-ipo/2000
3193,Main Board,MSTC Limited,Online Service Provider,Equirus Capital Private Limited,Kolkata,212.04,2019-03-13,1970-01-01,,2019-03,2019,3,https://www.ipoplatform.com/ipo/mstc-limited-ipo/3193
3192,Main Board,Embassy Office Parks,Real Estate - REIT,Axis Capital Limited Axis Capital Limited and Credit Suisse Securities (India) Private Limited and Deutsche Equities India Private Limited and Goldman Sachs (India) Securities Private Limited and Jm Financial Limited and Nomura Financial Advisory And Securities (India) Private Limited +,Bengaluru,4750.0,2019-03-18,1970-01-01,,2019-03,2019,3,https://www.ipoplatform.com/ipo/embassy-office-parks/3192
3191,Main Board,Rail Vikas Nigam Limited,Railway,Idbi Capital Market Services Limited Idbi Capital Market Services Limited and Elara Capital (India) Private Limited and Yes Bank Limited +,New Delhi,481.57,2019-03-29,1970-01-01,,2019-03,2019,3,https://www.ipoplatform.com/ipo/rail-vikas-ipo/3191
1999,SME,KHFM Hospitality and Facility Management Services Ltd,Corporate Solutions,Bonanza Portfolio Limited,Mumbai,10.62,2019-03-22,1970-01-01,,2019-03,2019,3,https://www.ipoplatform.com/ipo/khfm-hospitality-ipo/1999
1998,SME,Osia Hyper Retail Limited,Retail,Monarch Networth Capital Limited,Ahmedabad,39.78,2019-03-26,,,2019-03,2019,3,https://www.ipoplatform.com/ipo/osia-hyper-ipo/1998
1997,SME,Northern Spirits Limited,Retail,Finshore Management Services Limited,Kolkata,18.5,2019-03-22,1970-01-01,,2019-03,2019,3,https://www.ipoplatform.com/ipo/northern-spirits-ipo/1997
1996,SME,Roopshri Resorts Limited,Hotels and Resorts,Aryaman Financial Services Limited Aryaman Financial Services Limited and Bcb Brokerage Private Limited +,Raigarh,3.6,2019-03-19,1970-01-01,,2019-03,2019,3,https://www.ipoplatform.com/ipo/roopshri-resorts-ipo/1996
1994,SME,Humming Bird Education Limited,Education,Share India Capital Services Private Limited,New Delhi,2.15,2019-03-15,1970-01-01,,2019-03,2019,3,https://www.ipoplatform.com/ipo/humming-bird-education-ipo/1994
1993,SME,Ashapuri Gold Ornament Limited,Jewellery,Fedex Securities Private Limited,Ahmedabad,29.33,2019-03-13,1970-01-01,,2019-03,2019,3,https://www.ipoplatform.com/ipo/ashapuri-gold-ipo/1993
1992,SME,Aartech Solonics Limited,Power and Energy,Swastika Investmart Limited,Bhopal,7.21,2019-03-12,1970-01-01,,2019-03,2019,3,https://www.ipoplatform.com/ipo/aartech-solonics-ipo/1992
1991,SME,Mahip Industries Limited,Packaging & Disposables,Finshore Management Services Limited,Ahmedabad,16.63,2019-02-26,1970-01-01,,2019-02,2019,2,https://www.ipoplatform.com/ipo/mahip-industries-ipo/1991
1990,SME,Gleam Fabmat Limited,Aluminium,Aryaman Financial Services Limited,New Delhi,3.12,2019-02-19,1970-01-01,,2019-02,2019,2,https://www.ipoplatform.com/ipo/gleam-fabmat-ipo/1990
1989,SME,Mindpool Technologies Limited,Information Technology  - Data Solutions,Hem Securities Limited,Pune,3.6,2019-02-14,1970-01-01,,2019-02,2019,2,https://www.ipoplatform.com/ipo/mindpool-technologies-ipo/1989
1988,SME,Kranti Industries Limited,Engineering - Automotive,Fast Track Finsec Private Limited,Pune,8.58,2019-02-14,1970-01-01,,2019-02,2019,2,https://www.ipoplatform.com/ipo/kranti-industries-ipo/1988
1987,SME,Jonjua Overseas Limited,Outsourcing,Finshore Management Services Limited,Mohali,1.3,2019-02-12,1970-01-01,,2019-02,2019,2,https://www.ipoplatform.com/ipo/jonjua-overseas-ipo/1987
1986,SME,Anmol India Limited,Minerals,Share India Capital Services Private Limited,Guwahati,10.23,2019-02-12,1970-01-01,,2019-02,2019,2,https://www.ipoplatform.com/ipo/anmol-india-ipo/1986
3195,Main Board,Xelpmoc Design and Tech Limited,Information Technology  - Data Solutions,Iti Capital Limited,Bengaluru,23.0,2019-01-23,1970-01-01,,2019-01,2019,1,https://www.ipoplatform.com/ipo/xelpmoc-design-tech-ipo/3195
3194,Main Board,Chalet Hotels Limited,Hotels and Resorts,Axis Capital Limited Axis Capital Limited and Jm Financial Limited and Morgan Stanley India Company Private Limited +,Mumbai,1641.18,2019-01-29,1970-01-01,,2019-01,2019,1,https://www.ipoplatform.com/ipo/chalet-hotels-ipo/3194
1985,SME,Ritco Logistics Limited,Minerals,Pantomath Capital Advisors Private Limited,New Delhi,48.18,2019-01-28,1970-01-01,,2019-01,2019,1,https://www.ipoplatform.com/ipo/ritco-logistics-ipo/1985
1984,SME,Surani Steel Tubes Limited,Steel - Tubes and Pipes,Pantomath Capital Advisors Private Limited,Gandhinagar,12.92,2019-01-25,1970-01-01,,2019-01,2019,1,https://www.ipoplatform.com/ipo/surani-steel-ipo/1984
1983,SME,K.P.I. Global Infrastructure Limited,Solar,Vivro Financial Services Private Limited,Surat,39.94,2019-01-08,1970-01-01,,2019-01,2019,1,https://www.ipoplatform.com/ipo/kpi-global-ipo/1983
1982,SME,Axita Cotton Limited,Agro,Beeline Capital Advisors Private Limited,Mahesana,10.51,2018-12-27,1970-01-01,,2018-12,2018,12,https://www.ipoplatform.com/ipo/axita-cotton-ipo/1982
1981,SME,Deccan Health Care Limited,Pharmaceutical,Pantomath Capital Advisors Private Limited,Hyderabad,42.12,2018-12-18,1970-01-01,,2018-12,2018,12,https://www.ipoplatform.com/ipo/deccan-health-care-ipo/1981
1980,SME,Shankar Lal Rampal Dye-Chem Limited,Chemical,Finshore Management Services Limited,Bhilwara,7.29,2018-12-12,1970-01-01,,2018-12,2018,12,https://www.ipoplatform.com/ipo/sr-dye-chem-ipo/1980
1978,SME,Diksha Greens Limited,Furniture,Finshore Management Services Limited,Kolkata,13.32,2018-11-26,1970-01-01,,2018-11,2018,11,https://www.ipoplatform.com/ipo/diksha-greens-ipo/1978
1977,SME,Shubhlaxmi Jewel Art Limited,Jewellery,Pantomath Capital Advisors Private Limited,Bhavnagar,6.51,2018-11-22,1970-01-01,,2018-11,2018,11,https://www.ipoplatform.com/ipo/shubhlaxmi-jewel-ipo/1977
1976,SME,Roni Households Limited,Plastic and Polymer,Aryaman Financial Services Limited,Jalgaon,3.0,2018-11-19,1970-01-01,,2018-11,2018,11,https://www.ipoplatform.com/ipo/roni-households-ipo/1976
1975,SME,Shree Krishna Infrastructure Limited,Infrastructure,Finshore Management Services Limited,Narmada,1.17,2018-11-15,1970-01-01,,2018-11,2018,11,https://www.ipoplatform.com/ipo/shree-krishna-infrastructure-ipo/1975
1974,SME,BCPL Railway Infrastructure Limited (BRIL),Infrastructure,Gretex Corporate Services Limited,Kolkata,17.01,2018-10-05,1970-01-01,,2018-10,2018,10,https://www.ipoplatform.com/ipo/bcpl-railway-infrastructure-bril-ipo/1974
1972,SME,Ultra Wiring Connectivity Systems Limited,Automobile,D&A Financial Services Private Limited,Faridabad,4.82,2018-10-12,1970-01-01,,2018-10,2018,10,https://www.ipoplatform.com/ipo/ultra-wiring-connectivity-ipo/1972
1971,SME,Iris Clothings Limited,Textiles,Vc Corporate Advisors Private Limited (Vcapl),Kolkata,11.07,2018-10-10,,,2018-10,2018,10,https://www.ipoplatform.com/ipo/iris-clothings-doreme-ipo/1971
1969,SME,S.M. Gold Limited,Jewellery,First Overseas Capital Limited,Ahmedabad,7.5,2018-10-03,1970-01-01,,2018-10,2018,10,https://www.ipoplatform.com/ipo/s-m-gold-ipo/1969
3198,Main Board,IRCON International Limited,Infrastructure,Idbi Capital Market Services Limited Idbi Capital Market Services Limited and Axis Capital Limited and SBI Capital Markets Limited +,New Delhi,470.49,2018-09-17,,,2018-09,2018,9,https://www.ipoplatform.com/ipo/ircon-international-ipo/3198
3197,Main Board,Aavas Financiers Limited,Banking and Finance,Citigroup Global Markets India Private Limited Citigroup Global Markets India Private Limited and Edelweiss Financial Services Limited and Hdfc Bank Limited and ICICI Securities Limited +,Jaipur,1734.07,2018-09-25,1970-01-01,,2018-09,2018,9,https://www.ipoplatform.com/ipo/aavas-financiers-ipo/3197
3196,Main Board,Garden Reach Shipbuilders & Engineers Limited,Defence,Idbi Capital Market Services Limited Idbi Capital Market Services Limited and Yes Securities (India) Limited +,Kolkata,344.69,2018-09-24,1970-01-01,,2018-09,2018,9,https://www.ipoplatform.com/ipo/garden-reach-shipbuilders-ipo/3196
1973,SME,Ahlada Engineers Ltd,Furniture,Saffron Capital Advisors Private Limited,Hyderabad,51.08,2018-09-11,1970-01-01,,2018-09,2018,9,https://www.ipoplatform.com/ipo/ahlada-engineers-ipo/1973
1970,SME,Veeram Infra Engineering Limited Limited (VIEL),Real Estate,First Overseas Capital Limited,Ahmedabad,10.74,2018-09-28,1970-01-01,,2018-09,2018,9,https://www.ipoplatform.com/ipo/veeram-infra-engineering-ipo/1970
1968,SME,Sun Retail Limited,Agro,Fedex Securities Private Limited,Ahmedabad,10.12,2018-09-27,1970-01-01,,2018-09,2018,9,https://www.ipoplatform.com/ipo/sun-retail-ipo/1968
1967,SME,B&B Triplewall Containers Limited,Packaging & Disposables,Gretex Corporate Services Limited,Bengaluru,19.99,2018-09-28,1970-01-01,,2018-09,2018,9,https://www.ipoplatform.com/ipo/b-b-triplewall-ipo/1967
1966,SME,Shubham Polyspin Limited,Textiles,Beeline Capital Advisors Private Limited,Mahesana,6.0,2018-09-28,1970-01-01,,2018-09,2018,9,https://www.ipoplatform.com/ipo/shubham-polyspin-ipo/1966
1965,SME,AKI India Limited,Retail,Finshore Management Services Limited,Kanpur,3.08,2018-09-28,1970-01-01,,2018-09,2018,9,https://www.ipoplatform.com/ipo/aki-india-ipo/1965
1964,SME,Vinny Overseas Limited,Textiles,Pantomath Capital Advisors Private Limited,Ahmedabad,10.38,2018-09-28,1970-01-01,,2018-09,2018,9,https://www.ipoplatform.com/ipo/vinny-overseas-ipo/1964
1963,SME,Marine Electricals (India) Limited,Electric Equipments,Aryaman Financial Services Limited,Mumbai,42.87,2018-09-28,,,2018-09,2018,9,https://www.ipoplatform.com/ipo/marine-electricals-ipo/1963
1962,SME,Kritika Wires Limited,Cables and Wires,Hem Securities Limited,Kolkata,15.4,2018-09-26,,,2018-09,2018,9,https://www.ipoplatform.com/ipo/kritika-wires-ipo/1962
1961,SME,A-1 Acid Limited,Chemical,Oneview Corporate Advisors Private Limited (Formerly known as Guiness Corporate Advisors),Ahmedabad,18.0,2018-09-25,1970-01-01,,2018-09,2018,9,https://www.ipoplatform.com/ipo/a1-acid-ipo/1961
1960,SME,Dolfin Rubbers Limited,Rubber,Oneview Corporate Advisors Private Limited (Formerly known as Guiness Corporate Advisors),Ludhiana,5.2,2018-09-27,1970-01-01,,2018-09,2018,9,https://www.ipoplatform.com/ipo/dolfin-rubbers-ipo/1960
1959,SME,Silgo Retail Limited,Jewellery,Aryaman Financial Services Limited,Jaipur,4.88,2018-09-27,1970-01-01,,2018-09,2018,9,https://www.ipoplatform.com/ipo/silgo-retail-ipo/1959
1958,SME,Parin Furniture Limited,Furniture,Hem Securities Limited,Rajkot,18.9,2018-09-26,1970-01-01,,2018-09,2018,9,https://www.ipoplatform.com/ipo/parin-furniture-ipo/1958
1957,SME,Rajnandini Metal Limited,Metal,Corporate Capital Ventures Private Limited,Faridabad,4.27,2018-09-24,,,2018-09,2018,9,https://www.ipoplatform.com/ipo/rajnandini-metal-ipo/1957
1956,SME,Kshitij Polyline Limited,Plastic and Polymer,Monarch Networth Capital Limited,Mumbai,8.75,2018-09-21,,,2018-09,2018,9,https://www.ipoplatform.com/ipo/kshitij-polyline-ipo/1956
1955,SME,Innovative Ideals and Services (India) Limited,Electric Equipments,Pantomath Capital Advisors Private Limited,Mumbai,12.26,2018-09-24,1970-01-01,,2018-09,2018,9,https://www.ipoplatform.com/ipo/innovative-ideals-ipo/1955
1954,SME,Manorama Industries Limited,Agro,Pantomath Capital Advisors Private Limited,Mumbai,64.0,2018-09-21,1970-01-01,,2018-09,2018,9,https://www.ipoplatform.com/ipo/manorama-industries-ipo/1954
1953,SME,Mac Hotels Limited,Hotels and Resorts,Gretex Corporate Services Limited,Goa,1.94,2018-09-19,1970-01-01,,2018-09,2018,9,https://www.ipoplatform.com/ipo/mac-hotels-ipo/1953
1952,SME,Sky Gold Limited,Jewellery,Aryaman Financial Services Limited,Mumbai,25.56,2018-09-18,1970-01-01,,2018-09,2018,9,https://www.ipoplatform.com/ipo/sky-gold-ipo/1952
1951,SME,Spectrum Electrical Industries Limited,Electric Equipments,Arihant Capital Markets Limited,Jalgaon,25.87,2018-09-17,1970-01-01,,2018-09,2018,9,https://www.ipoplatform.com/ipo/spectrum-electrical-ipo/1951
1950,SME,Ranjeet Mechatronics Limited,Engineering,Beeline Capital Advisors Private Limited,Ahmedabad,4.5,2018-09-12,1970-01-01,,2018-09,2018,9,https://www.ipoplatform.com/ipo/ranjeet-mechatronics-ipo/1950
1949,SME,Akg Exim Limited,Agro,Navigant Corporate Advisors Limited,New Delhi,5.52,2018-09-10,1970-01-01,,2018-09,2018,9,https://www.ipoplatform.com/ipo/akg-exim-ipo/1949
1948,SME,Rajshree Polypack Limited,Plastic and Polymer,PL Capital Markets Private Limited,Mumbai,35.52,2018-09-10,,,2018-09,2018,9,https://www.ipoplatform.com/ipo/rajshree-polypack-ipo/1948
1947,SME,Synergy Green Industries Limited,Steel,Swastika Investmart Limited,Kolhapur,26.46,2018-09-04,1970-01-01,,2018-09,2018,9,https://www.ipoplatform.com/ipo/synergy-green-ipo/1947
1946,SME,Lagnam Spintex Limited,Textiles,Holani Consultants Private Limited Holani Consultants Private Limited and BOI Merchant Bankers Limited +,Bhilwara,24.6,2018-09-04,1970-01-01,,2018-09,2018,9,https://www.ipoplatform.com/ipo/lagnam-spintex-ipo/1946
3199,Main Board,CreditAccess Grameen Limited,Banking and Finance,Credit Suisse Securities (India) Private Limited Credit Suisse Securities (India) Private Limited and ICICI Securities Limited and IIFL Securities Limited and Kotak Mahindra Capital Company Limited +,Bengaluru,1131.19,2018-08-08,1970-01-01,,2018-08,2018,8,https://www.ipoplatform.com/ipo/creditaccess-grameen-ipo/3199
1945,SME,Sumit Woods Limited,Real Estate,Mark Corporate Advisors Private Limited,Mumbai,18.24,2018-08-29,1970-01-01,,2018-08,2018,8,https://www.ipoplatform.com/ipo/sumit-woods-ipo/1945
1944,SME,Add-Shop Promotions Limited,Healthcare - Ayurvedic,Fedex Securities Private Limited,Rajkot,6.23,2018-08-21,1970-01-01,,2018-08,2018,8,https://www.ipoplatform.com/ipo/add-shop-promotions-ipo/1944
1943,SME,Marshall Machines Limited,Engineering,Sarthi Capital Advisors Private Limited,Ludhiana,16.25,2018-08-28,1970-01-01,,2018-08,2018,8,https://www.ipoplatform.com/ipo/marshall-machines-ipo/1943
1942,SME,Supreme Engineering Ltd,Cables and Wires,Ckp Financial Services Private Limited,Mumbai,17.78,2018-08-24,,,2018-08,2018,8,https://www.ipoplatform.com/ipo/supreme-engineering-sel-ipo/1942
1941,SME,Dangee Dums Limited,FMCG - Snacks and Beverages,Monarch Networth Capital Limited,Ahmedabad,20.07,2018-08-20,,,2018-08,2018,8,https://www.ipoplatform.com/ipo/dangee-dums-ipo/1941
1940,SME,Aaron Industries Limited,Engineering,Gretex Corporate Services Limited,Surat,4.78,2018-08-20,1970-01-01,,2018-08,2018,8,https://www.ipoplatform.com/ipo/aaron-industries-ipo/1940
1939,SME,Powerful Technologies Limited,Electric Equipments,Finshore Management Services Limited,New Delhi,13.55,2018-08-09,,,2018-08,2018,8,https://www.ipoplatform.com/ipo/powerful-technologies-ipo/1939
1938,SME,Sungold Media and Entertainment Limited,Information Technology  - Data Solutions,Finshore Management Services Limited,Narmada,1.35,2018-08-09,1970-01-01,,2018-08,2018,8,https://www.ipoplatform.com/ipo/sungold-media-entertainment-ipo/1938
1937,SME,Deep Polymers Limited,Plastic and Polymer,Gretex Corporate Services Limited,Gandhinagar,15.24,2018-08-08,1970-01-01,,2018-08,2018,8,https://www.ipoplatform.com/ipo/deep-polymers-limited/1937
1936,SME,Saketh Exim Limited,Steel,Aryaman Financial Services Limited,Mumbai,9.44,2018-08-01,1970-01-01,,2018-08,2018,8,https://www.ipoplatform.com/ipo/saketh-exim-ipo/1936
3201,Main Board,TCNS Clothing Co. Limited,Textiles,Citigroup Global Markets India Private Limited Citigroup Global Markets India Private Limited and Kotak Mahindra Capital Company Limited +,New Delhi,1125.13,2018-07-18,,,2018-07,2018,7,https://www.ipoplatform.com/ipo/tcns-clothing-ipo/3201
3200,Main Board,HDFC Asset Management Company Limited,Banking and Finance,Axis Capital Limited Axis Capital Limited and Bofa Securities India Limited and Citigroup Global Markets India Private Limited and Clsa India Private Limited and IIFL Securities Limited and J.P. Morgan India Private Limited and Jm Financial Limited and Kotak Mahindra Capital Company Limited and Morgan Stanley India Company Private Limited +,Mumbai,2800.33,2018-07-25,1970-01-01,,2018-07,2018,7,https://www.ipoplatform.com/ipo/hdfc-amc-ipo/3200
1935,SME,Ushanti Colour Chem Limited,Chemical,Pantomath Capital Advisors Private Limited,Ahmedabad,11.56,2018-07-23,1970-01-01,,2018-07,2018,7,https://www.ipoplatform.com/ipo/ushanti-colour-chem-ipo/1935
1934,SME,Ganesh Films India Limited,Advertising and Media,Fedex Securities Private Limited,Mumbai,8.42,2018-07-16,1970-01-01,,2018-07,2018,7,https://www.ipoplatform.com/ipo/ganesh-films-ipo/1934
1933,SME,Supershakti Metaliks Limited,Steel,Aryaman Financial Services Limited,Kolkata,60.01,2018-07-17,1970-01-01,,2018-07,2018,7,https://www.ipoplatform.com/ipo/supershakti-metaliks-ipo/1933
1932,SME,Avon Moldplast Limited,Furniture,Turnaround Corporate Advisors Private Limited,Ghaziabad,4.51,2018-07-12,1970-01-01,,2018-07,2018,7,https://www.ipoplatform.com/ipo/avon-moldplast-ipo/1932
1931,SME,Ambani Organics Limited,Chemical - Speciality,Aryaman Financial Services Limited,Mumbai,9.03,2018-07-06,1970-01-01,,2018-07,2018,7,https://www.ipoplatform.com/ipo/ambani-organics-ipo/1931
1930,SME,Raw Edge Industrial Solutions Ltd,Minerals,Oneview Corporate Advisors Private Limited (Formerly known as Guiness Corporate Advisors),Mumbai,16.5,2018-07-05,1970-01-01,,2018-07,2018,7,https://www.ipoplatform.com/ipo/raw-edge-industrial-solutions-ipo/1930
3204,Main Board,RITES Limited,Chemical,Idbi Capital Market Services Limited Idbi Capital Market Services Limited and Elara Capital (India) Private Limited and Idfc Bank Limited and SBI Capital Markets Limited +,New Delhi,460.51,2018-06-20,1970-01-01,,2018-06,2018,6,https://www.ipoplatform.com/ipo/rites-limited-ipo/3204
3203,Main Board,Fine Organic Industries Limited,Chemical - Speciality,Edelweiss Financial Services Limited Edelweiss Financial Services Limited and Jm Financial Limited +,Mumbai,600.2,2018-06-20,1970-01-01,,2018-06,2018,6,https://www.ipoplatform.com/ipo/fine-organic-ipo/3203
3202,Main Board,Varroc Engineering Limited,Engineering - Automotive,Citigroup Global Markets India Private Limited Citigroup Global Markets India Private Limited and Credit Suisse Securities (India) Private Limited and IIFL Securities Limited and Kotak Mahindra Capital Company Limited +,Aurangabad,1945.77,2018-06-26,1970-01-01,,2018-06,2018,6,https://www.ipoplatform.com/ipo/varroc-engineering-ipo/3202
1929,SME,Rudrabhishek Enterprises Limited,Infrastructure,Corporate Capital Ventures Private Limited,New Delhi,18.73,2018-06-29,1970-01-01,,2018-06,2018,6,https://www.ipoplatform.com/ipo/rudrabhishek-enterprises-limited-repl-ipo/1929
1928,SME,Jakharia Fabric Limited,Textiles,Aryaman Financial Services Limited,Mumbai,19.66,2018-06-29,1970-01-01,,2018-06,2018,6,https://www.ipoplatform.com/ipo/jakharia-fabric-ipo/1928
1927,SME,Ganga Forging Limited,Automobile - Forging and Casting,Pantomath Capital Advisors Private Limited,Rajkot,5.0,2018-06-29,,,2018-06,2018,6,https://www.ipoplatform.com/ipo/ganga-forging-gfl-ipo/1927
1926,SME,Bright Solar Limited,Solar - Panels,Swastika Investmart Limited,Ahmedabad,19.44,2018-06-26,1970-01-01,,2018-06,2018,6,https://www.ipoplatform.com/ipo/bright-solar-ipo/1926
1925,SME,Rajnish Wellness Limited,Healthcare - Personal Care,Navigant Corporate Advisors Limited,Mumbai,11.98,2018-06-25,1970-01-01,,2018-06,2018,6,https://www.ipoplatform.com/ipo/rajnish-wellness-ipo/1925
1924,SME,Accuracy Shipping Limited,Logistics,Pantomath Capital Advisors Private Limited,Kachchh,35.76,2018-06-11,,,2018-06,2018,6,https://www.ipoplatform.com/ipo/accuracy-shipping-ipo/1924
1923,SME,Priti International Limited,Furniture,Pantomath Capital Advisors Private Limited,Jodhpur,5.26,2018-06-11,1970-01-01,,2018-06,2018,6,https://www.ipoplatform.com/ipo/priti-international-ipo/1923
1922,SME,ShreeOswal Seeds & Chemicals Limited,Agro,Pantomath Capital Advisors Private Limited,Neemuch,11.9,2018-06-07,,,2018-06,2018,6,https://www.ipoplatform.com/ipo/shreeoswal-seeds-chemicals-ipo/1922
1921,SME,Sonam Clock Limited,Engineering,Hem Securities Limited,Morbi,10.11,2018-06-01,,,2018-06,2018,6,https://www.ipoplatform.com/ipo/sonam-clock-ipo/1921
3205,Main Board,IndoStar Capital Finance Limited,Banking and Finance,Jm Financial Limited Jm Financial Limited and Kotak Mahindra Capital Company Limited and Morgan Stanley India Company Private Limited and Motilal Oswal Investment Advisors Limited +,Mumbai,1844.0,2018-05-09,1970-01-01,,2018-05,2018,5,https://www.ipoplatform.com/ipo/indostar-capital-finance-ipo/3205
1920,SME,Palm Jewels Limited,Jewellery,First Overseas Capital Limited,Ahmedabad,8.9,2018-05-25,1970-01-01,,2018-05,2018,5,https://www.ipoplatform.com/ipo/palm-jewels-ipo/1920
1919,SME,Waa Solar Limited,Solar,Oneview Corporate Advisors Private Limited (Formerly known as Guiness Corporate Advisors),Vadodara,28.18,2018-05-31,1970-01-01,,2018-05,2018,5,https://www.ipoplatform.com/ipo/waa-solar-ipo/1919
1918,SME,Nakoda Group of Industries Limited,Agro,Pantomath Capital Advisors Private Limited,Nagpur,6.48,2018-05-23,1970-01-01,,2018-05,2018,5,https://www.ipoplatform.com/ipo/nakoda-group-of-industries-ipo/1918
1917,SME,Arihant Institute Limited,Education - Edtech,Monarch Networth Capital Limited,Ahmedabad,7.5,2018-05-23,1970-01-01,,2018-05,2018,5,https://www.ipoplatform.com/ipo/arihant-institute-ipo/1917
1916,SME,Debock Sales and Marketing Ltd,Engineering,Gretex Corporate Services Limited,Ahmedabad,8.06,2018-05-24,,,2018-05,2018,5,https://www.ipoplatform.com/ipo/debock-sales-ipo/1916
1915,SME,Latteys Industries Limited,Engineering,Pantomath Capital Advisors Private Limited,Jaipur,4.44,2018-05-23,1970-01-01,,2018-05,2018,5,https://www.ipoplatform.com/ipo/latteys-industries-ipo/1915
1914,SME,Shree Vasu Logistics Limited,Logistics,Pantomath Capital Advisors Private Limited,Raipur,9.29,2018-05-23,1970-01-01,,2018-05,2018,5,https://www.ipoplatform.com/ipo/shree-vasu-logistics-ipo/1914
1913,SME,Affordable Robotic & Automation Limited,Engineering - Automotive,Pantomath Capital Advisors Private Limited,Pune,31.17,2018-05-24,1970-01-01,,2018-05,2018,5,https://www.ipoplatform.com/ipo/affordable-robotic-automation-ipo/1913
1912,SME,Suumaya Lifestyle Limited,Textiles,Gretex Corporate Services Limited,Mumbai,13.84,2018-05-22,1970-01-01,,2018-05,2018,5,https://www.ipoplatform.com/ipo/suumaya-lifestyle-ipo/1912
1911,SME,Sirca Paints India Limited,Chemical - Paint and Adhesives,Navigant Corporate Advisors Limited,New Delhi,77.92,2018-05-16,1970-01-01,,2018-05,2018,5,https://www.ipoplatform.com/ipo/sirca-paints-ipo/1911
1910,SME,Megastar Foods Limited,Agro - Food Products,Swastika Investmart Limited,Chandigarh,8.04,2018-05-14,1970-01-01,,2018-05,2018,5,https://www.ipoplatform.com/ipo/megastar-foods-ipo/1910
1909,SME,Innovators Facade Systems Limited,Home Decor,Pantomath Capital Advisors Private Limited,Mumbai,40.75,2018-05-14,1970-01-01,,2018-05,2018,5,https://www.ipoplatform.com/ipo/innovators-facade-systems-ipo/1909
1908,SME,U.H. Zaveri Limited,Jewellery,First Overseas Capital Limited,Ahmedabad,7.99,2018-05-08,1970-01-01,,2018-05,2018,5,https://www.ipoplatform.com/ipo/u-h-zaveri-ipo/1908
1907,SME,Milestone Furniture Limited,Furniture,Monarch Networth Capital Limited,Mumbai,14.84,2018-05-07,1970-01-01,,2018-05,2018,5,https://www.ipoplatform.com/ipo/milestone-furniture-ipo/1907
1906,SME,Five Core Electronics Limited,Information Technology - Hardware,Sarthi Capital Advisors Private Limited,New Delhi,46.66,2018-05-09,,,2018-05,2018,5,https://www.ipoplatform.com/ipo/five-core-electronics-ipo/1906
1905,SME,E2E Networks Limited,Information Technology  - Data Solutions,Holani Consultants Private Limited,Faridabad,21.99,2018-05-03,1970-01-01,,2018-05,2018,5,https://www.ipoplatform.com/ipo/e2e-networks-ipo/1905
1904,SME,SoftTech Engineers Limited,Information Technology - SaaS,Pantomath Capital Advisors Private Limited,Pune,22.81,2018-04-27,1970-01-01,,2018-04,2018,4,https://www.ipoplatform.com/ipo/softtech-engineers-ipo/1904
1903,SME,Akshar Spintex Limited,Textiles,Pantomath Capital Advisors Private Limited,Jamnagar,26.99,2018-04-27,1970-01-01,,2018-04,2018,4,https://www.ipoplatform.com/ipo/akshar-spintex-ipo/1903
1902,SME,Indo US Bio-Tech Limited,Agro - Food Products,Swastika Investmart Limited,Ahmedabad,7.29,2018-04-30,1970-01-01,,2018-04,2018,4,https://www.ipoplatform.com/ipo/indo-us-biotech-ipo/1902
1901,SME,Godha Cabcon & Insulation Limited,Engineering,Mark Corporate Advisors Private Limited,Indore,9.9,2018-04-27,,,2018-04,2018,4,https://www.ipoplatform.com/ipo/godha-cabcon-insulation-ipo/1901
1900,SME,Dhruv Consultancy Services Limited,Infrastructure,Hem Securities Limited,Mumbai,23.19,2018-04-27,1970-01-01,,2018-04,2018,4,https://www.ipoplatform.com/ipo/dhruv-consultancy-ipo/1900
1899,SME,Dr Lalchandani Labs Limited,Healthcare,Navigant Corporate Advisors Limited,New Delhi,4.2,2018-04-25,1970-01-01,,2018-04,2018,4,https://www.ipoplatform.com/ipo/dr-lalchandani-labs-ipo/1899
1898,SME,Aakash Exploration Services Limited,Oil and Gas,Monarch Networth Capital Limited,Ahmedabad,10.08,2018-04-17,,,2018-04,2018,4,https://www.ipoplatform.com/ipo/aakash-exploration-ipo/1898
1897,SME,Mahickra Chemicals Limited,Chemical,Pantomath Capital Advisors Private Limited,Ahmedabad,5.25,2018-04-16,1970-01-01,,2018-04,2018,4,https://www.ipoplatform.com/ipo/mahickra-chemicals-ipo/1897
1895,SME,Bombay Super Hybrid Seeds Limited,Agro - Plantation,Monarch Networth Capital Limited,Rajkot,10.39,2018-04-12,,,2018-04,2018,4,https://www.ipoplatform.com/ipo/bombay-super-hybrid-seeds-ipo/1895
1894,SME,Garv Industries Limited,Aluminium,Aryaman Financial Services Limited,New Delhi,3.2,2018-04-12,1970-01-01,,2018-04,2018,4,https://www.ipoplatform.com/ipo/garv-industries-ipo/1894
1893,SME,Power & Instrumentation (Gujarat) Limited,Engineering - EPC,Navigant Corporate Advisors Limited,Ahmedabad,6.15,2018-04-11,1970-01-01,,2018-04,2018,4,https://www.ipoplatform.com/ipo/power-instrumentation-gujarat-ipo/1893
3213,Main Board,Bharat Dynamics Limited,Defence,Idbi Capital Market Services Limited Idbi Capital Market Services Limited and SBI Capital Markets Limited and Yes Securities (India) Limited +,Hyderabad,960.94,2018-03-13,,,2018-03,2018,3,https://www.ipoplatform.com/ipo/bharat-dynamics-ipo/3213
3212,Main Board,Bandhan Bank Limited,Banking and Finance,Axis Bank Limited Axis Bank Limited and Goldman Sachs (India) Securities Private Limited and J.P. Morgan India Private Limited and Jm Financial Limited +,Kolkata,4473.02,2018-03-15,1970-01-01,,2018-03,2018,3,https://www.ipoplatform.com/ipo/bandhan-bank-ipo/3212
3211,Main Board,Hindustan Aeronautics Limited,Defence,Axis Capital Limited Axis Capital Limited and SBI Capital Markets Limited +,Bengaluru,4144.06,2018-03-16,,,2018-03,2018,3,https://www.ipoplatform.com/ipo/hindustan-aeronautics-ipo/3211
3210,Main Board,Sandhar Technologies Limited,Engineering - Automotive,Axis Capital Limited Axis Capital Limited and ICICI Securities Limited +,New Delhi,565.6,2018-03-19,1970-01-01,,2018-03,2018,3,https://www.ipoplatform.com/ipo/sandhar-technologies-ipo/3210
3209,Main Board,Karda Construction Limited,Real Estate,Aryaman Financial Services Limited,Nashik,77.4,2018-03-16,1970-01-01,,2018-03,2018,3,https://www.ipoplatform.com/ipo/karda-construction-ipo/3209
3208,Main Board,ICICI Securities Limited,Banking and Finance,Bofa Securities India Limited Bofa Securities India Limited and Citigroup Global Markets India Private Limited and Clsa India Private Limited and Edelweiss Financial Services Limited +,Mumbai,4016.97,2018-03-22,1970-01-01,,2018-03,2018,3,https://www.ipoplatform.com/ipo/icici-securities-ipo/3208
3207,Main Board,Mishra Dhatu Nigam Limited,Metal,Idbi Capital Market Services Limited Idbi Capital Market Services Limited and SBI Capital Markets Limited +,Hyderabad,438.38,2018-03-21,1970-01-01,,2018-03,2018,3,https://www.ipoplatform.com/ipo/mishra-dhatu-nigam-ipo/3207
3206,Main Board,Lemon Tree Hotels Limited,Hotels and Resorts,Clsa India Private Limited Clsa India Private Limited and J.P. Morgan India Private Limited and Kotak Mahindra Capital Company Limited and Yes Securities (India) Limited +,New Delhi,1038.68,2018-03-26,1970-01-01,,2018-03,2018,3,https://www.ipoplatform.com/ipo/lemon-tree-ipo/3206
1892,SME,Narmada Agrobase Limited,Agro,Corporate Capital Ventures Private Limited,Ahmedabad,7.48,2018-03-28,1970-01-01,,2018-03,2018,3,https://www.ipoplatform.com/ipo/narmada-agrobase-ipo/1892
1891,SME,Soni Soya Products Limited,Agro - Food Products,Pantomath Capital Advisors Private Limited,Indore,4.5,2018-03-28,,,2018-03,2018,3,https://www.ipoplatform.com/ipo/soni-soya-ipo/1891
1890,SME,Vera Synthetic Limited,Plastic and Polymer,Pantomath Capital Advisors Private Limited,Bhavnagar,5.34,2018-03-28,1970-01-01,,2018-03,2018,3,https://www.ipoplatform.com/ipo/vera-synthetic-ipo/1890
1889,SME,MMP Industries Limited,Aluminium,Oneview Corporate Advisors Private Limited (Formerly known as Guiness Corporate Advisors),Nagpur,84.6,2018-03-28,1970-01-01,,2018-03,2018,3,https://www.ipoplatform.com/ipo/mmp-industries-ipo/1889
1888,SME,S.S. Infrastructure Development Consultants Limited,Infrastructure,Pantomath Capital Advisors Private Limited,Hyderabad,17.11,2018-03-28,,,2018-03,2018,3,https://www.ipoplatform.com/ipo/ss-infrastructure-ipo/1888
1887,SME,AVG Logistics Limited,Logistics,Systematix Corporate Services Limited,New Delhi,33.06,2018-03-28,1970-01-01,,2018-03,2018,3,https://www.ipoplatform.com/ipo/avg-logistics-ipo/1887
1886,SME,Taylormade Renewables Limited,Solar,Oneview Corporate Advisors Private Limited (Formerly known as Guiness Corporate Advisors),Ahmedabad,11.34,2018-03-22,1970-01-01,,2018-03,2018,3,https://www.ipoplatform.com/ipo/taylormade-renewables-ipo/1886
1885,SME,Orissa Bengal Carrier Limited,Logistics,Oneview Corporate Advisors Private Limited (Formerly known as Guiness Corporate Advisors),Raipur,16.69,2018-03-22,1970-01-01,,2018-03,2018,3,https://www.ipoplatform.com/ipo/orissa-bengal-carrier-ipo/1885
1884,SME,Kapston Facilities Management Limited,Outsourcing,Ckp Financial Services Private Limited,Hyderabad,21.2,2018-03-21,,,2018-03,2018,3,https://www.ipoplatform.com/ipo/kapston-facilities-management-ipo/1884
1883,SME,Lex Nimble Solutions Limited,Information Technology  - Data Solutions,Quintessence Enterprises Private Limited,Hyderabad,6.34,2018-03-12,1970-01-01,,2018-03,2018,3,https://www.ipoplatform.com/ipo/lex-nimble-solutions-ipo/1883
1882,SME,Continental Seeds and Chemicals Limited,Agro - Plantation,Navigant Corporate Advisors Limited,New Delhi,4.21,2018-03-21,1970-01-01,,2018-03,2018,3,https://www.ipoplatform.com/ipo/continental-seeds-and-chemicals-ltd-ipo/1882
1881,SME,Benara Bearings & Pistons Ltd,Engineering - Automotive,Pantomath Capital Advisors Private Limited,Agra,33.49,2018-03-20,1970-01-01,,2018-03,2018,3,https://www.ipoplatform.com/ipo/benara-bearings-ipo/1881
1880,SME,Giriraj Civil Developers Limited,Infrastructure,Aryaman Financial Services Limited,Mumbai,9.0,2018-03-19,1970-01-01,,2018-03,2018,3,https://www.ipoplatform.com/ipo/giriraj-civil-developers-ipo/1880
1879,SME,Mittal Life Style Ltd,Textiles,Sarthi Capital Advisors Private Limited,Mumbai,4.41,2018-03-19,,,2018-03,2018,3,https://www.ipoplatform.com/ipo/mittal-life-style-ltd-ipo/1879
1878,SME,Yasho Industries Limited,Chemical,Aryaman Financial Services Limited,Mumbai,28.99,2018-03-19,1970-01-01,,2018-03,2018,3,https://www.ipoplatform.com/ipo/yasho-industries-ipo/1878
1877,SME,Uravi T and Wedge Lamps Limited,Engineering - Automotive,Aryaman Financial Services Limited,Mumbai,15.0,2018-03-16,1970-01-01,,2018-03,2018,3,https://www.ipoplatform.com/ipo/uravi-t-and-wedge-lamps-ipo/1877
1876,SME,Active Clothing Co Limited,Textiles,Ajcon Global Services Limited,Mohali,26.56,2018-03-12,1970-01-01,,2018-03,2018,3,https://www.ipoplatform.com/ipo/active-clothing-ipo/1876
1875,SME,Ridings Consulting Engineers India Limited,Corporate Solutions,Swastika Investmart Limited,New Delhi,6.22,2018-03-14,1970-01-01,,2018-03,2018,3,https://www.ipoplatform.com/ipo/ridings-consulting-engineers-ipo/1875
1874,SME,Advitiya Trade India Limited,Aluminium,Aryaman Financial Services Limited,New Delhi,4.31,2018-03-14,1970-01-01,,2018-03,2018,3,https://www.ipoplatform.com/ipo/advitiya-trade-ipo/1874
1873,SME,Tara Chand Logistic Solutions Limited,Logistics,Hem Securities Limited,Chandigarh,20.46,2018-03-13,1970-01-01,,2018-03,2018,3,https://www.ipoplatform.com/ipo/tara-chand-logistic-ipo/1873
1872,SME,Marvel Decor Limited,Home Decor,Sarthi Capital Advisors Private Limited,Jamnagar,26.26,2018-03-12,1970-01-01,,2018-03,2018,3,https://www.ipoplatform.com/ipo/marvel-decor-ipo/1872
1871,SME,Macpower CNC Machines Limited,Engineering,Pantomath Capital Advisors Private Limited,Rajkot,36.61,2018-03-12,1970-01-01,,2018-03,2018,3,https://www.ipoplatform.com/ipo/macpower-cnc-machines-ipo/1871
1870,SME,Shreeshay Engineers Limited,Real Estate,Aryaman Financial Services Limited,Mumbai,5.4,2018-03-09,1970-01-01,,2018-03,2018,3,https://www.ipoplatform.com/ipo/shreeshay-engineers-ipo/1870
1869,SME,Inflame Appliances Limited,Engineering,Swastika Investmart Limited,Solan,6.48,2018-03-06,1970-01-01,,2018-03,2018,3,https://www.ipoplatform.com/ipo/inflame-appliances-ipo/1869
1868,SME,Uniinfo Telecom Services Limited,Telecom,Systematix Corporate Services Limited,Indore,20.01,2018-03-05,1970-01-01,,2018-03,2018,3,https://www.ipoplatform.com/ipo/uniinfo-telecom-services-ipo/1868
1867,SME,Sarveshwar Foods Limited,Agro - Food Products,Asit C. Mehta Investment Interrmediates Limited Asit C. Mehta Investment Interrmediates Limited and Keynote Financial Services Limited +,Jammu,54.97,2018-03-05,1970-01-01,,2018-03,2018,3,https://www.ipoplatform.com/ipo/sarveshwar-foods-ipo/1867
1866,SME,East India Securities Limited,Banking and Finance,Finshore Management Services Limited,Kolkata,92.74,2018-03-05,1970-01-01,,2018-03,2018,3,https://www.ipoplatform.com/ipo/east-india-securities-ipo/1866
3215,Main Board,Aster DM Healthcare Limited,Healthcare,Axis Bank Limited Axis Bank Limited and Goldman Sachs (India) Securities Private Limited and ICICI Securities Limited and Jm Financial Limited +,Kochi,980.14,2018-02-12,1970-01-01,,2018-02,2018,2,https://www.ipoplatform.com/ipo/aster-dm-healthcare-ipo/3215
3214,Main Board,H.G. Infra Engineering Limited,Infrastructure,Hdfc Bank Limited Hdfc Bank Limited and SBI Capital Markets Limited +,Jaipur,462.0,2018-02-26,1970-01-01,,2018-02,2018,2,https://www.ipoplatform.com/ipo/hg-infra-ipo/3214
1865,SME,Hindcon Chemicals Limited,Chemical,Hem Securities Limited,Kolkata,7.73,2018-02-26,,,2018-02,2018,2,https://www.ipoplatform.com/ipo/hindcon-chemicals-ipo/1865
1864,SME,Angel Fibers Limited,Textiles,Oneview Corporate Advisors Private Limited (Formerly known as Guiness Corporate Advisors),Rajkot,18.22,2018-02-20,1970-01-01,,2018-02,2018,2,https://www.ipoplatform.com/ipo/angel-fibers-ipo/1864
1863,SME,CKP Leisure Limited,Hotels and Resorts,Aryaman Financial Services Limited,Mumbai,11.54,2018-02-21,,,2018-02,2018,2,https://www.ipoplatform.com/ipo/ckp-leisure-ipo/1863
1862,SME,Banka BioLoo Limited,Recycling - Waste,Aryaman Financial Services Limited,Hyderabad,12.63,2018-02-05,1970-01-01,,2018-02,2018,2,https://www.ipoplatform.com/ipo/banka-bioloo-ipo/1862
1861,SME,Arvee Laboratories (India) Limited,Chemical - Speciality,Sarthi Capital Advisors Private Limited,Ahmedabad,8.91,2018-02-09,1970-01-01,,2018-02,2018,2,https://www.ipoplatform.com/ipo/arvee-labs-ipo/1861
1860,SME,Tasty Dairy Specialities Limited,Agro - Food Products,Mark Corporate Advisors Private Limited,Kanpur,24.44,2018-02-07,1970-01-01,,2018-02,2018,2,https://www.ipoplatform.com/ipo/tasty-dairy-specialities-ipo/1860
1859,SME,Bhatia Communications & Retail (India) Limited,Retail,Oneview Corporate Advisors Private Limited (Formerly known as Guiness Corporate Advisors),Surat,24.75,2018-02-08,1970-01-01,,2018-02,2018,2,https://www.ipoplatform.com/ipo/bhatia-communications-ipo/1859
1858,SME,South West Pinnacle Exploration Limited,Minerals,Pantomath Capital Advisors Private Limited,New Delhi,35.86,2018-02-06,1970-01-01,,2018-02,2018,2,https://www.ipoplatform.com/ipo/south-west-pinnacle-ipo/1858
1857,SME,Kenvi Jewels Limited,Jewellery,First Overseas Capital Limited,Ahmedabad,6.7,2018-02-02,1970-01-01,,2018-02,2018,2,https://www.ipoplatform.com/ipo/kenvi-jewels-ipo/1857
1856,SME,Mohini Health & Hygiene Limited,Healthcare,Pantomath Capital Advisors Private Limited,Dhar,20.71,2018-02-05,1970-01-01,,2018-02,2018,2,https://www.ipoplatform.com/ipo/mohini-health-ipo/1856
1854,SME,Sintercom India Limited,Engineering - Automotive,Pantomath Capital Advisors Private Limited,Pune,42.55,2018-02-05,1970-01-01,,2018-02,2018,2,https://www.ipoplatform.com/ipo/sintercom-india-ipo/1854
3219,Main Board,Apollo Micro Systems Limited,Defence,Aryaman Financial Services Limited,Hyderabad,156.0,2018-01-10,,,2018-01,2018,1,https://www.ipoplatform.com/ipo/apollo-micro-systems-ipo/3219
3218,Main Board,Newgen Software Technologies Limited,Information Technology,ICICI Securities Limited ICICI Securities Limited and Idfc Bank Limited and Jefferies India Private Limited +,New Delhi,424.62,2018-01-16,1970-01-01,,2018-01,2018,1,https://www.ipoplatform.com/ipo/newgen-software-ipo/3218
3217,Main Board,Amber Enterprises India Limited,Electric Equipments,Bnp Paribas Bnp Paribas and Edelweiss Financial Services Limited and Idfc Bank Limited and SBI Capital Markets Limited +,Rajpura,600.0,2018-01-17,1970-01-01,,2018-01,2018,1,https://www.ipoplatform.com/ipo/amber-enterprises-ipo/3217
3216,Main Board,Galaxy Surfactants Limited,Chemical - Speciality,Edelweiss Financial Services Limited Edelweiss Financial Services Limited and ICICI Securities Limited and Jm Financial Limited +,Mumbai,937.09,2018-01-29,1970-01-01,,2018-01,2018,1,https://www.ipoplatform.com/ipo/galaxy-surfactants-ipo/3216
1855,SME,Lorenzini Apparels Limited,Textiles,Fedex Securities Private Limited,New Delhi,4.47,2018-01-31,1970-01-01,,2018-01,2018,1,https://www.ipoplatform.com/ipo/lorenzini-apparels-ipo/1855
1853,SME,A&M Jumbo Bags Limited,Packaging & Disposables,Pantomath Capital Advisors Private Limited,Ahmedabad,4.0,2018-01-29,1970-01-01,,2018-01,2018,1,https://www.ipoplatform.com/ipo/a-and-m-jumbo-bags-ipo/1853
1852,SME,Focus Suits Solutions & Services Limited,Corporate Solutions,Pantomath Capital Advisors Private Limited,Bengaluru,6.49,2018-01-30,1970-01-01,,2018-01,2018,1,https://www.ipoplatform.com/ipo/focus-suits-solutions-ipo/1852
1851,SME,Gujarat Hy-Spin Limited,Textiles,Pantomath Capital Advisors Private Limited,Rajkot,4.45,2018-01-25,1970-01-01,,2018-01,2018,1,https://www.ipoplatform.com/ipo/gujarat-hy-spin-ipo/1851
1850,SME,Medico Remedies Limited,Pharmaceutical,Aryaman Financial Services Limited,Mumbai,10.99,2018-01-29,1970-01-01,,2018-01,2018,1,https://www.ipoplatform.com/ipo/medico-remedies-ipo/1850
1849,SME,Gautam Gems Limited,Jewellery,First Overseas Capital Limited,Surat,7.56,2018-01-24,1970-01-01,,2018-01,2018,1,https://www.ipoplatform.com/ipo/gautam-gems-ipo/1849
1848,SME,Vasa Retail and Overseas Limited,Retail,Hem Securities Limited,Mumbai,4.8,2018-01-24,1970-01-01,,2018-01,2018,1,https://www.ipoplatform.com/ipo/vasa-retail-ipo/1848
1847,SME,Solex Energy Limited,Solar,Swastika Investmart Limited,Anand,7.18,2018-01-22,1970-01-01,,2018-01,2018,1,https://www.ipoplatform.com/ipo/solex-energy-ipo/1847
1846,SME,Shree Ram Protiens Ltd,Agro,Pantomath Capital Advisors Private Limited,Rajkot,19.9,2018-01-23,,,2018-01,2018,1,https://www.ipoplatform.com/ipo/shree-ram-protiens-ipo/1846
1845,SME,Ashoka Metcast Limited,Oil and Gas,Aryaman Financial Services Limited,Ahmedabad,12.0,2018-01-23,1970-01-01,,2018-01,2018,1,https://www.ipoplatform.com/ipo/ashoka-metcast-ipo/1845
1844,SME,CRP Risk Management Limited,Banking and Finance - FinTech,Inventure Merchant Banker Services Private Limited,Mumbai,30.82,2018-01-18,1970-01-01,,2018-01,2018,1,https://www.ipoplatform.com/ipo/crp-risk-management-ipo/1844
1843,SME,SKS Textiles Limited,Textiles,Aryaman Financial Services Limited,Mumbai,13.32,2018-01-09,,,2018-01,2018,1,https://www.ipoplatform.com/ipo/sks-textiles-ipo/1843
1842,SME,Silly Monks Entertainment Limited,Advertising and Media,Aryaman Financial Services Limited,Hyderabad,15.12,2018-01-05,1970-01-01,,2018-01,2018,1,https://www.ipoplatform.com/ipo/silly-monks-ipo/1842
3222,Main Board,Shalby Limited,Healthcare - Hospitals and Clinic,Edelweiss Financial Services Limited Edelweiss Financial Services Limited and Idfc Bank Limited and IIFL Securities Limited +,Ahmedabad,504.8,2017-12-05,1970-01-01,,2017-12,2017,12,https://www.ipoplatform.com/ipo/shalby-hospital-ipo/3222
3221,Main Board,Future Supply Chain Solutions Limited,Logistics,Idfc Bank Limited Idfc Bank Limited and IIFL Securities Limited and Yes Securities (India) Limited +,Mumbai,649.7,2017-12-06,1970-01-01,,2017-12,2017,12,https://www.ipoplatform.com/ipo/future-supply-chain-ipo/3221
3220,Main Board,Astron Paper & Board Mill Limited,Paper and Stationery,Pantomath Capital Advisors Private Limited,Ahmedabad,70.0,2017-12-15,1970-01-01,,2017-12,2017,12,https://www.ipoplatform.com/ipo/astron-paper-ipo/3220
2486,SME,Dynamic Cables Limited,"Ceramic and Stone - Marble, Tiles and Granite",Hem Securities Limited,Jaipur,23.38,2017-12-04,1970-01-01,,2017-12,2017,12,https://www.ipoplatform.com/ipo/dynamic-cables-ipo/2486
2485,SME,Ratnabhumi Developers Limited,Real Estate,Corporate Capital Ventures Private Limited,Ahmedabad,23.31,2017-12-04,1970-01-01,,2017-12,2017,12,https://www.ipoplatform.com/ipo/ratnabhumi-developers-ipo/2485
2484,SME,MRC Exim Limited,Steel,Inventure Merchant Banker Services Private Limited,Mumbai,4.5,2017-12-06,1970-01-01,,2017-12,2017,12,https://www.ipoplatform.com/ipo/mrc-exim-ipo/2484
2483,SME,Touchwood Entertainment Limited,Advertising and Media - Events,Corporate Capital Ventures Private Limited,New Delhi,4.21,2017-12-11,1970-01-01,,2017-12,2017,12,https://www.ipoplatform.com/ipo/touchwood-entertainment-ipo/2483
2482,SME,Kids Medical Systems Limited,Healthcare - Hospitals and Clinic,Gretex Corporate Services Limited,Ahmedabad,6.0,2017-12-11,1970-01-01,,2017-12,2017,12,https://www.ipoplatform.com/ipo/kids-medical-systems-ipo/2482
2481,SME,Diggi Multitrade Limited,Banking and Finance,Gretex Corporate Services Limited,Mumbai,3.38,2017-12-11,1970-01-01,,2017-12,2017,12,https://www.ipoplatform.com/ipo/diggi-multitrade-ipo/2481
2480,SME,SMVD Ploy Pack Limited,Packaging & Disposables,Corporate Capital Ventures Private Limited,Kolkata,9.02,2017-12-13,1970-01-01,,2017-12,2017,12,https://www.ipoplatform.com/ipo/smvd-ploy-pack-ipo/2480
2479,SME,One Point One Solutions Limited,Education,Pantomath Capital Advisors Private Limited,Mumbai,44.38,2017-12-13,1970-01-01,,2017-12,2017,12,https://www.ipoplatform.com/ipo/one-point-one-solutions-ipo/2479
1841,SME,Jhandewalas Foods Limited,Agro - Food Products,Oneview Corporate Advisors Private Limited (Formerly known as Guiness Corporate Advisors),Jaipur,16.01,2017-12-29,1970-01-01,,2017-12,2017,12,https://www.ipoplatform.com/ipo/jhandewalas-foods-ipo/1841
1840,SME,Rithwik Facility Management Services Limited,Real Estate,Inventure Merchant Banker Services Private Limited,Chennai,4.05,2017-12-29,1970-01-01,,2017-12,2017,12,https://www.ipoplatform.com/ipo/rithwik-facility-ipo/1840
1839,SME,Brand Concepts Limited,Retail,Sarthi Capital Advisors Private Limited,Mumbai,12.62,2017-12-29,1970-01-01,,2017-12,2017,12,https://www.ipoplatform.com/ipo/brand-concepts-ipo/1839
1838,SME,Moksh Ornaments Limited,Jewellery,Oneview Corporate Advisors Private Limited (Formerly known as Guiness Corporate Advisors),Mumbai,11.03,2017-12-21,,,2017-12,2017,12,https://www.ipoplatform.com/ipo/moksh-ornaments-ipo/1838
1837,SME,Ajooni Biotech Limited,Agro,Navigant Corporate Advisors Limited,Mohali,6.59,2017-12-20,,,2017-12,2017,12,https://www.ipoplatform.com/ipo/ajooni-biotech-ipo/1837
3225,Main Board,The New India Assurance Company Limited,Insurance,Axis Bank Limited Axis Bank Limited and Idfc Bank Limited and Kotak Mahindra Capital Company Limited and Nomura Financial Advisory And Securities (India) Private Limited +,Mumbai,9600.0,2017-11-01,1970-01-01,,2017-11,2017,11,https://www.ipoplatform.com/ipo/new-india-assurance-ipo/3225
3224,Main Board,Khadim India Limited,Footwear,Axis Bank Limited Axis Bank Limited and Idfc Bank Limited +,Kolkata,543.06,2017-11-02,1970-01-01,,2017-11,2017,11,https://www.ipoplatform.com/ipo/khadim-india-ipo/3224
3223,Main Board,HDFC Standard Life Insurance Company Limited,Insurance,Clsa India Private Limited Clsa India Private Limited and Credit Suisse Securities (India) Private Limited and Edelweiss Financial Services Limited and Haitong Securities India Private Limited and IIFL Securities Limited and Morgan Stanley India Company Private Limited and Ubs Securities India Private Limited +,Mumbai,8695.01,2017-11-07,1970-01-01,,2017-11,2017,11,https://www.ipoplatform.com/ipo/hdfc-life-ipo/3223
2499,SME,SecUR Credentials Limited,Corporate Solutions,Inventure Merchant Banker Services Private Limited,Mumbai,30.07,2017-11-01,1970-01-01,,2017-11,2017,11,https://www.ipoplatform.com/ipo/secur-credentials-ipo/2499
2498,SME,ANI Integrated Services Limited,Human Resources and Manpower,Hem Securities Limited,Mumbai,25.66,2017-11-08,1970-01-01,,2017-11,2017,11,https://www.ipoplatform.com/ipo/ani-ipo/2498
2497,SME,Sanghvi Brands Limited,Healthcare - Personal Care,Sarthi Capital Advisors Private Limited,Pune,18.96,2017-11-10,1970-01-01,,2017-11,2017,11,https://www.ipoplatform.com/ipo/sanghvi-brands-ipo/2497
2496,SME,Pulz Electronics Limited,Electric Equipments,Sarthi Capital Advisors Private Limited,Mumbai,3.92,2017-11-14,1970-01-01,,2017-11,2017,11,https://www.ipoplatform.com/ipo/pulz-electronics-ipo/2496
2495,SME,Vertoz Advertising Limited,Advertising and Media,Oneview Corporate Advisors Private Limited (Formerly known as Guiness Corporate Advisors),Mumbai,17.11,2017-11-14,1970-01-01,,2017-11,2017,11,https://www.ipoplatform.com/ipo/vertoz-advertising-ipo/2495
2494,SME,Sharika Enterprises Limited,Engineering - EPC,Skyline Financial Services Private Limited,New Delhi,13.87,2017-11-15,1970-01-01,,2017-11,2017,11,https://www.ipoplatform.com/ipo/sharika-enterprises-ipo/2494
2492,SME,Silver Touch Technologies Limited,Information Technology  - Data Solutions,Chartered Capital And Investment Limited,Ahmedabad,40.22,2017-11-20,1970-01-01,,2017-11,2017,11,https://www.ipoplatform.com/ipo/silver-touch-ipo/2492
2491,SME,Felix Industries Limited,Recycling - Waste,Monarch Networth Capital Limited,Ahmedabad,4.79,2017-11-23,1970-01-01,,2017-11,2017,11,https://www.ipoplatform.com/ipo/felix-industries-ipo/2491
2490,SME,Zodiac Energy Limited,Power and Energy,Swastika Investmart Limited,Ahmedabad,10.14,2017-11-23,1970-01-01,,2017-11,2017,11,https://www.ipoplatform.com/ipo/zodiac-energy/2490
2489,SME,ICE Make Refrigeration Limited,Electric Equipments,Vivro Financial Services Private Limited,Ahmedabad,23.71,2017-11-28,1970-01-01,,2017-11,2017,11,https://www.ipoplatform.com/ipo/ice-make-ipo/2489
2488,SME,Shradha Infraprojects (Nagpur) Limited,Real Estate,Aryaman Financial Services Limited,Nagpur,18.93,2017-11-27,1970-01-01,,2017-11,2017,11,https://www.ipoplatform.com/ipo/shradha-infra-ipo/2488
2487,SME,Innovana Thinklabs Limited,Information Technology  - Data Solutions,Swastika Investmart Limited,Jaipur,7.7,2017-11-29,1970-01-01,,2017-11,2017,11,https://www.ipoplatform.com/ipo/innovana-thinklabs-ipo/2487
3231,Main Board,Godrej Agrovet Limited,Agro,Axis Capital Limited Axis Capital Limited and Credit Suisse Securities (India) Private Limited and Kotak Mahindra Capital Company Limited +,Mumbai,1157.31,2017-10-04,1970-01-01,,2017-10,2017,10,https://www.ipoplatform.com/ipo/godrej-agrovet-ipo/3231
3230,Main Board,MAS Financial Services Limited,Banking and Finance,Motilal Oswal Investment Advisors Limited,Ahmedabad,460.04,2017-10-06,1970-01-01,,2017-10,2017,10,https://www.ipoplatform.com/ipo/mas-financial-ipo/3230
3229,Main Board,Indian Energy Exchange Limited,Online Service Provider,Axis Bank Limited Axis Bank Limited and IIFL Securities Limited and Kotak Mahindra Capital Company Limited +,New Delhi,1000.73,2017-10-09,,,2017-10,2017,10,https://www.ipoplatform.com/ipo/indian-energy-exchange-iex-ipo/3229
3228,Main Board,General Insurance Corporation of India,Insurance,Axis Capital Limited Axis Capital Limited and Citigroup Global Markets India Private Limited and Deutsche Equities India Private Limited and Hsbc Securities & Capital Markets Private limited +,Mumbai,11175.84,2017-10-11,1970-01-01,,2017-10,2017,10,https://www.ipoplatform.com/ipo/general-insurance-corporation-ipo/3228
3227,Main Board,Reliance Nippon Life Asset Management Limited,Banking and Finance,Axis Capital Limited Axis Capital Limited and Clsa India Private Limited and Edelweiss Financial Services Limited and IIFL Securities Limited and SBI Capital Markets Limited and Yes Bank Limited +,Mumbai,1542.24,2017-10-25,1970-01-01,,2017-10,2017,10,https://www.ipoplatform.com/ipo/reliance-nippon-life-ipo/3227
3226,Main Board,Mahindra Logistics Limited,Logistics,Axis Bank Limited Axis Bank Limited and Kotak Mahindra Capital Company Limited +,Mumbai,829.36,2017-10-31,1970-01-01,,2017-10,2017,10,https://www.ipoplatform.com/ipo/mahindra-logistics-ipo/3226
2502,SME,DP Abhushan Limited,Jewellery,Hem Securities Limited,Ratlam,16.61,2017-10-09,1970-01-01,,2017-10,2017,10,https://www.ipoplatform.com/ipo/dp-abhushan-ipo/2502
2501,SME,Kaarya Facilities & Services Limited,Corporate Solutions,First Overseas Capital Limited,Mumbai,6.4,2017-10-12,1970-01-01,,2017-10,2017,10,https://www.ipoplatform.com/ipo/kaarya-facilities-ipo/2501
2500,SME,Sheetal Cool Products Limited,Agro - Food Products,Oneview Corporate Advisors Private Limited (Formerly known as Guiness Corporate Advisors),Amreli,24.0,2017-10-16,1970-01-01,,2017-10,2017,10,https://www.ipoplatform.com/ipo/sheetal-cool-products-ipo/2500
3376,Main Board,Indosolar Limited,Solar,Axis Capital Limited,New Delhi,357.0,2017-09-13,,,2017-09,2017,9,https://www.ipoplatform.com/ipo/indosolar_ipo/3376
3238,Main Board,Dixon Technologies (India) Limited,Electric Equipments,Idfc Bank Limited Idfc Bank Limited and IIFL Securities Limited and Motilal Oswal Investment Advisors Limited and Yes Securities (India) Limited +,Noida,600.0,2017-09-06,,,2017-09,2017,9,https://www.ipoplatform.com/ipo/dixon-ipo/3238
3237,Main Board,Bharat Road Network Limited,Infrastructure,Investec Capital Services (India) Private Limited Investec Capital Services (India) Private Limited and Iti Capital Limited +,Kolkata,600.65,2017-09-06,1970-01-01,,2017-09,2017,9,https://www.ipoplatform.com/ipo/bharat-road-network-ipo/3237
3236,Main Board,Matrimony.com Limited,Online Service Provider,Axis Capital Limited Axis Capital Limited and ICICI Securities Limited +,Chennai,496.88,2017-09-11,1970-01-01,,2017-09,2017,9,https://www.ipoplatform.com/ipo/matrimony-ipo/3236
3235,Main Board,Capacit'e Infraprojects Limited,Real Estate,Vivro Financial Services Private Limited Vivro Financial Services Private Limited and Axis Capital Limited and IIFL Securities Limited +,Mumbai,400.0,2017-09-13,1970-01-01,,2017-09,2017,9,https://www.ipoplatform.com/ipo/capacite-infra-ipo/3235
3234,Main Board,ICICI Lombard General Insurance Company Limited,Insurance,Clsa India Private Limited Clsa India Private Limited and Edelweiss Financial Services Limited and Jm Financial Limited +,Mumbai,5700.94,2017-09-15,1970-01-01,,2017-09,2017,9,https://www.ipoplatform.com/ipo/icici-lombard-ipo/3234
3233,Main Board,SBI Life Insurance Company Limited,Insurance,Axis Capital Limited Axis Capital Limited and Bnp Paribas and Citigroup Global Markets India Private Limited and Deutsche Equities India Private Limited and Kotak Mahindra Capital Company Limited and SBI Capital Markets Limited +,Mumbai,8400.0,2017-09-20,1970-01-01,,2017-09,2017,9,https://www.ipoplatform.com/ipo/sbi-life-insurance-ipo/3233
3232,Main Board,Prataap Snacks Limited,FMCG - Snacks and Beverages,Edelweiss Financial Services Limited Edelweiss Financial Services Limited and Jm Financial Limited and Spark Capital Advisors (India) Private Limited +,Indore,481.56,2017-09-22,1970-01-01,,2017-09,2017,9,https://www.ipoplatform.com/ipo/prataap-snacks/3232
4709,SME,Sagar Diamonds Limited,Jewellery,Gretex Corporate Services Limited,Surat,15.21,2017-09-14,,,2017-09,2017,9,https://www.ipoplatform.com/ipo/sagar-diamonds-ipo/4709
4158,SME,Poojawestern Metaliks Limited,Metal,Pantomath Capital Advisors Private Limited,Jamnagar,5.48,2017-09-22,1970-01-01,,2017-09,2017,9,https://www.ipoplatform.com/ipo/poojawestern-metaliks-ipo/4158
2533,SME,A&M Febcon Limited,Engineering,Gretex Corporate Services Limited,Ahmedabad,6.68,2017-09-01,1970-01-01,,2017-09,2017,9,https://www.ipoplatform.com/ipo/a-m-febcon/2533
2532,SME,Nouritrans Exim Limited,Agro,First Overseas Capital Limited,Ahmedabad,6.12,2017-09-04,1970-01-01,,2017-09,2017,9,https://www.ipoplatform.com/ipo/nouritrans-exim-ipo/2532
2531,SME,Manav infra projects Limited,Infrastructure,Navigant Corporate Advisors Limited,Mumbai,5.51,2017-09-04,1970-01-01,,2017-09,2017,9,https://www.ipoplatform.com/ipo/manav-infra-projects-ipo/2531
2530,SME,Sri Krishna Metcom Limited,Agro - Food Products,Microsec Capital Limited,Ranchi,19.25,2017-09-14,1970-01-01,,2017-09,2017,9,https://www.ipoplatform.com/ipo/sri-krishna-metcom-ipo/2530
2529,SME,Worth Peripherals Limited,Packaging & Disposables,Pantomath Capital Advisors Private Limited,Indore,18.28,2017-09-15,1970-01-01,,2017-09,2017,9,https://www.ipoplatform.com/ipo/worth-peripherals-ipo/2529
2528,SME,AKM Lace & Embrotex Limited,Textiles,Aryaman Financial Services Limited,New Delhi,4.76,2017-09-20,1970-01-01,,2017-09,2017,9,https://www.ipoplatform.com/ipo/akm-lace-ipo/2528
2527,SME,Madhya Pradesh Today Media Limited,Advertising and Media,Mark Corporate Advisors Private Limited,Bhopal,14.17,2017-09-19,1970-01-01,,2017-09,2017,9,https://www.ipoplatform.com/ipo/madhya-pradesh-today-ipo/2527
2526,SME,RM Drip & Sprinklers Systems Limited,Engineering,Pantomath Capital Advisors Private Limited,Nashik,11.46,2017-09-19,1970-01-01,,2017-09,2017,9,https://www.ipoplatform.com/ipo/r-m-drip-ipo/2526
2525,SME,Cadsys (India) Limited,Information Technology,Saffron Capital Advisors Private Limited,Hyderabad,14.7,2017-09-21,1970-01-01,,2017-09,2017,9,https://www.ipoplatform.com/ipo/cadsys-india-ipo/2525
2524,SME,Shree Tirupati Balajee FIBC Limited,Plastic and Polymer,Pantomath Capital Advisors Private Limited,Pithampur,10.8,2017-09-21,1970-01-01,,2017-09,2017,9,https://www.ipoplatform.com/ipo/shree-tirupati-ipo/2524
2523,SME,Aarvi Encon Limited,Human Resources and Manpower,Sarthi Capital Advisors Private Limited,Mumbai,21.24,2017-09-21,1970-01-01,,2017-09,2017,9,https://www.ipoplatform.com/ipo/aarvi-encon-ipo/2523
2522,SME,Innovative Tyres & Tubes Limited,Engineering - Automotive,Pantomath Capital Advisors Private Limited,Panchmahals,28.34,2017-09-22,,,2017-09,2017,9,https://www.ipoplatform.com/ipo/innovative-tyres-ipo/2522
2521,SME,DP Wires Limited,Plastic and Polymer,Sarthi Capital Advisors Private Limited,Ratlam,26.88,2017-09-21,1970-01-01,,2017-09,2017,9,https://www.ipoplatform.com/ipo/d-p-wires-ipo/2521
2520,SME,Share India Securities Limited,Banking and Finance,Hem Securities Limited,Ghaziabad,26.37,2017-09-21,1970-01-01,,2017-09,2017,9,https://www.ipoplatform.com/ipo/share-india-securities-ipo/2520
2519,SME,Trident Texofab Limited,Textiles,Oneview Corporate Advisors Private Limited (Formerly known as Guiness Corporate Advisors),Surat,3.53,2017-09-21,1970-01-01,,2017-09,2017,9,https://www.ipoplatform.com/ipo/trident-texofab-ipo/2519
2518,SME,Vanta Bioscience Limited,Pharmaceutical,Inventure Merchant Banker Services Private Limited,Hyderabad,7.56,2017-09-25,1970-01-01,,2017-09,2017,9,https://www.ipoplatform.com/ipo/vanta-bioscience-ipo/2518
2517,SME,Airo Lam Limited,Furniture,Pantomath Capital Advisors Private Limited,Prantij,15.2,2017-09-25,1970-01-01,,2017-09,2017,9,https://www.ipoplatform.com/ipo/airo-lam-ipo/2517
2516,SME,Mehai Technology Limited,Electric Equipments,Spa Capital Advisors Limited,Chennai,6.0,2017-09-25,1970-01-01,,2017-09,2017,9,https://www.ipoplatform.com/ipo/mehai-technology-ipo/2516
2515,SME,RKEC Projects Limited,Infrastructure,Hem Securities Limited,Visakhapatnam,28.7,2017-09-25,1970-01-01,,2017-09,2017,9,https://www.ipoplatform.com/ipo/rkec-projects-ipo/2515
2514,SME,Goldstar Power Limited,Electric Equipments,Pantomath Capital Advisors Private Limited,Jamnagar,7.25,2017-09-27,1970-01-01,,2017-09,2017,9,https://www.ipoplatform.com/ipo/goldstar-power-ipo/2514
2513,SME,Reliable Data Services Limited,Information Technology  - Data Solutions,Swastika Investmart Limited,New Delhi,14.82,2017-09-27,1970-01-01,,2017-09,2017,9,https://www.ipoplatform.com/ipo/reliable-data-ipo/2513
2512,SME,IRIS Business Services Limited,Information Technology  - Data Solutions,Pantomath Capital Advisors Private Limited,Mumbai,16.01,2017-09-29,1970-01-01,,2017-09,2017,9,https://www.ipoplatform.com/ipo/iris-business-ipo/2512
2511,SME,Jash Engineering Limited,Engineering - EPC,Systematix Corporate Services Limited,Indore,48.01,2017-09-28,1970-01-01,,2017-09,2017,9,https://www.ipoplatform.com/ipo/jash-engineering-ipo/2511
2510,SME,Beta Drugs Limited,Pharmaceutical,Pantomath Capital Advisors Private Limited,Baddi,19.52,2017-09-29,1970-01-01,,2017-09,2017,9,https://www.ipoplatform.com/ipo/beta-drugs-ipo/2510
2509,SME,Tirupati Forge Limited,Engineering - Automotive,Pantomath Capital Advisors Private Limited,Rajkot,5.22,2017-09-29,1970-01-01,,2017-09,2017,9,https://www.ipoplatform.com/ipo/tirupati-forge-ipo/2509
2508,SME,Siddharth Education Services Limited,Banking and Finance,Gretex Corporate Services Limited,Mumbai,10.88,2017-09-29,1970-01-01,,2017-09,2017,9,https://www.ipoplatform.com/ipo/siddharth-education-ipo/2508
2507,SME,CMM Infraprojects Limited,Infrastructure,Systematix Corporate Services Limited,Indore,18.18,2017-09-29,1970-01-01,,2017-09,2017,9,https://www.ipoplatform.com/ipo/cmm-infraprojects-ipo/2507
2506,SME,Shreeji Translogistics Limited,Logistics,Aryaman Financial Services Limited,Mumbai,12.4,2017-09-29,1970-01-01,,2017-09,2017,9,https://www.ipoplatform.com/ipo/shreeji-translogistics-ipo/2506
2505,SME,Shree Ganesh Remedies Limited,Chemical,Fedex Securities Private Limited,Ankleshwar,8.55,2017-09-28,1970-01-01,,2017-09,2017,9,https://www.ipoplatform.com/ipo/shree-ganesh-remedies-ipo/2505
2504,SME,Omfurn India Limited,Furniture,Sarthi Capital Advisors Private Limited,Mumbai,4.17,2017-09-29,1970-01-01,,2017-09,2017,9,https://www.ipoplatform.com/ipo/omfurn-india-ipo/2504
2503,SME,Milton Industries Limited,Furniture,Swastika Investmart Limited,Ahmedabad,14.28,2017-09-29,1970-01-01,,2017-09,2017,9,https://www.ipoplatform.com/ipo/milton-industries-ipo/2503
1896,SME,Penta Gold Limited,Jewellery,Inventure Merchant Banker Services Private Limited,Ahmedabad,13.32,2017-09-04,,,2017-09,2017,9,https://www.ipoplatform.com/ipo/penta-gold-ipo/1896
3240,Main Board,Cochin Shipyard Limited,Engineering - Heavy Machinery,Edelweiss Financial Services Limited Edelweiss Financial Services Limited and Jm Financial Limited and SBI Capital Markets Limited +,Kochi,1442.01,2017-08-01,,,2017-08,2017,8,https://www.ipoplatform.com/ipo/cochin-shipyard-ipo/3240
3239,Main Board,Apex Frozen Foods Limited,Agro,Karvy Investor Services Limited,East Godavari,152.25,2017-08-22,1970-01-01,,2017-08,2017,8,https://www.ipoplatform.com/ipo/apex-frozen-foods-ipo/3239
2542,SME,Vaishali Pharma Limited,Pharmaceutical,Pantomath Capital Advisors Private Limited,Mumbai,14.23,2017-08-07,1970-01-01,,2017-08,2017,8,https://www.ipoplatform.com/ipo/vaishali-pharma-ipo/2542
2541,SME,Ashok Masala Mart Limited,Agro,Navigant Corporate Advisors Limited,Mumbai,2.01,2017-08-07,1970-01-01,,2017-08,2017,8,https://www.ipoplatform.com/ipo/ashok-masala-ipo/2541
2540,SME,Lexus Granito (India) Limited,"Ceramic and Stone - Marble, Tiles and Granite",Pantomath Capital Advisors Private Limited,Rajkot,25.92,2017-08-09,1970-01-01,,2017-08,2017,8,https://www.ipoplatform.com/ipo/lexus-granito-ipo/2540
2539,SME,Geekay Wires Limited,Cables and Wires,Aryaman Financial Services Limited,Hyderabad,11.0,2017-08-09,1970-01-01,,2017-08,2017,8,https://www.ipoplatform.com/ipo/geekay-wires-ipo/2539
2538,SME,Servotech Power Systems Limited,Electric Equipments,Sarthi Capital Advisors Private Limited,New Delhi,15.13,2017-08-09,1970-01-01,,2017-08,2017,8,https://www.ipoplatform.com/ipo/servotech-power-ipo/2538
2537,SME,Shish Industries Limited,Packaging & Disposables,Corporate Capital Ventures Private Limited,Surat,4.06,2017-08-23,1970-01-01,,2017-08,2017,8,https://www.ipoplatform.com/ipo/shish-industries-ipo/2537
2536,SME,ANG Lifesciences India Limited,Pharmaceutical,Oneview Corporate Advisors Private Limited (Formerly known as Guiness Corporate Advisors),Amritsar,12.01,2017-08-29,1970-01-01,,2017-08,2017,8,https://www.ipoplatform.com/ipo/ang-lifesciences-ipo/2536
2535,SME,Pashupati Cotspin Limited,Textiles,Hem Securities Limited,Mahesana,1.54,2017-08-28,1970-01-01,,2017-08,2017,8,https://www.ipoplatform.com/ipo/pashupati-cotspin-ipo/2535
2534,SME,Dhruv Wellness Limited,Pharmaceutical,Gretex Corporate Services Limited,Mumbai,5.57,2017-08-31,1970-01-01,,2017-08,2017,8,https://www.ipoplatform.com/ipo/dhruv-wellness-ipo/2534
3242,Main Board,Salasar Techno Engineering Limited,Infrastructure,Sarthi Capital Advisors Private Limited,New Delhi,35.87,2017-07-12,,,2017-07,2017,7,https://www.ipoplatform.com/ipo/salasar-techno-ipo/3242
3241,Main Board,Security and Intelligence Services (India) Limited,Human Resources and Manpower,Idbi Capital Market Services Limited Idbi Capital Market Services Limited and Axis Capital Limited and ICICI Securities Limited and IIFL Securities Limited and Yes Securities (India) Limited +,Patna,779.58,2017-07-31,,,2017-07,2017,7,https://www.ipoplatform.com/ipo/sis-ipo/3241
2552,SME,Shrenik Limited,Retail,Pantomath Capital Advisors Private Limited,Ahmedabad,21.6,2017-07-06,1970-01-01,,2017-07,2017,7,https://www.ipoplatform.com/ipo/shrenik-ipo/2552
2551,SME,7NR Retails Limited,Textiles,Oneview Corporate Advisors Private Limited (Formerly known as Guiness Corporate Advisors),Ahmedabad,5.12,2017-07-05,1970-01-01,,2017-07,2017,7,https://www.ipoplatform.com/ipo/7nr-retails-ipo/2551
2550,SME,Univastu India Limited,Engineering - EPC,Inventure Merchant Banker Services Private Limited,Pune,5.99,2017-07-14,1970-01-01,,2017-07,2017,7,https://www.ipoplatform.com/ipo/univastu-india-ipo/2550
2549,SME,Jigar Cables Limited,Cables and Wires,Pantomath Capital Advisors Private Limited,Rajkot,5.59,2017-07-18,1970-01-01,,2017-07,2017,7,https://www.ipoplatform.com/ipo/jigar-cables-ipo/2549
2548,SME,Captain Technocast Limited,Metal,Hem Securities Limited,Rajkot,5.7,2017-07-20,1970-01-01,,2017-07,2017,7,https://www.ipoplatform.com/ipo/captain-technocast-ipo/2548
2547,SME,Shanti Overseas (India) Limited,Agro - Food Products,Hem Securities Limited,Indore,10.02,2017-07-21,1970-01-01,,2017-07,2017,7,https://www.ipoplatform.com/ipo/shanti-overseas-ipo/2547
2546,SME,Global Space Technologies Limited,Information Technology - SaaS,Choice Capital Advisors Private Limited,Mumbai,20.02,2017-07-26,1970-01-01,,2017-07,2017,7,https://www.ipoplatform.com/ipo/global-space-ipo/2546
2545,SME,Keerti Knowledge And Skills Limited,Information Technology,Navigant Corporate Advisors Limited,Mumbai,4.06,2017-07-24,1970-01-01,,2017-07,2017,7,https://www.ipoplatform.com/ipo/keerti-knowledge-ipo/2545
2544,SME,Total Transport Systems Limited,Logistics,Sarthi Capital Advisors Private Limited,Mumbai,17.01,2017-07-25,1970-01-01,,2017-07,2017,7,https://www.ipoplatform.com/ipo/total-transport-ipo/2544
2543,SME,Surevin BPO Services Limited,Outsourcing - BPO,Hem Securities Limited,Bhopal,3.65,2017-07-28,1970-01-01,,2017-07,2017,7,https://www.ipoplatform.com/ipo/surevin-ipo/2543
3247,Main Board,Tejas Networks Limited,Telecom,Axis Capital Limited Axis Capital Limited and Citigroup Global Markets India Private Limited and Edelweiss Financial Services Limited and Nomura Financial Advisory And Securities (India) Private Limited +,Bengaluru,776.69,2017-06-14,1970-01-01,,2017-06,2017,6,https://www.ipoplatform.com/ipo/tejas-networks-ipo/3247
3246,Main Board,Eris Lifesciences Limited,Pharmaceutical,Axis Capital Limited Axis Capital Limited and Citigroup Global Markets India Private Limited and Credit Suisse Securities (India) Private Limited +,Ahmedabad,1741.16,2017-06-16,1970-01-01,,2017-06,2017,6,https://www.ipoplatform.com/ipo/eris-lifesciences-ipo/3246
3245,Main Board,Central Depository Services (India) Limited,Banking and Finance,Idbi Capital Market Services Limited Idbi Capital Market Services Limited and Axis Capital Limited and Edelweiss Financial Services Limited and Haitong Securities India Private Limited and Yes Bank Limited +,Mumbai,523.99,2017-06-19,1970-01-01,,2017-06,2017,6,https://www.ipoplatform.com/ipo/cdsl-ipo/3245
3244,Main Board,GTPL Hathway Limited,Telecom,Bnp Paribas Bnp Paribas and Jm Financial Limited and Motilal Oswal Investment Advisors Limited and Yes Securities (India) Limited +,Ahmedabad,484.8,2017-06-21,1970-01-01,,2017-06,2017,6,https://www.ipoplatform.com/ipo/gtpl-hathway-ipo/3244
3243,Main Board,Au Financiers (India) Limited,Banking and Finance,Citigroup Global Markets India Private Limited Citigroup Global Markets India Private Limited and Hdfc Bank Limited and ICICI Securities Limited and Motilal Oswal Investment Advisors Limited +,Jaipur,1912.51,2017-06-28,1970-01-01,,2017-06,2017,6,https://www.ipoplatform.com/ipo/au-financiers-ipo/3243
2561,SME,Riddhi Corporate Services Limited,Telecom,Gretex Corporate Services Limited,Ahmedabad,12.35,2017-06-12,1970-01-01,,2017-06,2017,6,https://www.ipoplatform.com/ipo/riddhi-corporate-services-ipo/2561
2560,SME,Globe Textiles (India) Limited,Textiles,Hem Securities Limited,Ahmedabad,13.71,2017-06-12,1970-01-01,,2017-06,2017,6,https://www.ipoplatform.com/ipo/globe-textiles-ipo/2560
2559,SME,Accord Synergy Limited,Telecom,Hem Securities Limited,Vadodara,5.83,2017-06-22,1970-01-01,,2017-06,2017,6,https://www.ipoplatform.com/ipo/accord-synergy-ipo/2559
2558,SME,Pushpanjali Realms & Infratech Limited,Real Estate,Sarthi Capital Advisors Private Limited,Haridwar,14.55,2017-06-27,1970-01-01,,2017-06,2017,6,https://www.ipoplatform.com/ipo/pushpanjali-realms-ipo/2558
2557,SME,Gautam Exim Limited,Retail,Pantomath Capital Advisors Private Limited,Vapi,3.32,2017-06-29,1970-01-01,,2017-06,2017,6,https://www.ipoplatform.com/ipo/gautam-exim-ipo/2557
2556,SME,Bansal Multiflex Limited,Textiles,Pantomath Capital Advisors Private Limited,Ahmedabad,6.2,2017-06-30,1970-01-01,,2017-06,2017,6,https://www.ipoplatform.com/ipo/bansal-multiflex-ipo/2556
2555,SME,Transwind Infrastructures Limited,Infrastructure,Swastika Investmart Limited,Ahmedabad,7.29,2017-06-30,1970-01-01,,2017-06,2017,6,https://www.ipoplatform.com/ipo/transwind-infrastructures-ipo/2555
2554,SME,Ace Integrated Solutions Limited,Corporate Solutions,D&A Financial Services Private Limited,New Delhi,7.2,2017-06-29,1970-01-01,,2017-06,2017,6,https://www.ipoplatform.com/ipo/ace-integrated-solutions-ipo/2554
2553,SME,GG Engineering Limited,Engineering,Navigant Corporate Advisors Limited,Mumbai,2.23,2017-06-30,1970-01-01,,2017-06,2017,6,https://www.ipoplatform.com/ipo/gg-engineering-ipo/2553
3251,Main Board,IRB InvIT Fund,Infrastructure,Credit Suisse Securities (India) Private Limited Credit Suisse Securities (India) Private Limited and ICICI Securities Limited and Idfc Bank Limited and IIFL Securities Limited +,Mumbai,5921.1,2017-05-03,1970-01-01,,2017-05,2017,5,https://www.ipoplatform.com/ipo/irb-invit-fund-ipo/3251
3250,Main Board,Housing and Urban Development Corporation Limited,Real Estate,Idbi Capital Market Services Limited Idbi Capital Market Services Limited and ICICI Securities Limited and Nomura Financial Advisory And Securities (India) Private Limited and SBI Capital Markets Limited +,New Delhi,1224.35,2017-05-08,1970-01-01,,2017-05,2017,5,https://www.ipoplatform.com/ipo/hudco-ipo/3250
3249,Main Board,PSP Projects Limited,Infrastructure,Karvy Investor Services Limited Karvy Investor Services Limited and Motilal Oswal Investment Advisors Limited +,Ahmedabad,211.68,2017-05-17,1970-01-01,,2017-05,2017,5,https://www.ipoplatform.com/ipo/psp-projects-ipo/3249
3248,Main Board,IndiGrid InvIT Fund,Power and Energy,Citigroup Global Markets India Private Limited Citigroup Global Markets India Private Limited and Edelweiss Financial Services Limited and Morgan Stanley India Company Private Limited +,New Delhi,2250.0,2017-05-17,1970-01-01,,2017-05,2017,5,https://www.ipoplatform.com/ipo/indigrid-invit-fund/3248
2566,SME,Bhakti Gems and Jewellery Limited,Jewellery,Oneview Corporate Advisors Private Limited (Formerly known as Guiness Corporate Advisors),Ahmedabad,3.92,2017-05-17,1970-01-01,,2017-05,2017,5,https://www.ipoplatform.com/ipo/bhakti-gems-and-jewellery-ipo/2566
2565,SME,Jalan Transolutions (India) Limited,Logistics,Navigant Corporate Advisors Limited Navigant Corporate Advisors Limited and Sarthi Capital Advisors Private Limited +,New Delhi,17.71,2017-05-18,1970-01-01,,2017-05,2017,5,https://www.ipoplatform.com/ipo/jalan-transolutions-ipo/2565
2564,SME,Yug Decor Limited,Plastic and Polymer,Gretex Corporate Services Limited,Ahmedabad,2.88,2017-05-18,1970-01-01,,2017-05,2017,5,https://www.ipoplatform.com/ipo/yug-decor-ipo/2564
2563,SME,Vadivarhe Speciality Chemicals Limited,Chemical - Speciality,Hem Securities Limited,Nashik,14.46,2017-05-22,1970-01-01,,2017-05,2017,5,https://www.ipoplatform.com/ipo/vadivarhe-speciality-ipo/2563
2562,SME,Shri Ram Switchgears Limited,Electric Equipments,Sarthi Capital Advisors Private Limited,Ratlam,5.07,2017-05-25,,,2017-05,2017,5,https://www.ipoplatform.com/ipo/shri-ram-switchgears-ipo/2562
3252,Main Board,S Chand and Company Limited,Education,Axis Bank Limited Axis Bank Limited and Credit Suisse Securities (India) Private Limited and Jm Financial Limited +,New Delhi,728.56,2017-04-26,1970-01-01,,2017-04,2017,4,https://www.ipoplatform.com/ipo/s-chand-and-company-ipo/3252
2574,SME,Sikko Industries Ltd,Chemical,Swastika Investmart Limited,Ahmedabad,5.12,2017-04-05,1970-01-01,,2017-04,2017,4,https://www.ipoplatform.com/ipo/sikko-industries-ipo/2574
2573,SME,KMS Medisurgi Limited,Healthcare,Navigant Corporate Advisors Limited,Mumbai,2.7,2017-04-12,1970-01-01,,2017-04,2017,4,https://www.ipoplatform.com/ipo/kms-medisurgi-ipo/2573
2572,SME,Panache Digilife Limited,Information Technology,Pantomath Capital Advisors Private Limited,Mumbai,14.58,2017-04-11,1970-01-01,,2017-04,2017,4,https://www.ipoplatform.com/ipo/panache-digilife-ipo/2572
2571,SME,InfoBeans Technologies Limited,Information Technology,Sarthi Capital Advisors Private Limited,Indore,36.78,2017-04-18,1970-01-01,,2017-04,2017,4,https://www.ipoplatform.com/ipo/infobeans-technologies-ipo/2571
2570,SME,Pure Giftcarat Limited,Jewellery,Navigant Corporate Advisors Limited,Surat,7.45,2017-04-26,1970-01-01,,2017-04,2017,4,https://www.ipoplatform.com/ipo/pure-giftcarat-ipo/2570
2569,SME,CKP Products Limited,Agro - Food Products,Aryaman Financial Services Limited,Mumbai,6.24,2017-04-26,1970-01-01,,2017-04,2017,4,https://www.ipoplatform.com/ipo/ckp-products-ipo/2569
2568,SME,Zota Health Care Limited,Pharmaceutical,Pantomath Capital Advisors Private Limited,Surat,58.5,2017-04-27,1970-01-01,,2017-04,2017,4,https://www.ipoplatform.com/ipo/zota-health-care-ipo/2568
2567,SME,Meera Industries Limited,Textiles,Oneview Corporate Advisors Private Limited (Formerly known as Guiness Corporate Advisors),Surat,3.89,2017-04-27,1970-01-01,,2017-04,2017,4,https://www.ipoplatform.com/ipo/meera-industries-ipo/2567
3256,Main Board,Music Broadcast Limited,Advertising and Media,ICICI Securities Limited,Mumbai,488.53,2017-03-06,,,2017-03,2017,3,https://www.ipoplatform.com/ipo/music-broadcast-ipo/3256
3255,Main Board,Avenue Supermarts Limited,Retail - Supermarket,Axis Capital Limited Axis Capital Limited and Edelweiss Financial Services Limited and Hdfc Bank Limited and ICICI Securities Limited and Motilal Oswal Investment Advisors Limited and SBI Capital Markets Limited +,Mumbai,1870.0,2017-03-08,1970-01-01,,2017-03,2017,3,https://www.ipoplatform.com/ipo/avenue-supermarts-ipo/3255
3254,Main Board,CL Educate Limited,Education,Kotak Mahindra Capital Company Limited,New Delhi,238.95,2017-03-20,,,2017-03,2017,3,https://www.ipoplatform.com/ipo/cl-educate-ipo/3254
3253,Main Board,Shankara Building Products Limited,Real Estate,Equirus Capital Private Limited Equirus Capital Private Limited and Hdfc Bank Limited and Idfc Bank Limited +,Bengaluru,345.0,2017-03-22,1970-01-01,,2017-03,2017,3,https://www.ipoplatform.com/ipo/shankara-buildpro-ipo/3253
2598,SME,Sanginita Chemicals Limited,Chemical,Swastika Investmart Limited,Gandhinagar,10.05,2017-03-01,1970-01-01,,2017-03,2017,3,https://www.ipoplatform.com/ipo/sanginita-chemicals-ipo/2598
2595,SME,IFL Enterprises Limited,Banking and Finance,Aryaman Financial Services Limited,New Delhi,3.25,2017-03-07,1970-01-01,,2017-03,2017,3,https://www.ipoplatform.com/ipo/ifl-enterprises-ipo/2595
2594,SME,Airan Limited,Information Technology  - Data Solutions,Swastika Investmart Limited,Ahmedabad,14.85,2017-03-14,1970-01-01,,2017-03,2017,3,https://www.ipoplatform.com/ipo/airan-ipo/2594
2593,SME,Sarthak Metals Limited,Metal,Oneview Corporate Advisors Private Limited (Formerly known as Guiness Corporate Advisors),Bhilai,10.91,2017-03-10,1970-01-01,,2017-03,2017,3,https://www.ipoplatform.com/ipo/sarthak-metals-ipo/2593
2592,SME,Jash Dealmark Limited,FMCG,Gretex Corporate Services Limited,Mumbai,5.4,2017-03-15,1970-01-01,,2017-03,2017,3,https://www.ipoplatform.com/ipo/jash-dealmark-ipo/2592
2591,SME,Manomay Tex India Limited,Textiles,Pantomath Capital Advisors Private Limited,Bhilwara,11.41,2017-03-15,1970-01-01,,2017-03,2017,3,https://www.ipoplatform.com/ipo/manomay-tex-india-ipo/2591
2590,SME,Chemcrux Enterprises Limited,Chemical,Pantomath Capital Advisors Private Limited,Vadodara,2.4,2017-03-15,1970-01-01,,2017-03,2017,3,https://www.ipoplatform.com/ipo/chemcrux-enterprises-ipo/2590
2589,SME,Manas Properties Limited,Real Estate,Aryaman Financial Services Limited,Mumbai,39.96,2017-03-17,1970-01-01,,2017-03,2017,3,https://www.ipoplatform.com/ipo/manas-properties-ipo/2589
2588,SME,Maximus International Limited,Chemical,Aryaman Financial Services Limited,Vadodara,3.77,2017-03-17,1970-01-01,,2017-03,2017,3,https://www.ipoplatform.com/ipo/maximus-international-ipo/2588
2587,SME,Laxmi Cotspin Limited,Textiles,Hem Securities Limited,Jalna,9.6,2017-03-17,1970-01-01,,2017-03,2017,3,https://www.ipoplatform.com/ipo/laxmi-cotspin-ipo/2587
2586,SME,Euro India Fresh Foods Limited,FMCG - Snacks and Beverages,Pantomath Capital Advisors Private Limited,Surat,51.26,2017-03-21,1970-01-01,,2017-03,2017,3,https://www.ipoplatform.com/ipo/euro-india-fresh-foods-ipo/2586
2585,SME,Oceanic Foods Limited,Agro - Food Products,Pantomath Capital Advisors Private Limited,Jamnagar,6.5,2017-03-20,1970-01-01,,2017-03,2017,3,https://www.ipoplatform.com/ipo/oceanic-foods-ipo/2585
2584,SME,Prime Customer Services Limited,Corporate Solutions,Aryaman Financial Services Limited,Ahmedabad,7.28,2017-03-20,1970-01-01,,2017-03,2017,3,https://www.ipoplatform.com/ipo/prime-customer-services-ipo/2584
2583,SME,Octaware Technologies Limited,Information Technology  - Data Solutions,Aryaman Financial Services Limited,Mumbai,8.6,2017-03-17,1970-01-01,,2017-03,2017,3,https://www.ipoplatform.com/ipo/octaware-technologies-ipo/2583
2582,SME,Relstruct Buildcon Limited,Real Estate,Monarch Networth Capital Limited,Mumbai,23.36,2017-03-22,1970-01-01,,2017-03,2017,3,https://www.ipoplatform.com/ipo/relstruct-buildcon-ipo/2582
2581,SME,Bohra Industries Limited,Chemical,Pantomath Capital Advisors Private Limited,Udaipur,25.15,2017-03-23,,,2017-03,2017,3,https://www.ipoplatform.com/ipo/bohra-industries-ipo/2581
2580,SME,Creative Peripherals & Distribution Limited,Electric Equipments,Pantomath Capital Advisors Private Limited,Mumbai,13.5,2017-03-29,1970-01-01,,2017-03,2017,3,https://www.ipoplatform.com/ipo/creative-peripherals-distribution-ipo/2580
2579,SME,Focus Lighting And Fixtures Limited,Electric Equipments,Sarthi Capital Advisors Private Limited,Mumbai,4.05,2017-03-30,1970-01-01,,2017-03,2017,3,https://www.ipoplatform.com/ipo/focus-lighting-and-fixtures-ipo/2579
2578,SME,Escorp Asset Management Limited,Banking and Finance,Aryaman Financial Services Limited,Mumbai,3.24,2017-03-31,1970-01-01,,2017-03,2017,3,https://www.ipoplatform.com/ipo/escorp-asset-management-ipo/2578
2577,SME,Dev Information Technology Limited,Information Technology,Hem Securities Limited,Ahmedabad,6.25,2017-03-31,1970-01-01,,2017-03,2017,3,https://www.ipoplatform.com/ipo/dev-information-technology-ipo/2577
2576,SME,ASL Industries Limited,Automobile - Forging and Casting,Oneview Corporate Advisors Private Limited (Formerly known as Guiness Corporate Advisors),Kolkata,9.8,2017-03-31,1970-01-01,,2017-03,2017,3,https://www.ipoplatform.com/ipo/asl-industries-ipo/2576
2575,SME,MK Proteins Limited,Agro - Food Products,Sarthi Capital Advisors Private Limited,Ambala,10.23,2017-03-31,1970-01-01,,2017-03,2017,3,https://www.ipoplatform.com/ipo/m-k-proteins-ipo/2575
2603,SME,Steel City Securities Limited,Corporate Solutions,Keynote Financial Services Limited,Visakhapatnam,26.99,2017-02-06,1970-01-01,,2017-02,2017,2,https://www.ipoplatform.com/ipo/steel-city-securities-ipo/2603
2602,SME,Krishana Phoschem Limited,Chemical,Hem Securities Limited,Bhilwara,19.73,2017-02-13,1970-01-01,,2017-02,2017,2,https://www.ipoplatform.com/ipo/krishana-phoschem-ipo/2602
2601,SME,Tanvi Foods (India) Limited,FMCG - Snacks and Beverages,Aryaman Financial Services Limited,Hyderabad,6.6,2017-02-17,1970-01-01,,2017-02,2017,2,https://www.ipoplatform.com/ipo/tanvi-foods-ipo/2601
2600,SME,Global Education Limited,Education - Edtech,Hem Securities Limited,Nagpur,10.25,2017-02-16,1970-01-01,,2017-02,2017,2,https://www.ipoplatform.com/ipo/global-education-ipo/2600
2599,SME,Nitiraj Engineers Limited,Electric Equipments,Arihant Capital Markets Limited,Mumbai,22.01,2017-02-20,1970-01-01,,2017-02,2017,2,https://www.ipoplatform.com/ipo/nitiraj-engineers-ipo/2599
2597,SME,RMC Switchgears Limited,Electric Equipments,Hem Securities Limited,Jaipur,4.15,2017-02-28,1970-01-01,,2017-02,2017,2,https://www.ipoplatform.com/ipo/rmc-switchgears-ipo/2597
2596,SME,Akash Infra Projects Limited,Infrastructure,Tipsons Consultancy Services Private Limited,Gandhinagar,25.5,2017-02-28,1970-01-01,,2017-02,2017,2,https://www.ipoplatform.com/ipo/akash-infra-projects-ipo/2596
3257,Main Board,BSE Limited,Banking and Finance,Smc Capitals Limited Smc Capitals Limited and Axis Capital Limited and Edelweiss Financial Services Limited and Jefferies India Private Limited and Motilal Oswal Investment Advisors Limited and Spark Capital Advisors (India) Private Limited +,Mumbai,1243.43,2017-01-23,1970-01-01,,2017-01,2017,1,https://www.ipoplatform.com/ipo/bse-limited-ipo/3257
2605,SME,Super Fine Knitters Limited,Textiles,Oneview Corporate Advisors Private Limited (Formerly known as Guiness Corporate Advisors),Ludhiana,4.08,2017-01-18,1970-01-01,,2017-01,2017,1,https://www.ipoplatform.com/ipo/super-fine-knitters-ipo/2605
2604,SME,Madhav Copper Limited,Cables and Wires,Pantomath Capital Advisors Private Limited,Bhavnagar,4.48,2017-01-23,1970-01-01,,2017-01,2017,1,https://www.ipoplatform.com/ipo/madhav-copper-nse-sme-ipo/2604
3258,Main Board,Laurus Labs Limited,Pharmaceutical,Citigroup Global Markets India Private Limited Citigroup Global Markets India Private Limited and Jefferies India Private Limited and Kotak Mahindra Capital Company Limited and SBI Capital Markets Limited +,Visakhapatnam,1331.8,2016-12-06,,,2016-12,2016,12,https://www.ipoplatform.com/ipo/laurus-labs-ipo/3258
2609,SME,Veeram Ornaments Limited,Jewellery,Gretex Corporate Services Limited,Ahmedabad,5.12,2016-12-23,1970-01-01,,2016-12,2016,12,https://www.ipoplatform.com/ipo/veeram-ornaments-ipo/2609
2608,SME,Libas Designs Limited,Textiles,Sarthi Capital Advisors Private Limited,Mumbai,13.6,2016-12-27,1970-01-01,,2016-12,2016,12,https://www.ipoplatform.com/ipo/libas-designs-ipo/2608
2607,SME,Prolife Industries Limited,Chemical,Swastika Investmart Limited,Ankleshwar,4.22,2016-12-27,1970-01-01,,2016-12,2016,12,https://www.ipoplatform.com/ipo/prolife-industries-ipo/2607
2606,SME,Maheshwari Logistics Limited,Logistics,Pantomath Capital Advisors Private Limited,Vapi,27.17,2016-12-30,1970-01-01,,2016-12,2016,12,https://www.ipoplatform.com/ipo/maheshwari-logistics-ipo/2606
3259,Main Board,Sheela Foam Limited,Furniture,Edelweiss Financial Services Limited Edelweiss Financial Services Limited and ICICI Securities Limited +,New Delhi,510.0,2016-11-29,1970-01-01,,2016-11,2016,11,https://www.ipoplatform.com/ipo/sheela-foam-ipo/3259
2612,SME,Jet Freight Logistics Limited,Logistics,Sarthi Capital Advisors Private Limited,Mumbai,4.07,2016-11-24,1970-01-01,,2016-11,2016,11,https://www.ipoplatform.com/ipo/jet-freight-ipo/2612
2611,SME,Aditya Vision Limited,Retail,Oneview Corporate Advisors Private Limited (Formerly known as Guiness Corporate Advisors),Patna,5.76,2016-11-28,1970-01-01,,2016-11,2016,11,https://www.ipoplatform.com/ipo/aditya-vision-ipo/2611
2610,SME,Majestic Research Services & Solutions Limited,Corporate Solutions,Pantomath Capital Advisors Private Limited,Bengaluru,9.99,2016-11-28,1970-01-01,,2016-11,2016,11,https://www.ipoplatform.com/ipo/mrss-fpo/2610
3262,Main Board,Endurance Technologies Limited,Engineering - Automotive,Axis Capital Limited Axis Capital Limited and Citigroup Global Markets India Private Limited +,Aurangabad,1161.73,2016-10-05,1970-01-01,,2016-10,2016,10,https://www.ipoplatform.com/ipo/endurance-technologies-ipo/3262
3261,Main Board,PNB Housing Finance Limited,Banking and Finance,Bofa Securities India Limited Bofa Securities India Limited and J.P. Morgan India Private Limited and Jm Financial Limited and Jm Morgan Stanley Private Limited +,New Delhi,3000.75,2016-10-25,1970-01-01,,2016-10,2016,10,https://www.ipoplatform.com/ipo/pnb-housing-finance-ipo/3261
3260,Main Board,Varun Beverages Limited,FMCG - Snacks and Beverages,Axis Capital Limited Axis Capital Limited and Clsa India Private Limited and Kotak Mahindra Capital Company Limited and Yes Bank Limited +,New Delhi,1112.5,2016-10-26,,,2016-10,2016,10,https://www.ipoplatform.com/ipo/varun-beverages-ipo/3260
2613,SME,Agro Phos India Limited,Chemical,Pantomath Capital Advisors Private Limited,Indore,12.94,2016-10-27,1970-01-01,,2016-10,2016,10,https://www.ipoplatform.com/ipo/agro-phos-india-ipo/2613
3266,Main Board,L&T Technology Services Limited,Information Technology,Bofa Securities India Limited Bofa Securities India Limited and Jm Financial Limited and Kotak Mahindra Capital Company Limited and SBI Capital Markets Limited +,Mumbai,894.4,2016-09-12,1970-01-01,,2016-09,2016,9,https://www.ipoplatform.com/ipo/l_t_technology_ipo/3266
3265,Main Board,GNA Axles Limited,Engineering - Automotive,Ambit Private Limited Ambit Private Limited and Pnb Investment Services Limited +,Jalandhar,130.41,2016-09-14,1970-01-01,,2016-09,2016,9,https://www.ipoplatform.com/ipo/gna_axles_ipo/3265
3264,Main Board,ICICI Prudential Life Insurance Company Limited,Insurance,Bofa Securities India Limited Bofa Securities India Limited and Deutsche Equities India Private Limited and Edelweiss Financial Services Limited and Hsbc Securities & Capital Markets Private limited and Jm Financial Limited and SBI Capital Markets Limited and Ubs Securities India Private Limited +,Mumbai,6056.79,2016-09-19,1970-01-01,,2016-09,2016,9,https://www.ipoplatform.com/ipo/icici_prudential_life_ipo/3264
3263,Main Board,HPL Electric & Power Limited,Electric Equipments,Dam Capital Advisors Limited (Formerly Idfc Securities Limited) Dam Capital Advisors Limited (Formerly Idfc Securities Limited) and ICICI Securities Limited and SBI Capital Markets Limited +,New Delhi,361.0,2016-09-22,1970-01-01,,2016-09,2016,9,https://www.ipoplatform.com/ipo/hpl_electric_ipo/3263
2637,SME,Riddhi Steel & Tube Limited,Steel,Oneview Corporate Advisors Private Limited (Formerly known as Guiness Corporate Advisors),Ahmedabad,8.89,2016-09-02,1970-01-01,,2016-09,2016,9,https://www.ipoplatform.com/ipo/riddhi_steel_ipo/2637
2636,SME,Narayani Steels Limited,Steel,Pantomath Capital Advisors Private Limited,Kolkata,11.52,2016-09-01,1970-01-01,,2016-09,2016,9,https://www.ipoplatform.com/ipo/narayani_steels_ipo/2636
2635,SME,Spicy Entertainment & Media Limited,Advertising and Media,First Overseas Capital Limited,Kolkata,4.82,2016-09-01,1970-01-01,,2016-09,2016,9,https://www.ipoplatform.com/ipo/spicy_entertainment_ipo/2635
2634,SME,Crown Lifters Limited,Engineering - Heavy Machinery,Sarthi Capital Advisors Private Limited,Mumbai,6.68,2016-09-09,1970-01-01,,2016-09,2016,9,https://www.ipoplatform.com/ipo/crown_lifters_ipo/2634
2633,SME,Husys Consulting Limited,Outsourcing,Sarthi Capital Advisors Private Limited,Hyderabad,4.2,2016-09-09,,,2016-09,2016,9,https://www.ipoplatform.com/ipo/husys_consulting_ipo/2633
2632,SME,Radhika Jeweltech Limited,Jewellery,Corporate Strategic Allianz Limited,Rajkot,49.5,2016-09-14,1970-01-01,,2016-09,2016,9,https://www.ipoplatform.com/ipo/radhika_jeweltech_ipo/2632
2631,SME,AVSL Industries Limited,Plastic and Polymer,Sarthi Capital Advisors Private Limited,New Delhi,5.18,2016-09-15,1970-01-01,,2016-09,2016,9,https://www.ipoplatform.com/ipo/avsl_industries_ipo/2631
2630,SME,Jet Knitwears Limited,Textiles,Sarthi Capital Advisors Private Limited,Kanpur,4.22,2016-09-27,1970-01-01,,2016-09,2016,9,https://www.ipoplatform.com/ipo/jet-knitwears-ipo/2630
2629,SME,Nandani Creation Limited,Textiles,Pantomath Capital Advisors Private Limited,Jaipur,4.04,2016-09-28,1970-01-01,,2016-09,2016,9,https://www.ipoplatform.com/ipo/nandani-creation-ipo/2629
2628,SME,DRA Consultants Limited,Engineering - Tech Solutions,Pantomath Capital Advisors Private Limited,Nagpur,2.96,2016-09-30,1970-01-01,,2016-09,2016,9,https://www.ipoplatform.com/ipo/dra-consultants-ipo/2628
2627,SME,Valiant Organics Limted,Chemical,Aryaman Financial Services Limited,Mumbai,21.23,2016-09-29,1970-01-01,,2016-09,2016,9,https://www.ipoplatform.com/ipo/valiant-organics-ipo/2627
2626,SME,Sakar Healthcare Limited,Pharmaceutical,Pantomath Capital Advisors Private Limited,Ahmedabad,14.81,2016-09-30,1970-01-01,,2016-09,2016,9,https://www.ipoplatform.com/ipo/sakar-healthcare-nse-sme-ipo/2626
2625,SME,Gretex Industries Limted,Textiles,Pantomath Capital Advisors Private Limited,Kolkata,2.1,2016-09-30,1970-01-01,,2016-09,2016,9,https://www.ipoplatform.com/ipo/gretex-industries-ipo/2625
2624,SME,Bindal Exports Limited,Textiles,Pantomath Capital Advisors Private Limited,Surat,2.0,2016-09-30,1970-01-01,,2016-09,2016,9,https://www.ipoplatform.com/ipo/bindal-exports-ipo/2624
2623,SME,Aurangabad Distillery Limited,Liquor and Distilleries,Hem Securities Limited,Mumbai,7.7,2016-09-30,1970-01-01,,2016-09,2016,9,https://www.ipoplatform.com/ipo/aurangabad-distillery-ipo/2623
2622,SME,Shashijit Infraprojects Limited,Infrastructure,Pantomath Capital Advisors Private Limited,Vapi,3.49,2016-09-30,1970-01-01,,2016-09,2016,9,https://www.ipoplatform.com/ipo/shashijit-infraprojects-ipo/2622
2621,SME,Mewar Hi-Tech Engineering Limited,Engineering - Heavy Machinery,Pantomath Capital Advisors Private Limited,Udaipur,2.34,2016-09-30,1970-01-01,,2016-09,2016,9,https://www.ipoplatform.com/ipo/mewar-hitech-engineering/2621
2620,SME,Aditya Consumer Marketing Limited,FMCG,Oneview Corporate Advisors Private Limited (Formerly known as Guiness Corporate Advisors),Patna,6.0,2016-09-29,1970-01-01,,2016-09,2016,9,https://www.ipoplatform.com/ipo/aditya-consumer-marketing-ipo/2620
2619,SME,Pansari Developers Limited,Real Estate,Hem Securities Limited,Kolkata,10.19,2016-09-30,1970-01-01,,2016-09,2016,9,https://www.ipoplatform.com/ipo/pansari-developers-ipo/2619
2618,SME,Dhanuka Realty Limited,Real Estate,Hem Securities Limited,Jaipur,4.22,2016-09-30,1970-01-01,,2016-09,2016,9,https://www.ipoplatform.com/ipo/dhanuka-realty-ipo/2618
2617,SME,Diksat Transworld Limited,Advertising and Media,Aryaman Financial Services Limited,Chennai,18.43,2016-09-29,1970-01-01,,2016-09,2016,9,https://www.ipoplatform.com/ipo/diksat-transworld-ipo/2617
2616,SME,India Green Reality Limited,Real Estate,Oneview Corporate Advisors Private Limited (Formerly known as Guiness Corporate Advisors),Ahmedabad,10.38,2016-09-30,1970-01-01,,2016-09,2016,9,https://www.ipoplatform.com/ipo/india-green-reality-ipo/2616
2615,SME,Art Nirman Limted,Real Estate,Hem Securities Limited,Ahmedabad,5.01,2016-09-30,1970-01-01,,2016-09,2016,9,https://www.ipoplatform.com/ipo/art-nirman-ipo/2615
2614,SME,Globe International Carriers Limited,Logistics,Hem Securities Limited,Jaipur,5.17,2016-09-30,1970-01-01,,2016-09,2016,9,https://www.ipoplatform.com/ipo/globe-international-ipo/2614
3269,Main Board,Dilip Buildcon Limited,Engineering - EPC,Axis Capital Limited Axis Capital Limited and IIFL Securities Limited and Jm Financial Limited and Pnb Investment Services Limited +,Bhopal,653.98,2016-08-01,1970-01-01,,2016-08,2016,8,https://www.ipoplatform.com/ipo/dilip_buildcon_ipo/3269
3268,Main Board,SP Apparels Limited,Textiles,Centrum Capital Limited Centrum Capital Limited and Motilal Oswal Investment Advisors Limited +,Tirupur,239.12,2016-08-02,1970-01-01,,2016-08,2016,8,https://www.ipoplatform.com/ipo/s_p_apparels_ipo/3268
3267,Main Board,RBL Bank Limited,Banking and Finance,Axis Bank Limited Axis Bank Limited and Citigroup Global Markets India Private Limited and Hdfc Bank Limited and ICICI Securities Limited and Kotak Mahindra Capital Company Limited and Morgan Stanley India Company Private Limited and SBI Capital Markets Limited +,Kolhapur,1212.97,2016-08-19,1970-01-01,,2016-08,2016,8,https://www.ipoplatform.com/ipo/rbl_bank_ipo/3267
2641,SME,Shiva Granito Export Limited,Home Decor,Pantomath Capital Advisors Private Limited,Udaipur,5.04,2016-08-23,1970-01-01,,2016-08,2016,8,https://www.ipoplatform.com/ipo/shiva_granito_ipo/2641
2640,SME,Madhya Bharat Agro Products Limited,Chemical,Hem Securities Limited,Bhilwara,13.9,2016-08-29,1970-01-01,,2016-08,2016,8,https://www.ipoplatform.com/ipo/madhya_bharat_agro_ipo/2640
2639,SME,Mitsu Chem Plast Limited,Plastic and Polymer,Aryaman Financial Services Limited,Mumbai,9.51,2016-08-26,1970-01-01,,2016-08,2016,8,https://www.ipoplatform.com/ipo/mitsu_chem_plast_ipo/2639
2638,SME,Sprayking Agro Equipment Limited,Engineering,Pantomath Capital Advisors Private Limited,Jamnagar,1.86,2016-08-31,1970-01-01,,2016-08,2016,8,https://www.ipoplatform.com/ipo/sprayking_agro_ipo/2638
3271,Main Board,L&T Infotech Limited,Information Technology,Citigroup Global Markets India Private Limited Citigroup Global Markets India Private Limited and ICICI Securities Limited and Kotak Mahindra Capital Company Limited +,Mumbai,1236.0,2016-07-11,1970-01-01,,2016-07,2016,7,https://www.ipoplatform.com/ipo/l_t_infotech_ipo/3271
3270,Main Board,Advanced Enzyme Technologies Limited,Healthcare,Axis Capital Limited Axis Capital Limited and ICICI Securities Limited +,Mumbai,411.49,2016-07-20,,,2016-07,2016,7,https://www.ipoplatform.com/ipo/advanced_enzyme_ipo/3270
2642,SME,Prabhat Telecoms (India) Limited,Information Technology - Hardware,Navigant Corporate Advisors Limited,Mumbai,11.22,2016-07-22,1970-01-01,,2016-07,2016,7,https://www.ipoplatform.com/ipo/prabhat_telecoms_ipo/2642
3273,Main Board,Mahanagar Gas Limited,Oil and Gas,Citigroup Global Markets India Private Limited Citigroup Global Markets India Private Limited and Kotak Mahindra Capital Company Limited +,Mumbai,1039.64,2016-06-21,1970-01-01,,2016-06,2016,6,https://www.ipoplatform.com/ipo/mahanagar_gas_ipo/3273
3272,Main Board,Quess Corp Limited,Human Resources and Manpower,Axis Capital Limited Axis Capital Limited and ICICI Securities Limited and IIFL Securities Limited and Yes Bank Limited +,Bengaluru,400.0,2016-06-29,1970-01-01,,2016-06,2016,6,https://www.ipoplatform.com/ipo/quess_corp_ipo/3272
2651,SME,Shanti Educational Initiatives Ltd,Textiles,Oneview Corporate Advisors Private Limited (Formerly known as Guiness Corporate Advisors),Ahmedabad,39.6,2016-06-01,1970-01-01,,2016-06,2016,6,https://www.ipoplatform.com/ipo/shanti_educational_ipo/2651
2650,SME,Yash Chemex Limited,Chemical,Pantomath Capital Advisors Private Limited,Ahmedabad,2.51,2016-06-07,1970-01-01,,2016-06,2016,6,https://www.ipoplatform.com/ipo/yash_chemex_ipo/2650
2649,SME,Zeal Aqua Limited,Agro,Corporate Strategic Allianz Limited,Surat,14.76,2016-06-27,1970-01-01,,2016-06,2016,6,https://www.ipoplatform.com/ipo/zeal_aqua_ipo/2649
2647,SME,Advance Syntex Limited,Textiles,Hem Securities Limited,Vadodara,2.52,2016-06-30,1970-01-01,,2016-06,2016,6,https://www.ipoplatform.com/ipo/advance_syntex_ipo/2647
2646,SME,Commercial Syn Bags Limited,Packaging & Disposables,Pantomath Capital Advisors Private Limited,Indore,7.66,2016-06-30,1970-01-01,,2016-06,2016,6,https://www.ipoplatform.com/ipo/commercial_syn_bags_ipo/2646
2645,SME,KKV Agro Powers Limited,Power and Energy,Karvy Investor Services Limited,Coimbatore,3.58,2016-06-30,1970-01-01,,2016-06,2016,6,https://www.ipoplatform.com/ipo/kkv_agro_powers/2645
2644,SME,Titaanium Ten Enterprise Limited,Textiles,Pantomath Capital Advisors Private Limited,Surat,2.72,2016-06-30,1970-01-01,,2016-06,2016,6,https://www.ipoplatform.com/ipo/titaanium_ten_enterprise_ipo/2644
2643,SME,Kwality Pharmaceuticals Limited,Pharmaceutical,Oneview Corporate Advisors Private Limited (Formerly known as Guiness Corporate Advisors),Amritsar,6.21,2016-06-30,1970-01-01,,2016-06,2016,6,https://www.ipoplatform.com/ipo/kwality_pharmaceuticals_ipo/2643
3274,Main Board,Parag Milk Foods Limited,Agro - Food Products,Dam Capital Advisors Limited (Formerly Idfc Securities Limited) Dam Capital Advisors Limited (Formerly Idfc Securities Limited) and Jm Financial Limited and Kotak Mahindra Capital Company Limited and Motilal Oswal Investment Advisors Limited +,Pune,751.78,2016-05-04,1970-01-01,,2016-05,2016,5,https://www.ipoplatform.com/ipo/parag_milk_ipo/3274
2653,SME,Sagardeep Alloys Limited,Metal,Chartered Capital And Investment Limited,Ahmedabad,6.0,2016-05-04,1970-01-01,,2016-05,2016,5,https://www.ipoplatform.com/ipo/sagardeep_alloys_ipo/2653
2652,SME,Darshan Orna Limited,Jewellery,First Overseas Capital Limited,Ahmedabad,7.54,2016-05-02,1970-01-01,,2016-05,2016,5,https://www.ipoplatform.com/ipo/darshan_orna_ipo/2652
2648,SME,United Polyfab Gujarat Limited,Textiles,Corporate Strategic Allianz Limited,Ahmedabad,7.65,2016-05-25,1970-01-01,,2016-05,2016,5,https://www.ipoplatform.com/ipo/united_polyfab_ipo/2648
3277,Main Board,Equitas Holdings Limited,Banking and Finance,Axis Bank Limited Axis Bank Limited and Edelweiss Financial Services Limited and Hsbc Securities & Capital Markets Private limited and ICICI Securities Limited +,Chennai,2175.0,2016-04-05,,,2016-04,2016,4,https://www.ipoplatform.com/ipo/equitas_holdings_ipo/3277
3276,Main Board,Thyrocare Technologies Limited,Healthcare,Edelweiss Financial Services Limited Edelweiss Financial Services Limited and ICICI Securities Limited and Jm Financial Limited +,Mumbai,479.21,2016-04-27,1970-01-01,,2016-04,2016,4,https://www.ipoplatform.com/ipo/thyrocare_technologies_ipo/3276
3275,Main Board,Ujjivan Financial Services Limited,Banking and Finance,Axis Capital Limited Axis Capital Limited and ICICI Securities Limited and IIFL Securities Limited and Kotak Mahindra Capital Company Limited +,Bengaluru,887.69,2016-04-28,,,2016-04,2016,4,https://www.ipoplatform.com/ipo/ujjivan_financial_services_ipo/3275
2655,SME,Ghushine Fintrrade Ocean Limited,Textiles,First Overseas Capital Limited,Surat,2.6,2016-04-25,1970-01-01,,2016-04,2016,4,https://www.ipoplatform.com/ipo/ghushine_fintrrade_ipo/2655
2654,SME,Bajaj Healthcare Limited,Pharmaceutical,Aryaman Financial Services Limited,Boisar,30.9,2016-04-27,1970-01-01,,2016-04,2016,4,https://www.ipoplatform.com/ipo/bajaj_healthcare_ipo/2654
3280,Main Board,Healthcare Global Enterprises Limited,Healthcare,Dam Capital Advisors Limited (Formerly Idfc Securities Limited) Dam Capital Advisors Limited (Formerly Idfc Securities Limited) and Edelweiss Financial Services Limited and Goldman Sachs (India) Securities Private Limited and IIFL Securities Limited +,Bengaluru,649.64,2016-03-16,1970-01-01,,2016-03,2016,3,https://www.ipoplatform.com/ipo/healthcare_global_ipo/3280
3279,Main Board,Bharat Wire Ropes Limited,Cables and Wires,Intensive Fiscal Services Private Limited Intensive Fiscal Services Private Limited and Bob Capital Markets Limited +,Mumbai,70.0,2016-03-18,1970-01-01,,2016-03,2016,3,https://www.ipoplatform.com/ipo/bharat_wire_ropes_ipo/3279
3278,Main Board,Infibeam Avenues Limited (Infibeam Incorporation Limited),Online Service Provider,Elara Capital (India) Private Limited Elara Capital (India) Private Limited and ICICI Securities Limited and Kotak Mahindra Capital Company Limited and SBI Capital Markets Limited +,Ahmedabad,450.0,2016-03-21,,,2016-03,2016,3,https://www.ipoplatform.com/ipo/infibeam_ipo/3278
4123,SME,Raghav Ramming Mass Limited,Minerals,Hem Securities Limited,Jaipur,7.49,2016-03-31,1970-01-01,,2016-03,2016,3,https://www.ipoplatform.com/ipo/raghav-ramming-mass-ipo/4123
2667,SME,Relicab Cable Manufacturing Limited,Cables and Wires,Aryaman Financial Services Limited,Daman,3.22,2016-03-09,1970-01-01,,2016-03,2016,3,https://www.ipoplatform.com/ipo/relicab_cable_ipo/2667
2666,SME,Khemani Distributors & Marketing Limited,FMCG,Choice Capital Advisors Private Limited,Surat,15.84,2016-03-16,1970-01-01,,2016-03,2016,3,https://www.ipoplatform.com/ipo/khemani_distributors_ipo/2666
2665,SME,Wealth First Portfolio Managers Limited,Banking and Finance,Sarthi Capital Advisors Private Limited,Ahmedabad,8.4,2016-03-10,1970-01-01,,2016-03,2016,3,https://www.ipoplatform.com/ipo/wealth_first_nse_sme_ipo/2665
2664,SME,HEC Infra Projects Limited,Engineering - EPC,Sarthi Capital Advisors Private Limited,Ahmedabad,5.39,2016-03-10,1970-01-01,,2016-03,2016,3,https://www.ipoplatform.com/ipo/hec_infra_projects_ipo/2664
2663,SME,Umiya Tubes Limited,Steel - Tubes and Pipes,Mehta Integrated Finance Limited,Gandhinagar,2.0,2016-03-18,1970-01-01,,2016-03,2016,3,https://www.ipoplatform.com/ipo/umiya_tubes_ipo/2663
2662,SME,CHD Chemicals Limited,Chemical,First Overseas Capital Limited,Chandigarh,1.98,2016-03-21,1970-01-01,,2016-03,2016,3,https://www.ipoplatform.com/ipo/chd_chemicals_ipo/2662
2661,SME,Franklin Leasing and Finance Limited,Banking and Finance,Aryaman Financial Services Limited,New Delhi,6.34,2016-03-30,1970-01-01,,2016-03,2016,3,https://www.ipoplatform.com/ipo/franklin_leasing_ipo/2661
2660,SME,Lancer Container Lines Limited,Logistics,Pantomath Capital Advisors Private Limited,Mumbai,1.85,2016-03-31,1970-01-01,,2016-03,2016,3,https://www.ipoplatform.com/ipo/lancer_containers_ipo/2660
2659,SME,Sysco Industries Limited,Packaging & Disposables,Pantomath Capital Advisors Private Limited,Surat,2.17,2016-03-31,1970-01-01,,2016-03,2016,3,https://www.ipoplatform.com/ipo/sysco_ipo/2659
2658,SME,Ruby Cables Limited,Cables and Wires,Pantomath Capital Advisors Private Limited,Vadodara,10.01,2016-03-30,1970-01-01,,2016-03,2016,3,https://www.ipoplatform.com/ipo/ruby_cables_ipo/2658
2656,SME,Nintec Systems Limited,Information Technology,Oneview Corporate Advisors Private Limited (Formerly known as Guiness Corporate Advisors),Ahmedabad,1.88,2016-03-29,1970-01-01,,2016-03,2016,3,https://www.ipoplatform.com/ipo/nintec_systems_ipo/2656
3282,Main Board,TeamLease Services Limited,Human Resources and Manpower,Credit Suisse Securities (India) Private Limited Credit Suisse Securities (India) Private Limited and Dam Capital Advisors Limited (Formerly Idfc Securities Limited) and ICICI Securities Limited +,Mumbai,423.68,2016-02-02,1970-01-01,,2016-02,2016,2,https://www.ipoplatform.com/ipo/teamlease_services_ipo/3282
3281,Main Board,Quick Heal Technologies Limited,Information Technology  - Data Solutions,ICICI Securities Limited ICICI Securities Limited and J.P. Morgan India Private Limited and Jefferies India Private Limited +,Pune,451.25,2016-02-08,1970-01-01,,2016-02,2016,2,https://www.ipoplatform.com/ipo/quick_heal_ipo/3281
2672,SME,Vidli Restaurants Limited,Hotels and Resorts,Pantomath Capital Advisors Private Limited,Mumbai,1.31,2016-02-03,1970-01-01,,2016-02,2016,2,https://www.ipoplatform.com/ipo/vidli_restaurants_ipo/2672
2670,SME,Sylph Education Solutions Limited,Education,Corporate Strategic Allianz Limited,Indore,4.8,2016-02-23,1970-01-01,,2016-02,2016,2,https://www.ipoplatform.com/ipo/sylph_education_ipo/2670
2669,SME,K.P. Energy Limited,Power and Energy - Wind,Aryaman Financial Services Limited,Surat,6.44,2016-02-15,1970-01-01,,2016-02,2016,2,https://www.ipoplatform.com/ipo/kp_energy_ipo/2669
2668,SME,Hi-Tech Pipes Limited,Steel - Tubes and Pipes,Sarthi Capital Advisors Private Limited,New Delhi,13.65,2016-02-15,1970-01-01,,2016-02,2016,2,https://www.ipoplatform.com/ipo/hi_tech_pipes_ipo/2668
3283,Main Board,Precision Camshafts Limited,Engineering,Hdfc Bank Limited Hdfc Bank Limited and IIFL Securities Limited and SBI Capital Markets Limited +,Solapur,410.0,2016-01-27,1970-01-01,,2016-01,2016,1,https://www.ipoplatform.com/ipo/precision_camshafts_ipo/3283
2673,SME,Blueblood Ventures Limited,Banking and Finance,Quintessence Enterprises Private Limited,New Delhi,7.04,2016-01-21,1970-01-01,,2016-01,2016,1,https://www.ipoplatform.com/ipo/blueblood_ventures_ipo/2673
2671,SME,Ganga Pharmaceuticals Limited,Pharmaceutical - Ayurvedic,First Overseas Capital Limited,Mumbai,1.54,2016-01-29,1970-01-01,,2016-01,2016,1,https://www.ipoplatform.com/ipo/ganga_pharmaceuticals_ipo/2671
3286,Main Board,Dr. Lal PathLabs Limited,Healthcare,Citigroup Global Markets India Private Limited Citigroup Global Markets India Private Limited and Kotak Mahindra Capital Company Limited +,New Delhi,638.0,2015-12-08,1970-01-01,,2015-12,2015,12,https://www.ipoplatform.com/ipo/dr_lal_pathlabs_ipo/3286
3285,Main Board,Alkem Laboratories Limited,Pharmaceutical,Axis Capital Limited Axis Capital Limited and Edelweiss Financial Services Limited and J.P. Morgan India Private Limited and Nomura Financial Advisory And Securities (India) Private Limited +,Mumbai,1349.61,2015-12-08,1970-01-01,,2015-12,2015,12,https://www.ipoplatform.com/ipo/alkem_laboratories_ipo/3285
3284,Main Board,Narayana Hrudayalaya Limited,Healthcare - Hospitals and Clinic,Axis Bank Limited Axis Bank Limited and Dam Capital Advisors Limited (Formerly Idfc Securities Limited) and Jefferies India Private Limited +,Bengaluru,613.08,2015-12-17,1970-01-01,,2015-12,2015,12,https://www.ipoplatform.com/ipo/narayana_hrudayalaya_ipo/3284
2676,SME,Suncare Traders Limited,Furniture,Corporate Strategic Allianz Limited,Ahmedabad,24.22,2015-12-15,1970-01-01,,2015-12,2015,12,https://www.ipoplatform.com/ipo/suncare_traders_ipo/2676
2675,SME,OFS Technologies Limited,Information Technology,V B Desai Financial Services Limited,Bengaluru,4.25,2015-12-28,1970-01-01,,2015-12,2015,12,https://www.ipoplatform.com/ipo/ofs_technologies_ipo/2675
2674,SME,Fourth Dimension Solutions Limited,Information Technology  - Data Solutions,Sarthi Capital Advisors Private Limited,New Delhi,8.68,2015-12-30,1970-01-01,,2015-12,2015,12,https://www.ipoplatform.com/ipo/fourth_dimension_solutions_ipo/2674
2677,SME,Navigant Corporate Advisors Limited,Banking and Finance,First Overseas Capital Limited,Mumbai,1.19,2015-11-30,1970-01-01,,2015-11,2015,11,https://www.ipoplatform.com/ipo/navigant_corporate_advisors_ipo/2677
3289,Main Board,Coffee Day Enterprises Limited,Hotels and Resorts - QSR,Axis Bank Limited Axis Bank Limited and Citigroup Global Markets India Private Limited and Edelweiss Financial Services Limited and Kotak Mahindra Capital Company Limited +,Bengaluru,1150.0,2015-10-14,1970-01-01,,2015-10,2015,10,https://www.ipoplatform.com/ipo/cafe_coffee_day_ipo/3289
3288,Main Board,InterGlobe Aviation Limited,Aviation,Barclays Securities (India) Private Limited Barclays Securities (India) Private Limited and Citigroup Global Markets India Private Limited and J.P. Morgan India Private Limited and Kotak Mahindra Capital Company Limited +,New Delhi,3018.24,2015-10-27,1970-01-01,,2015-10,2015,10,https://www.ipoplatform.com/ipo/indigo_ipo/3288
3287,Main Board,S H Kelkar & Company Limited,FMCG,Jm Financial Limited Jm Financial Limited and Kotak Mahindra Capital Company Limited +,Mumbai,508.17,2015-10-28,1970-01-01,,2015-10,2015,10,https://www.ipoplatform.com/ipo/s_h_kelkar_ipo/3287
2678,SME,Perfect Infraengineers Limited,Engineering,Keynote Financial Services Limited,Mumbai,6.0,2015-10-30,1970-01-01,,2015-10,2015,10,https://www.ipoplatform.com/ipo/perfect_infraengineers_ipo/2678
2688,SME,PB Films Limited,Film and Animation - VFX,Oneview Corporate Advisors Private Limited (Formerly known as Guiness Corporate Advisors),Kolkata,5.0,2015-09-01,1970-01-01,,2015-09,2015,9,https://www.ipoplatform.com/ipo/pb_films_limited/2688
2687,SME,Sri Krishna Constructions (India) Limited,Real Estate,Pantomath Capital Advisors Private Limited,Bengaluru,11.34,2015-09-10,1970-01-01,,2015-09,2015,9,https://www.ipoplatform.com/ipo/sri_krishna_constructions_ipo/2687
2686,SME,Shaival Reality Limited,Real Estate,Sarthi Capital Advisors Private Limited,Ahmedabad,5.28,2015-09-15,1970-01-01,,2015-09,2015,9,https://www.ipoplatform.com/ipo/shaival_reality_ipo/2686
2685,SME,Ahimsa Industries Limited,Agro - Sugar,Sarthi Capital Advisors Private Limited,Ahmedabad,3.8,2015-09-24,1970-01-01,,2015-09,2015,9,https://www.ipoplatform.com/ipo/ahimsa_industries_ipo/2685
2684,SME,Bella Casa Fashion & Retail Limited,Textiles,Hem Securities Limited,Jaipur,3.43,2015-09-28,1970-01-01,,2015-09,2015,9,https://www.ipoplatform.com/ipo/bella_casa_fashion_ipo/2684
2683,SME,Vishal Bearings Limited,Engineering,Hem Securities Limited,Rajkot,3.24,2015-09-28,1970-01-01,,2015-09,2015,9,https://www.ipoplatform.com/ipo/vishal_bearings_ipo/2683
2682,SME,Vaksons Automobiles Limited,Automobile,Aryaman Financial Services Limited,New Delhi,6.24,2015-09-28,1970-01-01,,2015-09,2015,9,https://www.ipoplatform.com/ipo/vaksons_automobiles_ipo/2682
2681,SME,Patdiam Jewellery Limited,Jewellery,Pantomath Capital Advisors Private Limited,Mumbai,5.0,2015-09-30,1970-01-01,,2015-09,2015,9,https://www.ipoplatform.com/ipo/patdiam_jewellery_ipo/2681
2680,SME,Cawasji Behramji Catering Services Limited,Corporate Solutions,Hem Securities Limited,Mumbai,1.86,2015-09-29,1970-01-01,,2015-09,2015,9,https://www.ipoplatform.com/ipo/cawasji_behramji_catering_ipo/2680
2679,SME,Tejnaksh Healthcare Limited,Healthcare - Hospitals and Clinic,First Overseas Capital Limited,Nashik,2.43,2015-09-30,1970-01-01,,2015-09,2015,9,https://www.ipoplatform.com/ipo/tejnaksh_healthcare_ipo/2679
3295,Main Board,Power Mech Projects Limited,Engineering - EPC,IIFL Securities Limited IIFL Securities Limited and Kotak Mahindra Capital Company Limited and Motilal Oswal Investment Advisors Limited +,Hyderabad,273.22,2015-08-07,1970-01-01,,2015-08,2015,8,https://www.ipoplatform.com/ipo/power_mech_projects_ipo/3295
3294,Main Board,Navkar Corporation Limited,Logistics,Axis Bank Limited Axis Bank Limited and Edelweiss Financial Services Limited and SBI Capital Markets Limited +,Mumbai,600.0,2015-08-24,1970-01-01,,2015-08,2015,8,https://www.ipoplatform.com/ipo/navkar_corporation_ipo/3294
3293,Main Board,Shree Pushkar Chemicals and Fertilisers Limited,Chemical - Pesticides,Keynote Financial Services Limited,Mumbai,70.0,2015-08-25,1970-01-01,,2015-08,2015,8,https://www.ipoplatform.com/ipo/shree_pushkar_chemicals_ipo/3293
3292,Main Board,Pennar Engineered Building Systems Limited,Engineering,Karvy Investor Services Limited Karvy Investor Services Limited and Axis Bank Limited and Motilal Oswal Investment Advisors Limited +,Hyderabad,156.19,2015-08-25,,,2015-08,2015,8,https://www.ipoplatform.com/ipo/pennar_engineered_ipo/3292
3291,Main Board,Sadbhav Infrastructure Project Limited,Infrastructure,Edelweiss Financial Services Limited Edelweiss Financial Services Limited and ICICI Securities Limited and Kotak Mahindra Capital Company Limited and Macquarie India Advisory Services Private Limited +,Ahmedabad,491.66,2015-08-31,1970-01-01,,2015-08,2015,8,https://www.ipoplatform.com/ipo/sadbhav_infra_ipo/3291
3290,Main Board,Prabhat Dairy Limited,Agro - Food Products,Edelweiss Financial Services Limited Edelweiss Financial Services Limited and Macquarie India Advisory Services Private Limited and SBI Capital Markets Limited +,Ahmednagar,356.19,2015-08-28,,,2015-08,2015,8,https://www.ipoplatform.com/ipo/prabhat_dairy_ipo/3290
2691,SME,Oyeeee Media Limited,Film and Animation - VFX,First Overseas Capital Limited,Mumbai,15.9,2015-08-13,1970-01-01,,2015-08,2015,8,https://www.ipoplatform.com/ipo/oyeeee_media_ipo/2691
2690,SME,Universal Autofoundry Limited,Automobile - Forging and Casting,Hem Securities Limited,Jaipur,3.24,2015-08-19,1970-01-01,,2015-08,2015,8,https://www.ipoplatform.com/ipo/universal_autofoundry_ipo/2690
2689,SME,H.K. Trade International Limited,Packaging & Disposables,Intensive Fiscal Services Private Limited,Mumbai,2.29,2015-08-31,1970-01-01,,2015-08,2015,8,https://www.ipoplatform.com/ipo/h_k_trade_ipo/2689
3296,Main Board,Syngene International Limited,Pharmaceutical,Axis Bank Limited Axis Bank Limited and Credit Suisse Securities (India) Private Limited and Jefferies India Private Limited +,Bengaluru,550.0,2015-07-27,1970-01-01,,2015-07,2015,7,https://www.ipoplatform.com/ipo/syngene_international_ipo/3296
2696,SME,Loyal Equipments Limited,Engineering,Hem Securities Limited,Gandhinagar,3.24,2015-07-03,1970-01-01,,2015-07,2015,7,https://www.ipoplatform.com/ipo/loyal_equipments_ipo/2696
2695,SME,Amrapali Fincap Limited,Banking and Finance,Corporate Strategic Allianz Limited,Ahmedabad,42.48,2015-07-20,1970-01-01,,2015-07,2015,7,https://www.ipoplatform.com/ipo/amrapali_fincap_ipo/2695
2694,SME,Pecos Hotels and Pubs Limited,Hotels and Resorts,Sarthi Capital Advisors Private Limited,Bengaluru,2.3,2015-07-23,1970-01-01,,2015-07,2015,7,https://www.ipoplatform.com/ipo/pecos_hotels_ipo/2694
2693,SME,Mangalam Seeds Limited,Agro,Pantomath Capital Advisors Private Limited,Ahmedabad,5.7,2015-07-29,1970-01-01,,2015-07,2015,7,https://www.ipoplatform.com/ipo/mangalam_seeds_ipo/2693
2692,SME,Emkay Taps and Cutting Tools Limited,Engineering,Hem Securities Limited,Nagpur,15.55,2015-07-27,1970-01-01,,2015-07,2015,7,https://www.ipoplatform.com/ipo/emkay_taps_ipo/2692
3297,Main Board,Manpasand Beverages Limited,FMCG - Snacks and Beverages,ICICI Securities Limited ICICI Securities Limited and IIFL Securities Limited and Kotak Mahindra Capital Company Limited +,Vadodara,400.0,2015-06-24,,,2015-06,2015,6,https://www.ipoplatform.com/ipo/manpasand_beverages_ipo/3297
2704,SME,Junction Fabrics and Apparels Limited,Textiles,Hem Securities Limited,Chennai,1.6,2015-06-25,1970-01-01,,2015-06,2015,6,https://www.ipoplatform.com/ipo/junction_fabrics_ipo/2704
2703,SME,Mishka Exim Limited,Jewellery,First Overseas Capital Limited,New Delhi,5.45,2015-06-26,1970-01-01,,2015-06,2015,6,https://www.ipoplatform.com/ipo/mishka_exim_ipo/2703
2702,SME,Ambition Mica Limited,Furniture,Pantomath Capital Advisors Private Limited,Ahmedabad,4.3,2015-06-23,1970-01-01,,2015-06,2015,6,https://www.ipoplatform.com/ipo/ambition_mica_ipo/2702
2701,SME,VMV Holidays Limited,Travel and Tourism,Oneview Corporate Advisors Private Limited (Formerly known as Guiness Corporate Advisors),Kolkata,1.56,2015-06-29,1970-01-01,,2015-06,2015,6,https://www.ipoplatform.com/ipo/vmv_holidays_ipo/2701
2700,SME,Jiya Eco Products Limited,Power and Energy - Bio,Pantomath Capital Advisors Private Limited,Bhavnagar,4.58,2015-06-29,1970-01-01,,2015-06,2015,6,https://www.ipoplatform.com/ipo/jiya_eco_products_ipo/2700
2699,SME,Gala Print City Limited,Corporate Solutions,Oneview Corporate Advisors Private Limited (Formerly known as Guiness Corporate Advisors),Ahmedabad,3.04,2015-06-30,1970-01-01,,2015-06,2015,6,https://www.ipoplatform.com/ipo/gala_print_city_ipo/2699
2698,SME,MD Inducto Cast Limited,Engineering,Pantomath Capital Advisors Private Limited,Bhavnagar,17.24,2015-06-30,1970-01-01,,2015-06,2015,6,https://www.ipoplatform.com/ipo/md_inducto_cast_ipo/2698
2697,SME,MRSS India Limited,Corporate Solutions,Pantomath Capital Advisors Private Limited,Bengaluru,1.43,2015-06-30,1970-01-01,,2015-06,2015,6,https://www.ipoplatform.com/ipo/majestic_research_ipo/2697
2493,SME,Ambition Mica Limited,Furniture,Pantomath Capital Advisors Private Limited,Ahmedabad,12.6,2015-06-23,1970-01-01,,2015-06,2015,6,https://www.ipoplatform.com/ipo/ambition-mica-fpo/2493
3298,Main Board,PNC Infratech Limited,Infrastructure,Dam Capital Advisors Limited (Formerly Idfc Securities Limited) Dam Capital Advisors Limited (Formerly Idfc Securities Limited) and ICICI Securities Limited +,New Delhi,488.44,2015-05-08,,,2015-05,2015,5,https://www.ipoplatform.com/ipo/pnc_infratech_ipo/3298
2705,SME,Funny Software Limited,Information Technology,First Overseas Capital Limited,New Delhi,4.59,2015-05-14,1970-01-01,,2015-05,2015,5,https://www.ipoplatform.com/ipo/funny_software_ipo/2705
3301,Main Board,VRL Logistics Limited,Logistics,Hsbc Securities & Capital Markets Private limited Hsbc Securities & Capital Markets Private limited and ICICI Securities Limited +,Hubballi,473.88,2015-04-15,1970-01-01,,2015-04,2015,4,https://www.ipoplatform.com/ipo/vrl_logistics_ipo/3301
3300,Main Board,MEP Infrastructure Developers Limited,Infrastructure,Idbi Capital Market Services Limited Idbi Capital Market Services Limited and Dam Capital Advisors Limited (Formerly Idfc Securities Limited) +,Mumbai,324.0,2015-04-21,1970-01-01,,2015-04,2015,4,https://www.ipoplatform.com/ipo/mep_infrastructure_ipo/3300
3299,Main Board,UFO Moviez Limited,Advertising and Media,Axis Bank Limited Axis Bank Limited and Citigroup Global Markets India Private Limited +,New Delhi,600.0,2015-04-28,1970-01-01,,2015-04,2015,4,https://www.ipoplatform.com/ipo/ufo_moviez_ipo/3299
3304,Main Board,Ortel Communications Limited,Telecom,Kotak Mahindra Capital Company Limited,New Delhi,66.11,2015-03-03,1970-01-01,,2015-03,2015,3,https://www.ipoplatform.com/ipo/ortel_communications_ipo/3304
3303,Main Board,Adlabs Entertainment Limited,Advertising and Media,Centrum Capital Limited Centrum Capital Limited and Deutsche Equities India Private Limited and Kotak Mahindra Capital Company Limited +,Raigad,365.87,2015-03-10,1970-01-01,,2015-03,2015,3,https://www.ipoplatform.com/ipo/adlabs_entertainment_ipo/3303
3302,Main Board,Inox Wind Limited,Power and Energy - Wind,Axis Bank Limited Axis Bank Limited and Bofa Securities India Limited and Edelweiss Financial Services Limited and Yes Bank Limited +,Una,1020.52,2015-03-18,1970-01-01,,2015-03,2015,3,https://www.ipoplatform.com/ipo/inox_wind_ipo/3302
2714,SME,SSPN Finance Limited,Banking and Finance,First Overseas Capital Limited,Mumbai,1.5,2015-03-10,1970-01-01,,2015-03,2015,3,https://www.ipoplatform.com/ipo/sspn_finance_ipo/2714
2712,SME,Mahabir Metallex Limited,Steel,Sarthi Capital Advisors Private Limited,New Delhi,3.9,2015-03-09,1970-01-01,,2015-03,2015,3,https://www.ipoplatform.com/ipo/mahabir_metallex_ipo/2712
2711,SME,AGI Infra Limited,Real Estate,Aryaman Financial Services Limited,Jalandhar,14.99,2015-03-10,1970-01-01,,2015-03,2015,3,https://www.ipoplatform.com/ipo/agi-infra-ipo/2711
2710,SME,Supreme (India) Impex Limited,Textiles,Pantomath Capital Advisors Private Limited,Surat,7.87,2015-03-16,1970-01-01,,2015-03,2015,3,https://www.ipoplatform.com/ipo/supreme_india_ipo/2710
2709,SME,Filtra Consultants and Engineers Limited,Engineering,Pantomath Capital Advisors Private Limited,Mumbai,3.11,2015-03-24,1970-01-01,,2015-03,2015,3,https://www.ipoplatform.com/ipo/filtra_consultants_ipo/2709
2708,SME,Yogya Enterprises Limited,Metal,First Overseas Capital Limited,New Delhi,1.5,2015-03-25,1970-01-01,,2015-03,2015,3,https://www.ipoplatform.com/ipo/yogya_enterprises_ipo/2708
2707,SME,Athena Constructions Limited,Real Estate,First Overseas Capital Limited,Mumbai,2.5,2015-03-25,1970-01-01,,2015-03,2015,3,https://www.ipoplatform.com/ipo/athena_constructions_ipo/2707
2706,SME,OP Chains Limited,Jewellery,Hem Securities Limited,Agra,2.04,2015-03-30,1970-01-01,,2015-03,2015,3,https://www.ipoplatform.com/ipo/o_p_chains_ipo/2706
2963,Main Board,Akme Fintrade India Limited,Banking and Finance,Gretex Corporate Services Limited,Udaipur,132.0,2015-02-25,1970-01-01,,2015-02,2015,2,https://www.ipoplatform.com/ipo/aasaan-loans-ipo/2963
2713,SME,Akme Star Housing Finance Limited,Banking and Finance,Sarthi Capital Advisors Private Limited,Udaipur,4.8,2015-02-25,1970-01-01,,2015-02,2015,2,https://www.ipoplatform.com/ipo/akme_star_housing_finance_ipo/2713
2716,SME,Raghuvansh Agrofarms Limited,Agro,Sobhagya Capital Options Limited,New Delhi,3.96,2015-01-09,1970-01-01,,2015-01,2015,1,https://www.ipoplatform.com/ipo/raghuvansh_agrofarms_ipo/2716
2715,SME,Karnavati Finance Limited,Banking and Finance,Corporate Strategic Allianz Limited,Mumbai,2.58,2015-01-19,1970-01-01,,2015-01,2015,1,https://www.ipoplatform.com/ipo/karnavati_finance_ipo/2715
3305,Main Board,Monte Carlo Fashions Limited,Textiles,Axis Bank Limited Axis Bank Limited and Edelweiss Financial Services Limited and Religare Securities Limited and SBI Capital Markets Limited +,Ludhiana,350.43,2014-12-03,1970-01-01,,2014-12,2014,12,https://www.ipoplatform.com/ipo/monte_carlo_ipo/3305
2717,SME,Amsons Apparels Limited,Textiles,Bcb Brokerage Private Limited,New Delhi,3.25,2014-12-16,1970-01-01,,2014-12,2014,12,https://www.ipoplatform.com/ipo/amsons_apparels_ipo/2717
2720,SME,Aanchal Ispat Limited,Steel,Inventure Merchant Banker Services Private Limited,Kolkata,16.0,2014-11-24,1970-01-01,,2014-11,2014,11,https://www.ipoplatform.com/ipo/aanchal_ispat_ipo/2720
2719,SME,Captain Pipes Limited,Steel - Tubes and Pipes,Hem Securities Limited,Rajkot,4.4,2014-11-26,1970-01-01,,2014-11,2014,11,https://www.ipoplatform.com/ipo/captain_pipes_ipo/2719
2718,SME,Anubhav Infrastructure Limited,Infrastructure,First Overseas Capital Limited,Kolkata,9.0,2014-11-26,1970-01-01,,2014-11,2014,11,https://www.ipoplatform.com/ipo/anubhav_infrastructure_ipo/2718
2722,SME,JLA Infraville Shoppers Limited,Retail,Sarthi Capital Advisors Private Limited,Bengaluru,2.0,2014-10-16,1970-01-01,,2014-10,2014,10,https://www.ipoplatform.com/ipo/jla_infraville_ipo/2722
2721,SME,Jet Infraventure Limited,Real Estate,Pantomath Capital Advisors Private Limited,Mumbai,4.5,2014-10-30,1970-01-01,,2014-10,2014,10,https://www.ipoplatform.com/ipo/jet_infraventure_ipo/2721
3307,Main Board,Sharda Cropchem Limited,Chemical - Pesticides,Dam Capital Advisors Limited (Formerly Idfc Securities Limited) Dam Capital Advisors Limited (Formerly Idfc Securities Limited) and Edelweiss Financial Services Limited +,Mumbai,351.86,2014-09-05,1970-01-01,,2014-09,2014,9,https://www.ipoplatform.com/ipo/sharda_cropchem_ipo/3307
3306,Main Board,Shemaroo Entertainment Limited,Advertising and Media,ICICI Securities Limited ICICI Securities Limited and Yes Bank Limited +,Mumbai,120.0,2014-09-16,1970-01-01,,2014-09,2014,9,https://www.ipoplatform.com/ipo/shemaroo_ipo/3306
2734,SME,Sirohia & Sons Limited,Agro,Vc Corporate Advisors Private Limited (Vcapl),Kolkata,3.6,2014-09-08,1970-01-01,,2014-09,2014,9,https://www.ipoplatform.com/ipo/sirohia_sons_ipo/2734
2733,SME,Naysaa Securities Limited,Banking and Finance,Oneview Corporate Advisors Private Limited (Formerly known as Guiness Corporate Advisors),Mumbai,1.5,2014-09-05,1970-01-01,,2014-09,2014,9,https://www.ipoplatform.com/ipo/naysaa_securities_ipo/2733
2732,SME,Encash Entertainment Limited,Film and Animation - VFX,Oneview Corporate Advisors Private Limited (Formerly known as Guiness Corporate Advisors),Kolkata,4.39,2014-09-09,1970-01-01,,2014-09,2014,9,https://www.ipoplatform.com/ipo/encash_entertainment_ipo/2732
2731,SME,Ultracab India Limited,Cables and Wires,Pantomath Capital Advisors Private Limited,Rajkot,7.97,2014-09-15,1970-01-01,,2014-09,2014,9,https://www.ipoplatform.com/ipo/ultracab_ipo/2731
2730,SME,Momai Apparels Limited,Textiles,Pantomath Capital Advisors Private Limited,Mumbai,30.0,2014-09-25,1970-01-01,,2014-09,2014,9,https://www.ipoplatform.com/ipo/momai_apparels/2730
2729,SME,Atishay Infotech Limited,Information Technology  - Data Solutions,Hem Securities Limited,Bhopal,3.71,2014-09-25,1970-01-01,,2014-09,2014,9,https://www.ipoplatform.com/ipo/atishay_infotech_ipo/2729
2728,SME,Dhabriya Polywood Limited,Furniture,Hem Securities Limited,Jaipur,3.3,2014-09-29,1970-01-01,,2014-09,2014,9,https://www.ipoplatform.com/ipo/dhabriya_polywood_ipo/2728
2727,SME,Aryaman Capital Markets Limited,Banking and Finance,Bcb Brokerage Private Limited,Mumbai,4.31,2014-09-25,1970-01-01,,2014-09,2014,9,https://www.ipoplatform.com/ipo/aryaman_capital/2727
2726,SME,Powerhouse Fitness and Realty Limited,Healthcare,First Overseas Capital Limited,Mumbai,7.2,2014-09-29,1970-01-01,,2014-09,2014,9,https://www.ipoplatform.com/ipo/powerhouse_fitness_ipo/2726
2725,SME,Vibrant Global Capital Limited,Banking and Finance,Hem Securities Limited,Mumbai,11.48,2014-09-29,1970-01-01,,2014-09,2014,9,https://www.ipoplatform.com/ipo/vibrant_global_ipo/2725
2724,SME,Starlit Power Systems Limited,Steel - Iron,Sarthi Capital Advisors Private Limited,New Delhi,2.95,2014-09-29,1970-01-01,,2014-09,2014,9,https://www.ipoplatform.com/ipo/starlit_power_ipo/2724
2723,SME,Ceinsys Tech Limited (ADCC Infocad Limited),Information Technology  - Data Solutions,Hem Securities Limited,Nagpur,9.6,2014-09-30,1970-01-01,,2014-09,2014,9,https://www.ipoplatform.com/ipo/adcc_infocad_ipo/2723
3308,Main Board,Snowman Logistics Limited,Logistics,Hdfc Bank Limited,Bengaluru,197.4,2014-08-26,1970-01-01,,2014-08,2014,8,https://www.ipoplatform.com/ipo/snowman_logistics_ipo/3308
2737,SME,Bhanderi Infracon Limited,Real Estate,Choice Capital Advisors Private Limited,Ahmedabad,6.48,2014-07-22,1970-01-01,,2014-07,2014,7,https://www.ipoplatform.com/ipo/bhanderi_infracon_ipo/2737
2736,SME,Carewell Industries Limited,Corporate Solutions,Inventure Merchant Banker Services Private Limited,Chennai,4.96,2014-07-25,1970-01-01,,2014-07,2014,7,https://www.ipoplatform.com/ipo/carewell_industries_ipo/2736
2735,SME,Vishal Fabrics Limited,Textiles,Aryaman Financial Services Limited,Ahmedabad,15.63,2014-07-31,1970-01-01,,2014-07,2014,7,https://www.ipoplatform.com/ipo/vishal_fabrics_ipo/2735
2740,SME,Tarini International Limited,Engineering - Tech Solutions,Oneview Corporate Advisors Private Limited (Formerly known as Guiness Corporate Advisors),New Delhi,16.31,2014-06-09,1970-01-01,,2014-06,2014,6,https://www.ipoplatform.com/ipo/tarini_international_ipo/2740
2739,SME,Oasis Tradelink Limited,Retail,Oneview Corporate Advisors Private Limited (Formerly known as Guiness Corporate Advisors),Ahmedabad,6.0,2014-06-23,1970-01-01,,2014-06,2014,6,https://www.ipoplatform.com/ipo/oasis_tradelink_ipo/2739
2738,SME,Bansal Roofing Products Limited,Engineering,Hem Securities Limited,Vadodara,2.04,2014-06-26,1970-01-01,,2014-06,2014,6,https://www.ipoplatform.com/ipo/bansal_roofing_products_ipo/2738
3309,Main Board,Wonderla Holidays Limited,Hotels and Resorts,Edelweiss Financial Services Limited Edelweiss Financial Services Limited and ICICI Securities Limited +,Bengaluru,181.25,2014-04-21,1970-01-01,,2014-04,2014,4,https://www.ipoplatform.com/ipo/wonderla_holidays_ipo/3309
2748,SME,Anisha Impex Limited,Textiles,Inventure Merchant Banker Services Private Limited,New Delhi,6.5,2014-03-03,1970-01-01,,2014-03,2014,3,https://www.ipoplatform.com/ipo/anisha_impex_ipo/2748
2747,SME,Shri Krishna Prasadam Limited,Jewellery,Sobhagya Capital Options Limited,New Delhi,2.16,2014-03-11,1970-01-01,,2014-03,2014,3,https://www.ipoplatform.com/ipo/shri_krishna_prasadam_ipo/2747
2746,SME,Oceanaa Biotek Industries Limited,Agro,V B Desai Financial Services Limited,Chennai,2.1,2014-03-18,1970-01-01,,2014-03,2014,3,https://www.ipoplatform.com/ipo/obil_ipo/2746
2745,SME,Women's Next Loungeries Limited,Textiles,Pantomath Capital Advisors Private Limited,Bhiwandi,6.5,2014-03-28,1970-01-01,,2014-03,2014,3,https://www.ipoplatform.com/ipo/womens_next_loungeries_ipo/2745
2744,SME,R&B Denims Limited,Textiles,Hem Securities Limited,Surat,3.71,2014-03-28,1970-01-01,,2014-03,2014,3,https://www.ipoplatform.com/ipo/r_b_denims_ipo/2744
3310,Main Board,Engineers India Limited,Engineering - EPC,Dam Capital Advisors Limited (Formerly Idfc Securities Limited) Dam Capital Advisors Limited (Formerly Idfc Securities Limited) and ICICI Securities Limited and Kotak Mahindra Capital Company Limited +,New Delhi,505.4,2014-02-06,1970-01-01,,2014-02,2014,2,https://www.ipoplatform.com/ipo/eil_fpo/3310
2754,SME,Polymac Thermoformers Limited,Packaging & Disposables,Oneview Corporate Advisors Private Limited (Formerly known as Guiness Corporate Advisors),Kolkata,7.7,2014-02-06,1970-01-01,,2014-02,2014,2,https://www.ipoplatform.com/ipo/polymac_thermoformers_ipo/2754
2753,SME,Unishire Urban Infra Limited,Real Estate,Inventure Merchant Banker Services Private Limited,Kolkata,6.43,2014-02-10,1970-01-01,,2014-02,2014,2,https://www.ipoplatform.com/ipo/unishire_urban_infra_ipo/2753
2752,SME,SIVI Shipping Corporation Limited,Engineering,Pantomath Capital Advisors Private Limited,Surat,6.86,2014-02-18,1970-01-01,,2014-02,2014,2,https://www.ipoplatform.com/ipo/sivi_shipping_ipo/2752
2751,SME,Sanco Industries Limited,Steel,Keynote Financial Services Limited,New Delhi,4.32,2014-02-24,1970-01-01,,2014-02,2014,2,https://www.ipoplatform.com/ipo/sanco_industries_ipo/2751
2750,SME,BC Power Controls Limited,Cables and Wires,Sarthi Capital Advisors Private Limited,New Delhi,10.37,2014-02-24,1970-01-01,,2014-02,2014,2,https://www.ipoplatform.com/ipo/bc_power_controls_ipo/2750
2749,SME,Karnimata Cold Storage Limited,Agro,Aryaman Financial Services Limited,Kolkata,3.04,2014-02-25,1970-01-01,,2014-02,2014,2,https://www.ipoplatform.com/ipo/karnimata_cold_storage_ipo/2749
2756,SME,Chemtech Industrial Valves Limited,Steel,Choice Capital Advisors Private Limited,Mumbai,7.43,2014-01-15,1970-01-01,,2014-01,2014,1,https://www.ipoplatform.com/ipo/chemtech_industrial_valves_ipo/2756
2755,SME,Agrimony Commodities Limited,Corporate Solutions,Unicon Capital Services Private Limited,Mumbai,3.02,2014-01-31,1970-01-01,,2014-01,2014,1,https://www.ipoplatform.com/ipo/agrimony_commodities_ipo/2755
3311,Main Board,Power Grid Corporation of India,Electric Equipments - Transformers,Citigroup Global Markets India Private Limited Citigroup Global Markets India Private Limited and ICICI Securities Limited and Kotak Mahindra Capital Company Limited and SBI Capital Markets Limited +,New Delhi,6958.64,2013-12-03,1970-01-01,,2013-12,2013,12,https://www.ipoplatform.com/ipo/power_grid_fpo/3311
2759,SME,Tentiwal Wire Products Limited,Cables and Wires,Hem Securities Limited,Mathura,2.12,2013-12-11,1970-01-01,,2013-12,2013,12,https://www.ipoplatform.com/ipo/tentiwal_wire_ipo/2759
2758,SME,RCI Industries & Technologies Limited,Cables and Wires,Sarthi Capital Advisors Private Limited,New Delhi,11.52,2013-12-30,1970-01-01,,2013-12,2013,12,https://www.ipoplatform.com/ipo/rci_industries_ipo/2758
2757,SME,Suyog Telematics Limited,Telecom,Aryaman Financial Services Limited,Mumbai,4.55,2013-12-30,1970-01-01,,2013-12,2013,12,https://www.ipoplatform.com/ipo/suyog_telematics_ipo/2757
2760,SME,Captain Polyplast Limited,Engineering,Hem Securities Limited,Rajkot,5.94,2013-11-26,1970-01-01,,2013-11,2013,11,https://www.ipoplatform.com/ipo/captain_polyplast_ipo/2760
2765,SME,VCU Data Management Limited,Advertising and Media,Monarch Networth Capital Limited,Mumbai,18.75,2013-10-04,1970-01-01,,2013-10,2013,10,https://www.ipoplatform.com/ipo/vcu_data_management_ipo/2765
2764,SME,SRG Securities Finance Limited,Banking and Finance,Aryaman Financial Services Limited,Udaipur,5.02,2013-10-07,1970-01-01,,2013-10,2013,10,https://www.ipoplatform.com/ipo/srg_securities_finance_ipo/2764
2763,SME,Amrapali Capital and Finance Services Limited,Banking and Finance,Corporate Strategic Allianz Limited,Silvassa,25.78,2013-10-15,1970-01-01,,2013-10,2013,10,https://www.ipoplatform.com/ipo/amrapali_capital_ipo/2763
2762,SME,Stellar Capital Services Limited,Banking and Finance,Aryaman Financial Services Limited,New Delhi,9.0,2013-10-15,1970-01-01,,2013-10,2013,10,https://www.ipoplatform.com/ipo/stellar_capital_services_ipo/2762
2761,SME,MITCON Consultancy & Engineering Services Limited,Corporate Solutions,Keynote Financial Services Limited Keynote Financial Services Limited and Idbi Capital Market Services Limited +,Pune,25.01,2013-10-15,1970-01-01,,2013-10,2013,10,https://www.ipoplatform.com/ipo/mitcon_consultancy_ipo/2761
2769,SME,Ace Tours Worldwide Limited,Travel and Tourism,Corporate Strategic Allianz Limited,Surat,8.0,2013-09-09,1970-01-01,,2013-09,2013,9,https://www.ipoplatform.com/ipo/ace_tours_worldwide_ipo/2769
2768,SME,Satkar Finlease Limited,Banking and Finance,Oneview Corporate Advisors Private Limited (Formerly known as Guiness Corporate Advisors),New Delhi,13.51,2013-09-25,1970-01-01,,2013-09,2013,9,https://www.ipoplatform.com/ipo/satkar_finlease_ipo/2768
2767,SME,Newever Trade Wings Limited,Steel - Iron,Inventure Merchant Banker Services Private Limited,Kolkata,6.32,2013-09-30,1970-01-01,,2013-09,2013,9,https://www.ipoplatform.com/ipo/newever_trade_wings_ipo/2767
2766,SME,Subh Tex India Limited,Textiles,Basan Financial Services Limited,Mumbai,3.5,2013-09-30,1970-01-01,,2013-09,2013,9,https://www.ipoplatform.com/ipo/subh_tex_india_ipo/2766
2783,SME,GCM Commodity & Derivatives Limited,Banking and Finance,Inventure Merchant Banker Services Private Limited,Kolkata,7.02,2013-08-01,1970-01-01,,2013-08,2013,8,https://www.ipoplatform.com/ipo/gcm_commodity_ipo/2783
2773,SME,Silverpoint Infratech Limited,Infrastructure,Inventure Merchant Banker Services Private Limited,Kolkata,12.0,2013-08-12,1970-01-01,,2013-08,2013,8,https://www.ipoplatform.com/ipo/silverpoint_infratech_ipo/2773
2772,SME,VKJ Infradevelopers Limited,Infrastructure,Inventure Merchant Banker Services Private Limited,New Delhi,12.75,2013-08-12,1970-01-01,,2013-08,2013,8,https://www.ipoplatform.com/ipo/VKJ_Infradevelopers_ipo/2772
2771,SME,Kushal Tradelink Limited,Retail,Aryaman Financial Services Limited,Ahmedabad,27.75,2013-08-14,1970-01-01,,2013-08,2013,8,https://www.ipoplatform.com/ipo/kushal_tradelink_ipo/2771
2770,SME,Tiger Logistics (India) Limited,Logistics,Sarthi Capital Advisors Private Limited,New Delhi,7.52,2013-08-27,1970-01-01,,2013-08,2013,8,https://www.ipoplatform.com/ipo/tiger_logistics_ipo/2770
2775,SME,Money Masters Leasing & Finance Limited,Banking and Finance,Sobhagya Capital Options Limited,Mumbai,2.0,2013-07-23,1970-01-01,,2013-07,2013,7,https://www.ipoplatform.com/ipo/money_masters_ipo/2775
2774,SME,Alacrity Securities Limited,Banking and Finance,Oneview Corporate Advisors Private Limited (Formerly known as Guiness Corporate Advisors),Mumbai,9.0,2013-07-29,1970-01-01,,2013-07,2013,7,https://www.ipoplatform.com/ipo/alacrity_securities_ipo/2774
2776,SME,Edynamics Solutions Limited,Retail,Oneview Corporate Advisors Private Limited (Formerly known as Guiness Corporate Advisors),New Delhi,15.6,2013-06-10,1970-01-01,,2013-06,2013,6,https://www.ipoplatform.com/ipo/edynamics_solutions_ipo/2776
3312,Main Board,Just Dial Limited,Online Service Provider,Citigroup Global Markets India Private Limited Citigroup Global Markets India Private Limited and Morgan Stanley India Company Private Limited +,Mumbai,919.14,2013-05-20,1970-01-01,,2013-05,2013,5,https://www.ipoplatform.com/ipo/just_dial_ipo/3312
2778,SME,Onesource Techmedia Limited,Advertising and Media,Oneview Corporate Advisors Private Limited (Formerly known as Guiness Corporate Advisors),Chennai,2.8,2013-05-17,1970-01-01,,2013-05,2013,5,https://www.ipoplatform.com/ipo/onesource_techmedia_ipo/2778
2777,SME,India Finsec Limited,Banking and Finance,Aryaman Financial Services Limited,New Delhi,6.0,2013-05-24,1970-01-01,,2013-05,2013,5,https://www.ipoplatform.com/ipo/India_finsec_ipo/2777
3313,Main Board,Repco Home Finance Limited,Banking and Finance,Dam Capital Advisors Limited (Formerly Idfc Securities Limited) Dam Capital Advisors Limited (Formerly Idfc Securities Limited) and Jm Financial Limited and SBI Capital Markets Limited +,Chennai,270.39,2013-03-13,1970-01-01,,2013-03,2013,3,https://www.ipoplatform.com/ipo/repco_home_finance_ipo/3313
2786,SME,HPC Biosciences Limited,Agro,Oneview Corporate Advisors Private Limited (Formerly known as Guiness Corporate Advisors),New Delhi,15.75,2013-03-01,1970-01-01,,2013-03,2013,3,https://www.ipoplatform.com/ipo/hpc_biosciences_ipo/2786
2785,SME,Bothra Metals and Alloys Limited,Aluminium,Sarthi Capital Advisors Private Limited,Mumbai,12.21,2013-03-12,1970-01-01,,2013-03,2013,3,https://www.ipoplatform.com/ipo/bothra_metals_and_alloys_ipo/2785
2784,SME,Lakhotia Polyesters (India) Limited,Plastic and Polymer,Intensive Fiscal Services Private Limited,Nashik,5.08,2013-03-19,1970-01-01,,2013-03,2013,3,https://www.ipoplatform.com/ipo/lakhotia_polyesters_ipo/2784
2782,SME,GCM Securities Limited,Banking and Finance,Inventure Merchant Banker Services Private Limited,Kolkata,12.18,2013-03-18,1970-01-01,,2013-03,2013,3,https://www.ipoplatform.com/ipo/gcm_securities_ipo/2782
2781,SME,Opal Luxury Time Products Limited,Home Decor,Idbi Capital Market Services Limited,Pune,13.0,2013-03-25,1970-01-01,,2013-03,2013,3,https://www.ipoplatform.com/ipo/opal_luxury_time_products_ipo/2781
2780,SME,Samruddhi Realty Limited,Real Estate,Hem Securities Limited,Bengaluru,2.6,2013-03-28,1970-01-01,,2013-03,2013,3,https://www.ipoplatform.com/ipo/samruddhi_realty_ipo/2780
2779,SME,Ashapura Intimates Fashion Limited,Textiles,Kjmc Corporate Advisors (India) Limited,Mumbai,21.0,2013-03-28,1970-01-01,,2013-03,2013,3,https://www.ipoplatform.com/ipo/ashapura_intimates_fashion_ipo/2779
2743,SME,GCM Capital Advisors Limited,Banking and Finance,Inventure Merchant Banker Services Private Limited,Mumbai,9.0,2013-03-18,1970-01-01,,2013-03,2013,3,https://www.ipoplatform.com/ipo/gcm_capital_advisors_ipo/2743
3314,Main Board,V-Mart Retail Limited,Retail - Supermarket,Anand Rathi Securities Limited,New Delhi,94.42,2013-02-01,1970-01-01,,2013-02,2013,2,https://www.ipoplatform.com/ipo/v_mart_retail_ipo/3314
2789,SME,Sunstar Realty Development Limited,Real Estate,Oneview Corporate Advisors Private Limited (Formerly known as Guiness Corporate Advisors),Mumbai,10.62,2013-02-18,1970-01-01,,2013-02,2013,2,https://www.ipoplatform.com/ipo/sunstar_realty_development_ipo/2789
2788,SME,Nibe Limited (Kavita Fabrics Limited),Textiles,Intensive Fiscal Services Private Limited,Surat,5.1,2013-02-20,1970-01-01,,2013-02,2013,2,https://www.ipoplatform.com/ipo/kavita_fabrics_ipo/2788
2787,SME,Channel Nine Entertainment Limited,Film and Animation - VFX,Oneview Corporate Advisors Private Limited (Formerly known as Guiness Corporate Advisors),New Delhi,11.67,2013-02-22,1970-01-01,,2013-02,2013,2,https://www.ipoplatform.com/ipo/channel_nine_entertainment_ipo/2787
2790,SME,Esteem Bio Organic Food Processing Limited,Agro - Food Products,Oneview Corporate Advisors Private Limited (Formerly known as Guiness Corporate Advisors),New Delhi,11.25,2013-01-18,1970-01-01,,2013-01,2013,1,https://www.ipoplatform.com/ipo/esteem_bio_ipo/2790
3317,Main Board,Credit Analysis & Research Limited,Banking and Finance,Idbi Capital Market Services Limited Idbi Capital Market Services Limited and Bofa Securities India Limited and Edelweiss Financial Services Limited and ICICI Securities Limited and SBI Capital Markets Limited +,Mumbai,539.98,2012-12-07,1970-01-01,,2012-12,2012,12,https://www.ipoplatform.com/ipo/care_ipo/3317
3316,Main Board,PC Jeweller Limited,Jewellery,Idbi Capital Market Services Limited Idbi Capital Market Services Limited and Kotak Mahindra Capital Company Limited and SBI Capital Markets Limited +,New Delhi,609.3,2012-12-10,1970-01-01,,2012-12,2012,12,https://www.ipoplatform.com/ipo/pc_jeweller_ipo/3316
3315,Main Board,Bharti Infratel Limited,Telecom,Axis Capital Limited Axis Capital Limited and Barclays Securities (India) Private Limited and Bofa Securities India Limited and Deutsche Equities India Private Limited and ICICI Securities Limited and J.P. Morgan India Private Limited and Kotak Mahindra Capital Company Limited and Standard Chartered Securities (India) Limited and Ubs Securities India Private Limited +,New Delhi,4155.8,2012-12-11,1970-01-01,,2012-12,2012,12,https://www.ipoplatform.com/ipo/bharti_infratel_ipo/3315
2804,SME,Veto Switchgears and Cables Limited,Cables and Wires,Keynote Financial Services Limited,Mumbai,25.0,2012-12-03,1970-01-01,,2012-12,2012,12,https://www.ipoplatform.com/ipo/veto_switchgears_ipo/2804
2791,SME,Eco Friendly Food Processing Park Limited,Agro - Plantation,Oneview Corporate Advisors Private Limited (Formerly known as Guiness Corporate Advisors),New Delhi,7.52,2012-12-27,1970-01-01,,2012-12,2012,12,https://www.ipoplatform.com/ipo/eco_friendly_food_ipo/2791
2792,SME,Bronze infra-tech Limited,Infrastructure,Inventure Merchant Banker Services Private Limited,Kolkata,8.56,2012-10-19,1970-01-01,,2012-10,2012,10,https://www.ipoplatform.com/ipo/bronze_infra_tech_ipo/2792
2796,SME,Thejo Engineering Limited,Engineering,Idbi Capital Market Services Limited,Chennai,19.0,2012-09-04,1970-01-01,,2012-09,2012,9,https://www.ipoplatform.com/ipo/thejo_engineering_ipo/2796
2795,SME,Comfort Commotrade Limited,Agro,Vc Corporate Advisors Private Limited (Vcapl),Mumbai,6.0,2012-09-05,1970-01-01,,2012-09,2012,9,https://www.ipoplatform.com/ipo/comfort_commotrade_ipo/2795
2794,SME,Anshu's Clothing Limited,Textiles,First Call India Equity Advisors Private Limited,Ahmedabad,5.05,2012-09-26,1970-01-01,,2012-09,2012,9,https://www.ipoplatform.com/ipo/anshus_clothing_ipo/2794
2793,SME,RCL Retail Limited,FMCG - Snacks and Beverages,Oneview Corporate Advisors Private Limited (Formerly known as Guiness Corporate Advisors),Chennai,5.8,2012-09-27,1970-01-01,,2012-09,2012,9,https://www.ipoplatform.com/ipo/rcl_retail_ipo/2793
2798,SME,Jointeca Education Solutions Limited,Information Technology - SaaS,Ajcon Global Services Limited,Mathura,5.35,2012-08-16,1970-01-01,,2012-08,2012,8,https://www.ipoplatform.com/ipo/jointeca_education_ipo/2798
2797,SME,SRG Housing Finance Limited,Banking and Finance,Aryaman Financial Services Limited,Udaipur,7.01,2012-08-22,1970-01-01,,2012-08,2012,8,https://www.ipoplatform.com/ipo/srg_housing_finance_ipo/2797
2800,SME,Sangam Advisors Limited,Banking and Finance,Aryaman Financial Services Limited,Mumbai,5.07,2012-07-24,1970-01-01,,2012-07,2012,7,https://www.ipoplatform.com/ipo/sangam_advisors_ipo/2800
2799,SME,Jupiter Infomedia Limited,Advertising and Media,Aryaman Financial Services Limited,Mumbai,4.08,2012-07-30,1970-01-01,,2012-07,2012,7,https://www.ipoplatform.com/ipo/jupiter_infomedia_ipo/2799
2801,SME,Max Alert Systems Limited,Telecom,Comfort Securities Private Limited,Mumbai,8.0,2012-06-28,1970-01-01,,2012-06,2012,6,https://www.ipoplatform.com/ipo/max_alert_systems_ipo/2801
3318,Main Board,Speciality Restaurants Limited,Hotels and Resorts,Kotak Mahindra Capital Company Limited,Kolkata,176.09,2012-05-16,1970-01-01,,2012-05,2012,5,https://www.ipoplatform.com/ipo/speciality_restaurants_ipo/3318
2802,SME,Monarch Health Services Limited,Healthcare - Personal Care,Monarch Networth Capital Limited,Mumbai,12.0,2012-05-12,1970-01-01,,2012-05,2012,5,https://www.ipoplatform.com/ipo/monarch_health_services_ipo/2802
3319,Main Board,Tribhovandas Bhimji Zaveri Limited,Jewellery,Avendus Capital Private Limited Avendus Capital Private Limited and Dam Capital Advisors Limited (Formerly Idfc Securities Limited) +,Mumbai,200.0,2012-04-24,1970-01-01,,2012-04,2012,4,https://www.ipoplatform.com/ipo/bhimji_zaveri_ipo/3319
3322,Main Board,Olympic Cards Limited,Corporate Solutions,Ashika Capital Limited,Chennai,25.0,2012-03-09,1970-01-01,,2012-03,2012,3,https://www.ipoplatform.com/ipo/olympic_cards_ipo/3322
3321,Main Board,National Buildings Construction Corporation Limited,Infrastructure,Idbi Capital Market Services Limited Idbi Capital Market Services Limited and Axis Capital Limited +,New Delhi,127.2,2012-03-22,,,2012-03,2012,3,https://www.ipoplatform.com/ipo/nbcc_ipo/3321
3320,Main Board,MT Educare Limited,Education,Axis Capital Limited,Mumbai,99.0,2012-03-27,1970-01-01,,2012-03,2012,3,https://www.ipoplatform.com/ipo/mt_educare_ipo/3320
3323,Main Board,Multi Commodity Exchange of India Limited,Banking and Finance,Citigroup Global Markets India Private Limited Citigroup Global Markets India Private Limited and Edelweiss Financial Services Limited and Morgan Stanley India Company Private Limited +,Mumbai,663.31,2012-02-22,1970-01-01,,2012-02,2012,2,https://www.ipoplatform.com/ipo/mcx_ipo/3323
2803,SME,BCB Finance Limited,Banking and Finance,Aryaman Financial Services Limited,Mumbai,8.85,2012-02-23,1970-01-01,,2012-02,2012,2,https://www.ipoplatform.com/ipo/bcb_finance_ipo/2803
3331,Main Board,PG Electroplast Limited,Electric Equipments - OEM,Almondz Global Securities Limited,New Delhi,120.65,2011-09-07,,,2011-09,2011,9,https://www.ipoplatform.com/ipo/pg_electroplast_ipo/3331
3330,Main Board,Prakash Constrowell Limited,Infrastructure,Intensive Fiscal Services Private Limited,Nasik,60.0,2011-09-19,1970-01-01,,2011-09,2011,9,https://www.ipoplatform.com/ipo/prakash_constrowell_ipo/3330
3329,Main Board,RDB Rasayans Limited,Packaging & Disposables,Chartered Capital And Investment Limited,Kolkata,35.55,2011-09-21,1970-01-01,,2011-09,2011,9,https://www.ipoplatform.com/ipo/rdb_rasayans_ipo/3329
3328,Main Board,Tijaria Polypipes Limited,Plastic and Polymer,,Jaipur,60.0,2011-09-27,1970-01-01,,2011-09,2011,9,https://www.ipoplatform.com/ipo/tijaria_polypipes_ipo/3328
3327,Main Board,Onelife Capital Advisors Limited,Banking and Finance,Atherstone Capital Markets Limited,Mumbai,36.85,2011-09-28,1970-01-01,,2011-09,2011,9,https://www.ipoplatform.com/ipo/onelife_capital_ipo/3327
3326,Main Board,Flexituff International Limited,Packaging & Disposables,Collins Stewart Inga Private Limited,Kolkata,104.63,2011-09-29,1970-01-01,,2011-09,2011,9,https://www.ipoplatform.com/ipo/flexituff_ipo/3326
3325,Main Board,MandB Switchgears Limited,Electric Equipments - Transformers,D&A Financial Services Private Limited,Indore,93.0,2011-09-28,,,2011-09,2011,9,https://www.ipoplatform.com/ipo/m_and_b_switchgears_ipo/3325
3324,Main Board,Indo Thai Securities Limited,Banking and Finance,Corporate Strategic Allianz Limited,Indore,29.6,2011-09-30,1970-01-01,,2011-09,2011,9,https://www.ipoplatform.com/ipo/indo_thai_securities_ipo/3324
3335,Main Board,Tree House Education & Accessories Limited,Education,Jm Financial Limited Jm Financial Limited and Motilal Oswal Investment Advisors Limited +,Mumbai,113.83,2011-08-10,1970-01-01,,2011-08,2011,8,https://www.ipoplatform.com/ipo/tree_house_ipo/3335
3334,Main Board,Brooks Laboratories Limited,Pharmaceutical,D&A Financial Services Private Limited,Mohali,63.0,2011-08-16,1970-01-01,,2011-08,2011,8,https://www.ipoplatform.com/ipo/brooks_labs_ipo/3334
3333,Main Board,TD Power Systems Limited,Electric Equipments,Antique Capital Markets Private Limited Antique Capital Markets Private Limited and Axis Capital Limited +,Bengaluru,227.0,2011-08-24,,,2011-08,2011,8,https://www.ipoplatform.com/ipo/td_power_ipo/3333
3338,Main Board,Bharatiya Global Infomedia Limited,Information Technology  - Data Solutions,Almondz Global Securities Limited,New Delhi,55.1,2011-07-11,1970-01-01,,2011-07,2011,7,https://www.ipoplatform.com/ipo/bharatiya_global_infomedia_ipo/3338
3337,Main Board,Inventure Growth & Securities Limited,Banking and Finance,Intensive Fiscal Services Private Limited,Mumbai,81.9,2011-07-20,,,2011-07,2011,7,https://www.ipoplatform.com/ipo/inventure_securities_ipo/3337
3336,Main Board,L&T Finance Holdings Limited,Banking and Finance,Citigroup Global Markets India Private Limited Citigroup Global Markets India Private Limited and Hsbc Securities & Capital Markets Private limited and Jm Financial Limited +,Mumbai,1245.0,2011-07-27,1970-01-01,,2011-07,2011,7,https://www.ipoplatform.com/ipo/l_t_finance_ipo/3336
3340,Main Board,Rushil Decor Limited,Furniture,Corporate Strategic Allianz Limited Corporate Strategic Allianz Limited and Indbank Merchant Banking Services Limited +,Mumbai,40.64,2011-06-20,,,2011-06,2011,6,https://www.ipoplatform.com/ipo/rushil_decor_ipo/3340
3339,Main Board,Readymade Steel India Limited,Steel,Arihant Capital Markets Limited,Mumbai,34.75,2011-06-27,1970-01-01,,2011-06,2011,6,https://www.ipoplatform.com/ipo/readymade_steel_india_ipo/3339
3343,Main Board,Sanghvi Forging & Engineering Limited,Automobile - Forging and Casting,Arihant Capital Markets Limited,Waghodia,36.9,2011-05-04,,,2011-05,2011,5,https://www.ipoplatform.com/ipo/sanghvi_forging_ipo/3343
3342,Main Board,Power Finance Corporation Limited (FPO),Banking and Finance,Bofa Securities India Limited Bofa Securities India Limited and Goldman Sachs (India) Securities Private Limited and ICICI Securities Limited and Jm Financial Limited +,New Delhi,4578.2,2011-05-10,1970-01-01,,2011-05,2011,5,https://www.ipoplatform.com/ipo/power_finance_fpo/3342
3341,Main Board,VMS Industries Limited,Banking and Finance,Ashika Capital Limited,Bhavnagar,25.75,2011-05-30,1970-01-01,,2011-05,2011,5,https://www.ipoplatform.com/ipo/vms_industries_ipo/3341
3344,Main Board,Muthoot Finance Limited,Banking and Finance,Hdfc Bank Limited Hdfc Bank Limited and ICICI Securities Limited and Kotak Mahindra Capital Company Limited +,Kochi,901.25,2011-04-18,1970-01-01,,2011-04,2011,4,https://www.ipoplatform.com/ipo/muthoot_ipo/3344
3332,Main Board,Vaswani Industries Limited,Steel - Iron,Ashika Capital Limited,Raipur,49.0,2011-04-29,1970-01-01,,2011-04,2011,4,https://www.ipoplatform.com/ipo/vaswani_ipo/3332
3346,Main Board,Lovable Lingeries Limited,Textiles,Anand Rathi Securities Limited,Mumbai,93.28,2011-03-08,1970-01-01,,2011-03,2011,3,https://www.ipoplatform.com/ipo/lovable_lingeries_ipo/3346
3345,Main Board,PTC India Financial Services Limited,Banking and Finance,Almondz Global Securities Limited Almondz Global Securities Limited and ICICI Securities Limited and Jm Financial Limited and SBI Capital Markets Limited +,New Delhi,438.76,2011-03-16,1970-01-01,,2011-03,2011,3,https://www.ipoplatform.com/ipo/ptc_india_ipo/3345
3347,Main Board,Fineotex Chemical Limited,Chemical - Speciality,Indbank Merchant Banking Services Limited,Mumbai,29.48,2011-02-23,1970-01-01,,2011-02,2011,2,https://www.ipoplatform.com/ipo/fineotex_ipo/3347
3349,Main Board,Tata Steel Limited,Steel,Citigroup Global Markets India Private Limited Citigroup Global Markets India Private Limited and Deutsche Equities India Private Limited and Hsbc Securities & Capital Markets Private limited and Kotak Mahindra Capital Company Limited and Standard Chartered Securities (India) Limited +,Mumbai,3477.0,2011-01-19,,,2011-01,2011,1,https://www.ipoplatform.com/ipo/tata_steel_fpo/3349
3348,Main Board,Omkar Speciality Chemicals Limited,Chemical - Speciality,Almondz Global Securities Limited,Mumbai,79.38,2011-01-24,1970-01-01,,2011-01,2011,1,https://www.ipoplatform.com/ipo/omkar_speciality_ipo/3348
3353,Main Board,A2Z Maintenance & Engineering Services Limited,Engineering - EPC,Axis Capital Limited Axis Capital Limited and Bofa Securities India Limited and Dam Capital Advisors Limited (Formerly Idfc Securities Limited) and ICICI Securities Limited +,New Delhi,675.0,2010-12-08,1970-01-01,,2010-12,2010,12,https://www.ipoplatform.com/ipo/a2z_maintenance_ipo/3353
3352,Main Board,Ravi Kumar Distilleries Limited,Liquor and Distilleries,Comfort Securities Private Limited,Chennai,73.6,2010-12-08,1970-01-01,,2010-12,2010,12,https://www.ipoplatform.com/ipo/ravikumar_distilleries_ipo/3352
3351,Main Board,Punjab & Sind Bank,Banking and Finance,Axis Capital Limited Axis Capital Limited and ICICI Securities Limited and SBI Capital Markets Limited +,New Delhi,470.82,2010-12-13,1970-01-01,,2010-12,2010,12,https://www.ipoplatform.com/ipo/punjab_sind_bank_ipo/3351
3350,Main Board,Shekhawati Poly-Yarn Limited,Textiles,,Mumbai,36.0,2010-12-27,,,2010-12,2010,12,https://www.ipoplatform.com/ipo/shekhawati_ipo/3350
3358,Main Board,Gravita India Limited,Metal,Keynote Financial Services Limited,Jaipur,45.0,2010-11-01,1970-01-01,,2010-11,2010,11,https://www.ipoplatform.com/ipo/gravita_ipo/3358
3356,Main Board,RPP Infra Projects Limited,Infrastructure,Vc Corporate Advisors Private Limited (Vcapl),Erode,48.75,2010-11-18,1970-01-01,,2010-11,2010,11,https://www.ipoplatform.com/ipo/rpp_infra_ipo/3356
3355,Main Board,MOIL Limited,Minerals,Idbi Capital Market Services Limited Idbi Capital Market Services Limited and Edelweiss Financial Services Limited and J.P. Morgan India Private Limited +,Nagpur,1237.51,2010-11-26,1970-01-01,,2010-11,2010,11,https://www.ipoplatform.com/ipo/moil_ipo/3355
3354,Main Board,Shipping Corporation of India Limited,Logistics,Dam Capital Advisors Limited (Formerly Idfc Securities Limited) Dam Capital Advisors Limited (Formerly Idfc Securities Limited) and ICICI Securities Limited and SBI Capital Markets Limited +,Mumbai,1164.73,2010-11-30,1970-01-01,,2010-11,2010,11,https://www.ipoplatform.com/ipo/shipping_corporation_fpo/3354
3362,Main Board,Oberoi Realty Limited,Real Estate,Axis Capital Limited Axis Capital Limited and J.P. Morgan India Private Limited and Kotak Mahindra Capital Company Limited and Morgan Stanley India Company Private Limited +,Mumbai,1028.61,2010-10-06,1970-01-01,,2010-10,2010,10,https://www.ipoplatform.com/ipo/oberoi_realty_ipo/3362
3361,Main Board,Prestige Estates Projects Limited,Real Estate,Axis Capital Limited Axis Capital Limited and J.P. Morgan India Private Limited and Kotak Mahindra Capital Company Limited and Ubs Securities India Private Limited +,Bengaluru,1200.0,2010-10-12,1970-01-01,,2010-10,2010,10,https://www.ipoplatform.com/ipo/prestige_estates_ipo/3361
3360,Main Board,Gyscoal Alloys Limited,Steel - Iron,Chartered Capital And Investment Limited,Ahmedabad,54.67,2010-10-13,,,2010-10,2010,10,https://www.ipoplatform.com/ipo/gyscoal_alloys_ipo/3360
3359,Main Board,Coal India Limited,Minerals,Axis Capital Limited Axis Capital Limited and Bofa Securities India Limited and Citigroup Global Markets India Private Limited and Deutsche Equities India Private Limited +,Kolkata,15199.44,2010-10-18,1970-01-01,,2010-10,2010,10,https://www.ipoplatform.com/ipo/coal_india_ipo/3359
4159,Main Board,Electrosteel Integrated Limited,Steel - Iron,Axis Capital Limited Axis Capital Limited and Edelweiss Financial Services Limited and SBI Capital Markets Limited +,Ranchi,248.07,2010-09-21,,,2010-09,2010,9,https://www.ipoplatform.com/ipo/Electrosteel-Integrated-ipo/4159
3375,Main Board,Tirupati Inks Limited,Packaging & Disposables,Ashika Capital Limited,New Delhi,51.5,2010-09-14,,,2010-09,2010,9,https://www.ipoplatform.com/ipo/tirupati_inks_fpo/3375
3374,Main Board,Microsec Financial Services Limited,Banking and Finance,SBI Capital Markets Limited,Kolkata,147.5,2010-09-17,1970-01-01,,2010-09,2010,9,https://www.ipoplatform.com/ipo/microsec_financial_ipo/3374
3373,Main Board,Eros International Media Limited,Advertising and Media,Axis Capital Limited Axis Capital Limited and Kotak Mahindra Capital Company Limited and Morgan Stanley India Company Private Limited +,Mumbai,350.0,2010-09-17,1970-01-01,,2010-09,2010,9,https://www.ipoplatform.com/ipo/eros_ipo/3373
3372,Main Board,Career Point Infosystems Limited,Education,Centrum Capital Limited Centrum Capital Limited and Jm Financial Limited +,Kota,115.0,2010-09-16,1970-01-01,,2010-09,2010,9,https://www.ipoplatform.com/ipo/career_point_ipo/3372
3371,Main Board,Ramky Infrastructure Limited,Infrastructure,Axis Capital Limited Axis Capital Limited and Deutsche Equities India Private Limited +,Hyderabad,530.0,2010-09-21,1970-01-01,,2010-09,2010,9,https://www.ipoplatform.com/ipo/ramky_infra_ipo/3371
3370,Main Board,Orient Green Power Company Limited,Power and Energy - Bio,Axis Bank Limited Axis Bank Limited and Goldman Sachs (India) Securities Private Limited and Jm Financial Limited and Ubs Securities India Private Limited +,Chennai,900.0,2010-09-21,1970-01-01,,2010-09,2010,9,https://www.ipoplatform.com/ipo/orient_green_ipo/3370
3369,Main Board,Gallantt Ispat Limited,Steel - Iron,Anand Rathi Securities Limited,Kolkata,40.5,2010-09-22,,,2010-09,2010,9,https://www.ipoplatform.com/ipo/gallantt_ispat_ipo/3369
3368,Main Board,Cantabil Retail India Limited,Textiles,Spa Capital Advisors Limited,New Delhi,105.0,2010-09-22,,,2010-09,2010,9,https://www.ipoplatform.com/ipo/cantabil_ipo/3368
3367,Main Board,VA Tech Wabag Limited,ESG - Waste,Axis Capital Limited Axis Capital Limited and Dam Capital Advisors Limited (Formerly Idfc Securities Limited) +,Chennai,125.0,2010-09-22,1970-01-01,,2010-09,2010,9,https://www.ipoplatform.com/ipo/va_tech_ipo/3367
3366,Main Board,Ashoka Buildcon Limited,Infrastructure,Axis Capital Limited Axis Capital Limited and Dam Capital Advisors Limited (Formerly Idfc Securities Limited) and Motilal Oswal Investment Advisors Limited +,Nashik,225.0,2010-09-24,1970-01-01,,2010-09,2010,9,https://www.ipoplatform.com/ipo/ashoka_ipo/3366
3365,Main Board,Sea TV Network Limited,Electric Equipments,Chartered Capital And Investment Limited,Agra,50.2,2010-09-27,1970-01-01,,2010-09,2010,9,https://www.ipoplatform.com/ipo/sea_tv_network_ipo/3365
3364,Main Board,Bedmutha Industries Limited,Cables and Wires,Keynote Financial Services Limited Keynote Financial Services Limited and Ashika Capital Limited +,Nashik,91.8,2010-09-28,1970-01-01,,2010-09,2010,9,https://www.ipoplatform.com/ipo/bedmutha_ipo/3364
3363,Main Board,Commercial Engineers & Body Builders Co Limited,Automobile,Edelweiss Financial Services Limited Edelweiss Financial Services Limited and ICICI Securities Limited +,Kanpur,153.0,2010-09-30,1970-01-01,,2010-09,2010,9,https://www.ipoplatform.com/ipo/commercial_engineers_ipo/3363
3379,Main Board,Bajaj Corp Limited,FMCG,Kotak Mahindra Capital Company Limited,Mumbai,297.0,2010-08-02,1970-01-01,,2010-08,2010,8,https://www.ipoplatform.com/ipo/bajaj_corp_ipo/3379
3378,Main Board,Prakash Steelage Limited,Steel - Tubes and Pipes,Keynote Financial Services Limited,Mumbai,68.75,2010-08-05,1970-01-01,,2010-08,2010,8,https://www.ipoplatform.com/ipo/prakash_steelage_ipo/3378
3377,Main Board,Gujarat Pipavav Port Limited (GPPL),Logistics,Dam Capital Advisors Limited (Formerly Idfc Securities Limited) Dam Capital Advisors Limited (Formerly Idfc Securities Limited) and Kotak Mahindra Capital Company Limited +,Amreli,500.0,2010-08-23,1970-01-01,,2010-08,2010,8,https://www.ipoplatform.com/ipo/gujarat_pipavav_ipo/3377
3381,Main Board,Hindustan Media Ventures Limited,Advertising and Media,Edelweiss Financial Services Limited Edelweiss Financial Services Limited and Kotak Mahindra Capital Company Limited +,Patna,270.0,2010-07-05,1970-01-01,,2010-07,2010,7,https://www.ipoplatform.com/ipo/hindustan_media_ipo/3381
3380,Main Board,Engineers India Limited,Engineering - EPC,Dam Capital Advisors Limited (Formerly Idfc Securities Limited) Dam Capital Advisors Limited (Formerly Idfc Securities Limited) and Hsbc Securities & Capital Markets Private limited and ICICI Securities Limited and SBI Capital Markets Limited +,New Delhi,959.65,2010-07-27,1970-01-01,,2010-07,2010,7,https://www.ipoplatform.com/ipo/engineers_india_fpo/3380
3382,Main Board,Parabolic Drugs Limited,Pharmaceutical,Spa Capital Advisors Limited Spa Capital Advisors Limited and ICICI Securities Limited +,Chandigarh,200.0,2010-06-14,,,2010-06,2010,6,https://www.ipoplatform.com/ipo/parabolic_drugs_ipo/3382
3383,Main Board,Standard Chartered PLC IDR,Banking and Finance,Bofa Securities India Limited Bofa Securities India Limited and Goldman Sachs (India) Securities Private Limited and Jm Financial Limited and Kotak Mahindra Capital Company Limited +,Mumbai,2486.35,2010-05-25,,,2010-05,2010,5,https://www.ipoplatform.com/ipo/standard_chartered_idr/3383
3387,Main Board,Talwalkars Better value Fitness Limited,Healthcare - Personal Care,IIFL Securities Limited,Mumbai,77.44,2010-04-21,,,2010-04,2010,4,https://www.ipoplatform.com/ipo/talwalkars_ipo/3387
3386,Main Board,Tarapur Transformers Limited,Electric Equipments - Transformers,Comfort Securities Limited,Mumbai,63.75,2010-04-26,1970-01-01,,2010-04,2010,4,https://www.ipoplatform.com/ipo/tarapur_transformers_ipo/3386
3385,Main Board,SJVN Limited (Satluj Jal Vidyut Nigam Limited),Power and Energy - Hydro,Idbi Capital Market Services Limited Idbi Capital Market Services Limited and Dam Capital Advisors Limited (Formerly Idfc Securities Limited) and Jm Financial Limited and SBI Capital Markets Limited +,Shimla,1062.74,2010-04-29,1970-01-01,,2010-04,2010,4,https://www.ipoplatform.com/ipo/sjvn_ipo/3385
3384,Main Board,Jaypee Infratech Limited,Infrastructure,Axis Bank Limited Axis Bank Limited and Axis Capital Limited and Bofa Securities India Limited and ICICI Securities Limited +,New Delhi,1650.0,2010-04-29,,,2010-04,2010,4,https://www.ipoplatform.com/ipo/jaypee_infratech_ipo/3384
3394,Main Board,DQ Entertainment (International) Limited,Film and Animation - VFX,SBI Capital Markets Limited,Hyderabad,128.16,2010-03-08,,,2010-03,2010,3,https://www.ipoplatform.com/ipo/dq_entertainment_ipo/3394
3393,Main Board,IL&FS Transportation Networks Limited,Infrastructure,Axis Capital Limited Axis Capital Limited and Hsbc Securities & Capital Markets Private limited and Jm Financial Limited and Nomura Financial Advisory And Securities (India) Private Limited +,Mumbai,700.0,2010-03-11,1970-01-01,,2010-03,2010,3,https://www.ipoplatform.com/ipo/ilfs_transportation_ipo/3393
3392,Main Board,NMDC Limited,Minerals,Citigroup Global Markets India Private Limited Citigroup Global Markets India Private Limited and Edelweiss Financial Services Limited and Kotak Mahindra Capital Company Limited and Morgan Stanley India Company Private Limited +,Hyderabad,9930.45,2010-03-10,1970-01-01,,2010-03,2010,3,https://www.ipoplatform.com/ipo/nmdc_ipo/3392
3391,Main Board,Pradip Overseas Limited,Home Decor,Anand Rathi Securities Limited,Ahmedabad,116.6,2010-03-11,,,2010-03,2010,3,https://www.ipoplatform.com/ipo/pradip_overseas_ipo/3391
3390,Main Board,Persistent Systems Limited,Information Technology,Axis Capital Limited Axis Capital Limited and J.P. Morgan India Private Limited +,Pune,168.01,2010-03-17,,,2010-03,2010,3,https://www.ipoplatform.com/ipo/persistent_systems_ipo/3390
3389,Main Board,Intrasoft Technologies Limited,Online Service Provider,Anand Rathi Securities Limited Anand Rathi Securities Limited and Collins Stewart Inga Private Limited +,Kolkata,53.65,2010-03-23,1970-01-01,,2010-03,2010,3,https://www.ipoplatform.com/ipo/intrasoft_ipo/3389
3388,Main Board,Goenka Diamond & Jewels Limited,Jewellery,SBI Capital Markets Limited,Jaipur,126.51,2010-03-23,1970-01-01,,2010-03,2010,3,https://www.ipoplatform.com/ipo/goenka_ipo/3388
3403,Main Board,Emmbi Polyarns Limited,Plastic and Polymer,Keynote Financial Services Limited,Mumbai,38.96,2010-02-01,1970-01-01,,2010-02,2010,2,https://www.ipoplatform.com/ipo/emmbi_polyarns_ipo/3403
3401,Main Board,Hathway Cable & Datacom Limited,Telecom,Kotak Mahindra Capital Company Limited Kotak Mahindra Capital Company Limited and Morgan Stanley India Company Private Limited and Ubs Securities India Private Limited +,Mumbai,666.0,2010-02-09,1970-01-01,,2010-02,2010,2,https://www.ipoplatform.com/ipo/hathway_cable_ipo/3401
3400,Main Board,ARSS Infrastructure Projects Limited,Infrastructure,Idbi Capital Market Services Limited Idbi Capital Market Services Limited and SBI Capital Markets Limited +,Bhubaneswar,103.0,2010-02-08,1970-01-01,,2010-02,2010,2,https://www.ipoplatform.com/ipo/arss_infra_ipo/3400
3398,Main Board,Texmo Pipes & Products Limited,Plastic and Polymer,Almondz Global Securities Limited,Burhanpur,45.0,2010-02-16,1970-01-01,,2010-02,2010,2,https://www.ipoplatform.com/ipo/texmo_ipo/3398
3397,Main Board,Man Infraconstruction Limited,Infrastructure,Dam Capital Advisors Limited (Formerly Idfc Securities Limited) Dam Capital Advisors Limited (Formerly Idfc Securities Limited) and Edelweiss Financial Services Limited +,Mumbai,141.75,2010-02-18,1970-01-01,,2010-02,2010,2,https://www.ipoplatform.com/ipo/man_infraconstruction_ipo/3397
3396,Main Board,NTPC Limited,Power and Energy,Citigroup Global Markets India Private Limited Citigroup Global Markets India Private Limited and ICICI Securities Limited and J.P. Morgan India Private Limited and Kotak Mahindra Capital Company Limited +,New Delhi,8480.1,2010-02-03,1970-01-01,,2010-02,2010,2,https://www.ipoplatform.com/ipo/ntpc_fpo/3396
3395,Main Board,United Bank of India,Banking and Finance,Axis Capital Limited Axis Capital Limited and Edelweiss Financial Services Limited and SBI Capital Markets Limited +,Kolkata,324.98,2010-02-23,,,2010-02,2010,2,https://www.ipoplatform.com/ipo/united_bank_of_india_ipo/3395
3408,Main Board,Birla Shloka Edutech Limited,Education - Edtech,Ashika Capital Limited,Mumbai,24.78,2010-01-11,,,2010-01,2010,1,https://www.ipoplatform.com/ipo/birla_shloka_fpo/3408
3407,Main Board,Jubilant Foodworks Limited,FMCG,Kotak Mahindra Capital Company Limited,New Delhi,328.72,2010-01-18,,,2010-01,2010,1,https://www.ipoplatform.com/ipo/jubilant_foodworks_ipo/3407
3406,Main Board,Syncom Healthcare Limited,Healthcare,Chartered Capital And Investment Limited,Mumbai,56.25,2010-01-27,,,2010-01,2010,1,https://www.ipoplatform.com/ipo/syncom_healthcare_ipo/3406
3405,Main Board,Vascon Engineers Limited,Real Estate,Axis Capital Limited Axis Capital Limited and Kotak Mahindra Capital Company Limited +,Mumbai,178.2,2010-01-27,1970-01-01,,2010-01,2010,1,https://www.ipoplatform.com/ipo/vascon_engineers_ipo/3405
3404,Main Board,Thangamayil Jewellery Limited,Jewellery,Keynote Financial Services Limited,Chennai,28.76,2010-01-27,1970-01-01,,2010-01,2010,1,https://www.ipoplatform.com/ipo/thangamayil_ipo/3404
3402,Main Board,DB Realty Limited,Real Estate,Axis Capital Limited Axis Capital Limited and Kotak Mahindra Capital Company Limited +,Mumbai,1500.0,2010-01-29,1970-01-01,,2010-01,2010,1,https://www.ipoplatform.com/ipo/db_realty_ipo/3402
3412,Main Board,JSW Energy Limited,Power and Energy,Idbi Capital Market Services Limited Idbi Capital Market Services Limited and Dam Capital Advisors Limited (Formerly Idfc Securities Limited) and ICICI Securities Limited and J.P. Morgan India Private Limited and Morgan Stanley India Company Private Limited and SBI Capital Markets Limited +,Mumbai,2700.0,2009-12-07,1970-01-01,,2009-12,2009,12,https://www.ipoplatform.com/ipo/jsw_energy_ipo/3412
3411,Main Board,Godrej Properties Limited,Real Estate,Dam Capital Advisors Limited (Formerly Idfc Securities Limited) Dam Capital Advisors Limited (Formerly Idfc Securities Limited) and ICICI Securities Limited and Kotak Mahindra Capital Company Limited and Nomura Financial Advisory And Securities (India) Private Limited +,Mumbai,468.85,2009-12-09,1970-01-01,,2009-12,2009,12,https://www.ipoplatform.com/ipo/godrej_properties_ipo/3411
3410,Main Board,DB Corp Limited,Advertising and Media,Axis Capital Limited Axis Capital Limited and Citigroup Global Markets India Private Limited and Kotak Mahindra Capital Company Limited +,Ahmedabad,384.22,2009-12-11,1970-01-01,,2009-12,2009,12,https://www.ipoplatform.com/ipo/d_b_corp_ipo/3410
3413,Main Board,Cox and Kings (India) Limited,Travel and Tourism,IIFL Securities Limited,Mumbai,610.39,2009-11-18,,,2009-11,2009,11,https://www.ipoplatform.com/ipo/cox_and_kings_ipo/3413
3409,Main Board,MBL Infrastructures Limited,Infrastructure,Motilal Oswal Investment Advisors Limited,Kolkata,102.6,2009-11-27,1970-01-01,,2009-11,2009,11,https://www.ipoplatform.com/ipo/mbl_infra_ipo/3409
3416,Main Board,Indiabulls Power Limited,Power and Energy,Morgan Stanley India Company Private Limited,New Delhi,1529.1,2009-10-12,1970-01-01,,2009-10,2009,10,https://www.ipoplatform.com/ipo/indiabulls_power_ipo/3416
3415,Main Board,Den Networks Limited,Cables and Wires,Antique Capital Markets Private Limited Antique Capital Markets Private Limited and Deutsche Equities India Private Limited +,New Delhi,364.46,2009-10-28,1970-01-01,,2009-10,2009,10,https://www.ipoplatform.com/ipo/den_networks_ipo/3415
3414,Main Board,Astec LifeSciences Limited,Chemical - Speciality,Idbi Capital Market Services Limited Idbi Capital Market Services Limited and Almondz Global Securities Limited +,Mumbai,61.5,2009-10-29,1970-01-01,,2009-10,2009,10,https://www.ipoplatform.com/ipo/astec_ipo/3414
3419,Main Board,Oil India Limited,Oil and Gas,Citigroup Global Markets India Private Limited Citigroup Global Markets India Private Limited and Hsbc Securities & Capital Markets Private limited and Jm Financial Limited and Morgan Stanley India Company Private Limited +,Dibrugarh,2777.25,2009-09-07,1970-01-01,,2009-09,2009,9,https://www.ipoplatform.com/ipo/oil_india_ipo/3419
3418,Main Board,Euro Multivision Limited,Electric Equipments,Anand Rathi Securities Limited,Mumbai,66.0,2009-09-22,,,2009-09,2009,9,https://www.ipoplatform.com/ipo/euro_multivision_ipo/3418
3417,Main Board,Thinksoft Global Services Limited,Banking and Finance,Chartered Capital And Investment Limited Chartered Capital And Investment Limited and Karvy Investor Services Limited +,Chennai,45.58,2009-09-22,1970-01-01,,2009-09,2009,9,https://www.ipoplatform.com/ipo/thinksoft_ipo/3417
3422,Main Board,NHPC Limited,Power and Energy - Hydro,Axis Capital Limited Axis Capital Limited and Kotak Mahindra Capital Company Limited and SBI Capital Markets Limited +,Faridabad,6038.55,2009-08-07,1970-01-01,,2009-08,2009,8,https://www.ipoplatform.com/ipo/nhpc_ipo/3422
3421,Main Board,Jindal Cotex Limited,Textiles,Saffron Capital Advisors Private Limited,Ludhiana,84.38,2009-08-27,,,2009-08,2009,8,https://www.ipoplatform.com/ipo/jindal_cotex_ipo/3421
3420,Main Board,Globus Spirits Limited,FMCG - Snacks and Beverages,Srei Capital Markets Limited,New Delhi,75.0,2009-08-31,1970-01-01,,2009-08,2009,8,https://www.ipoplatform.com/ipo/globus_spirits_ipo/3420
3425,Main Board,Excel Infoways Limited,Corporate Solutions,Chartered Capital And Investment Limited,Mumbai,48.17,2009-07-14,,,2009-07,2009,7,https://www.ipoplatform.com/ipo/excel_infoways_ipo/3425
3424,Main Board,Raj Oil Mills Limited,Agro,PL Capital Markets Private Limited PL Capital Markets Private Limited and Karvy Investor Services Limited +,Mumbai,114.0,2009-07-20,,,2009-07,2009,7,https://www.ipoplatform.com/ipo/raj_oil_mills_ipo/3424
3423,Main Board,Adani Power Limited,Power and Energy,Axis Capital Limited Axis Capital Limited and Bofa Securities India Limited and Dam Capital Advisors Limited (Formerly Idfc Securities Limited) and ICICI Securities Limited and Morgan Stanley India Company Private Limited and SBI Capital Markets Limited +,Ahmedabad,3016.52,2009-07-28,1970-01-01,,2009-07,2009,7,https://www.ipoplatform.com/ipo/adani_power_ipo/3423
3426,Main Board,Mahindra Holidays and Resorts India Limited,Hotels and Resorts,Hsbc Securities & Capital Markets Private limited Hsbc Securities & Capital Markets Private limited and Kotak Mahindra Capital Company Limited +,Chennai,277.96,2009-06-23,1970-01-01,,2009-06,2009,6,https://www.ipoplatform.com/ipo/mahindra_holidays_ipo/3426
3503,Main Board,Indian Bank,Banking and Finance,Axis Capital Limited Axis Capital Limited and ICICI Securities Limited and Kotak Mahindra Capital Company Limited and SBI Capital Markets Limited +,Chennai,782.15,2009-02-05,1970-01-01,,2009-02,2009,2,https://www.ipoplatform.com/ipo/indian_bank_ipo/3503
3427,Main Board,Alkali Metals Limited,Chemical,Saffron Capital Advisors Private Limited,Hyderabad,26.27,2008-10-07,1970-01-01,,2008-10,2008,10,https://www.ipoplatform.com/ipo/alkali_metals_ipo/3427
3428,Main Board,20 Microns Limited,Minerals,Keynote Financial Services Limited,Waghodia,23.93,2008-09-08,1970-01-01,,2008-09,2008,9,https://www.ipoplatform.com/ipo/20_microns_ipo/3428
3434,Main Board,Sejal Architectural Glass Limited,Glass,Saffron Capital Advisors Private Limited,Mumbai,105.73,2008-06-09,,,2008-06,2008,6,https://www.ipoplatform.com/ipo/sejal_ipo/3434
3433,Main Board,Archidply Industries Limited,Furniture,Motilal Oswal Investment Advisors Limited,Bengaluru,48.96,2008-06-11,1970-01-01,,2008-06,2008,6,https://www.ipoplatform.com/ipo/archidply_ipo/3433
3432,Main Board,Lotus Eye Care Hospital Limited,Healthcare - Hospitals and Clinic,Keynote Financial Services Limited,Coimbatore,38.0,2008-06-12,1970-01-01,,2008-06,2008,6,https://www.ipoplatform.com/ipo/lotus_eye_care_ipo/3432
3431,Main Board,KSK Energy Ventures Limited,Power and Energy,Dam Capital Advisors Limited (Formerly Idfc Securities Limited) Dam Capital Advisors Limited (Formerly Idfc Securities Limited) and Edelweiss Financial Services Limited and Kotak Mahindra Capital Company Limited and Morgan Stanley India Company Private Limited +,Hyderabad,830.66,2008-06-23,,,2008-06,2008,6,https://www.ipoplatform.com/ipo/ksk_energy_ipo/3431
3430,Main Board,Somi Conveyor Beltings Limited,Rubber,Ashika Capital Limited,Jodhpur,21.8,2008-06-24,1970-01-01,,2008-06,2008,6,https://www.ipoplatform.com/ipo/somi_conveyor_ipo/3430
3429,Main Board,Birla Cotsyn (India) Limited,Textiles,Allahabad Bank,Mumbai,144.18,2008-06-30,,,2008-06,2008,6,https://www.ipoplatform.com/ipo/birla_cotsyn_ipo/3429
3437,Main Board,Gokul Refoils and Solvent Limited,Agro,Intensive Fiscal Services Private Limited Intensive Fiscal Services Private Limited and Anand Rathi Securities Limited +,Ahmedabad,139.59,2008-05-08,1970-01-01,,2008-05,2008,5,https://www.ipoplatform.com/ipo/gokul_refoils_ipo/3437
3436,Main Board,Niraj Cement Structurals Limited,Infrastructure,Allahabad Bank,Mumbai,61.75,2008-05-26,1970-01-01,,2008-05,2008,5,https://www.ipoplatform.com/ipo/niraj_cement_structurals_ipo/3436
3435,Main Board,Bafna Pharmaceuticals Limited,Pharmaceutical,Keynote Financial Services Limited Keynote Financial Services Limited and Ashika Capital Limited +,Chennai,25.6,2008-05-27,,,2008-05,2008,5,https://www.ipoplatform.com/ipo/bafna_pharmaceuticals_ipo/3435
3438,Main Board,Aishwarya Telecom Limited,Telecom,Srei Capital Markets Limited,Hyderabad,14.0,2008-04-15,1970-01-01,,2008-04,2008,4,https://www.ipoplatform.com/ipo/aishwarya_telecom_ipo/3438
3442,Main Board,Gammon Infrastructure Projects Limited,Infrastructure,Dam Capital Advisors Limited (Formerly Idfc Securities Limited) Dam Capital Advisors Limited (Formerly Idfc Securities Limited) and Macquarie India Advisory Services Private Limited +,Mumbai,276.39,2008-03-10,,,2008-03,2008,3,https://www.ipoplatform.com/ipo/gammon_infra_ipo/3442
3441,Main Board,Sita Shree Food Products Limited,Agro - Food Products,Keynote Financial Services Limited,Indore,31.5,2008-03-11,,,2008-03,2008,3,https://www.ipoplatform.com/ipo/sita_shree_ipo/3441
3440,Main Board,Titagarh Wagons Limited,Railway,Kotak Mahindra Capital Company Limited,Kolkata,128.72,2008-03-24,1970-01-01,,2008-03,2008,3,https://www.ipoplatform.com/ipo/titagarh_wagons_ipo/3440
3439,Main Board,Kiri Dyes and Chemicals Limited,Chemical,Centrum Capital Limited,Ahmedabad,56.25,2008-03-25,1970-01-01,,2008-03,2008,3,https://www.ipoplatform.com/ipo/kiri_dyes_ipo/3439
3445,Main Board,GSS America Infotech Limited,Information Technology  - Data Solutions,Religare Securities Limited,Hyderabad,139.9,2008-02-11,1970-01-01,,2008-02,2008,2,https://www.ipoplatform.com/ipo/gss_america_infotech_ipo/3445
3444,Main Board,Rural Electrification Corporation Limited,Power and Energy,ICICI Securities Limited ICICI Securities Limited and Il&Fs Investsmart Securities Limited and SBI Capital Markets Limited +,New Delhi,1639.26,2008-02-19,1970-01-01,,2008-02,2008,2,https://www.ipoplatform.com/ipo/rec_ipo/3444
3443,Main Board,V-Guard Industries Limited,Electric Equipments,Anand Rathi Securities Limited,Cochin,65.6,2008-02-18,,,2008-02,2008,2,https://www.ipoplatform.com/ipo/v-guard_ipo/3443
3399,Main Board,Rural Electrification Corporation Limited,Power and Energy,Bofa Securities India Limited Bofa Securities India Limited and ICICI Securities Limited and Jm Financial Limited and Kotak Mahindra Capital Company Limited +,New Delhi,3530.04,2008-02-19,1970-01-01,,2008-02,2008,2,https://www.ipoplatform.com/ipo/rec_fpo/3399
3453,Main Board,Reliance Power Limited,Power and Energy,Axis Capital Limited Axis Capital Limited and J.P. Morgan India Private Limited and Kotak Mahindra Capital Company Limited and Ubs Securities India Private Limited +,Mumbai,11563.2,2008-01-15,1970-01-01,,2008-01,2008,1,https://www.ipoplatform.com/ipo/reliance_power_ipo/3453
3452,Main Board,J Kumar Infraprojects Limited,Infrastructure,Anand Rathi Securities Limited,Mumbai,71.5,2008-01-18,1970-01-01,,2008-01,2008,1,https://www.ipoplatform.com/ipo/j_kumar_infraprojects_ipo/3452
3451,Main Board,Cords Cable Industries Limited,Cables and Wires,Collins Stewart Inga Private Limited,New Delhi,41.65,2008-01-21,1970-01-01,,2008-01,2008,1,https://www.ipoplatform.com/ipo/cords_cable_ipo/3451
3450,Main Board,KNR Constructions Limited,Infrastructure,Axis Bank Limited,Hyderabad,133.87,2008-01-24,,,2008-01,2008,1,https://www.ipoplatform.com/ipo/knr_constructions_ipo/3450
3449,Main Board,Bang Overseas Limited,Textiles,Almondz Global Securities Limited,Mumbai,72.45,2008-01-28,1970-01-01,,2008-01,2008,1,https://www.ipoplatform.com/ipo/bang_overseas_ipo/3449
3448,Main Board,OnMobile Global Limited,Information Technology,Deutsche Equities India Private Limited Deutsche Equities India Private Limited and ICICI Securities Limited +,Bengaluru,479.62,2008-01-24,1970-01-01,,2008-01,2008,1,https://www.ipoplatform.com/ipo/onmobile_global_ipo/3448
3447,Main Board,Shriram EPC Limited,Engineering - EPC,ICICI Securities Limited ICICI Securities Limited and Kotak Mahindra Capital Company Limited and Motilal Oswal Investment Advisors Limited +,Chennai,150.0,2008-01-29,1970-01-01,,2008-01,2008,1,https://www.ipoplatform.com/ipo/shriram_epc_ipo/3447
3446,Main Board,IRB Infrastructure Developers Limited,Infrastructure,Deutsche Equities India Private Limited Deutsche Equities India Private Limited and Kotak Mahindra Capital Company Limited +,Mumbai,944.57,2008-01-31,,,2008-01,2008,1,https://www.ipoplatform.com/ipo/irb_infra_ipo/3446
4122,Main Board,PPAP Automotive Limited (Precision Pipes and Profiles Company Limited),Engineering - Automotive,Nexgen Capitals Limited Nexgen Capitals Limited and Uti Securities Limited +,New Delhi,75.0,2007-12-17,1970-01-01,,2007-12,2007,12,https://www.ipoplatform.com/ipo/PPAP-automotive-ipo/4122
3460,Main Board,Transformers and Rectifiers India Limited,Electric Equipments - Transformers,Axis Capital Limited,Sanand,139.27,2007-12-07,,,2007-12,2007,12,https://www.ipoplatform.com/ipo/transformers_rectifiers_ipo/3460
3459,Main Board,Brigade Enterprises Limited,Real Estate,Axis Capital Limited Axis Capital Limited and ICICI Securities Limited and J.P. Morgan India Private Limited +,Bengaluru,648.36,2007-12-10,1970-01-01,,2007-12,2007,12,https://www.ipoplatform.com/ipo/brigade_ipo/3459
3458,Main Board,eClerx Services Limited,Information Technology  - Data Solutions,Edelweiss Financial Services Limited Edelweiss Financial Services Limited and Jm Financial Limited +,Mumbai,101.0,2007-12-04,1970-01-01,,2007-12,2007,12,https://www.ipoplatform.com/ipo/eclerx_ipo/3458
3456,Main Board,BGR Energy Systems Limited,Power and Energy,Kotak Mahindra Capital Company Limited Kotak Mahindra Capital Company Limited and SBI Capital Markets Limited and Ubs Securities India Private Limited +,Nellore,438.53,2007-12-05,1970-01-01,,2007-12,2007,12,https://www.ipoplatform.com/ipo/bgr_energy_ipo/3456
3455,Main Board,Aries Agro Limited,Chemical - Pesticides,Srei Capital Markets Limited,Mumbai,58.5,2007-12-14,1970-01-01,,2007-12,2007,12,https://www.ipoplatform.com/ipo/aries_agro_ipo/3455
3454,Main Board,Porwal Auto Components Limited,Automobile - Forging and Casting,Keynote Financial Services Limited,Indore,37.5,2007-12-17,1970-01-01,,2007-12,2007,12,https://www.ipoplatform.com/ipo/porwal_auto_ipo/3454
3467,Main Board,Empee Distilleries Limited,Liquor and Distilleries,Almondz Global Securities Limited,Chennai,192.0,2007-11-01,,,2007-11,2007,11,https://www.ipoplatform.com/ipo/empee_ipo/3467
3466,Main Board,Mundra Port and Special Economic Zone Limited,Logistics,Axis Capital Limited Axis Capital Limited and Bofa Securities India Limited and Dam Capital Advisors Limited (Formerly Idfc Securities Limited) and Jm Financial Limited +,Ahmedabad,1771.0,2007-11-01,1970-01-01,,2007-11,2007,11,https://www.ipoplatform.com/ipo/mundra_port_ipo/3466
3465,Main Board,Renaissance Jewellery Limited,Jewellery,Edelweiss Financial Services Limited,Mumbai,79.86,2007-11-19,1970-01-01,,2007-11,2007,11,https://www.ipoplatform.com/ipo/renaissance_ipo/3465
3464,Main Board,Edelweiss Capital Limited,Banking and Finance,Citigroup Global Markets India Private Limited Citigroup Global Markets India Private Limited and Kotak Mahindra Capital Company Limited +,Mumbai,691.86,2007-11-15,1970-01-01,,2007-11,2007,11,https://www.ipoplatform.com/ipo/edelweiss_ipo/3464
3463,Main Board,Kolte-Patil Developers Limited,Real Estate,Bofa Securities India Limited Bofa Securities India Limited and Edelweiss Financial Services Limited +,Pune,275.51,2007-11-19,1970-01-01,,2007-11,2007,11,https://www.ipoplatform.com/ipo/kolte_patil_developers_ipo/3463
3462,Main Board,Kaushalya Infrastructure Dev Corp Limited,Infrastructure,Srei Capital Markets Limited,Kolkata,51.0,2007-11-20,,,2007-11,2007,11,https://www.ipoplatform.com/ipo/kaushalya_ipo/3462
3461,Main Board,Jyothi Laboratories Limited,FMCG,Axis Capital Limited Axis Capital Limited and Kotak Mahindra Capital Company Limited +,Mumbai,305.69,2007-11-22,1970-01-01,,2007-11,2007,11,https://www.ipoplatform.com/ipo/jyothi_laboratories_ipo/3461
3457,Main Board,Burnpur Cement Limited,Cement,Srei Capital Markets Limited,Burdwan,26.28,2007-11-28,1970-01-01,,2007-11,2007,11,https://www.ipoplatform.com/ipo/burnpur_cement_ipo/3457
3470,Main Board,Maytas Infra Limited,Infrastructure,Bofa Securities India Limited Bofa Securities India Limited and Jm Financial Limited and Kotak Mahindra Capital Company Limited +,Hyderabad,327.45,2007-10-27,1970-01-01,,2007-10,2007,10,https://www.ipoplatform.com/ipo/maytas_ipo/3470
3469,Main Board,Religare Enterprises Limited,Banking and Finance,Axis Capital Limited Axis Capital Limited and Citigroup Global Markets India Private Limited +,New Delhi,140.16,2007-10-29,1970-01-01,,2007-10,2007,10,https://www.ipoplatform.com/ipo/religare_ipo/3469
3468,Main Board,Rathi Bars Limited,Steel,Chartered Capital And Investment Limited,New Delhi,25.0,2007-10-18,1970-01-01,,2007-10,2007,10,https://www.ipoplatform.com/ipo/rathi_bars_ipo/3468
3474,Main Board,Kaveri Seed Company Limited,Agro - Plantation,Anand Rathi Securities Limited,Secunderabad,68.0,2007-09-06,1970-01-01,,2007-09,2007,9,https://www.ipoplatform.com/ipo/kaveri_seed_ipo/3474
3473,Main Board,Power Grid Corporation of India Limited,Electric Equipments - Transformers,Axis Capital Limited Axis Capital Limited and Citigroup Global Markets India Private Limited and Kotak Mahindra Capital Company Limited +,New Delhi,2984.45,2007-09-10,1970-01-01,,2007-09,2007,9,https://www.ipoplatform.com/ipo/power_grid_ipo/3473
3472,Main Board,Consolidated Construction Consortium Limited,Infrastructure,Axis Capital Limited Axis Capital Limited and Kotak Mahindra Capital Company Limited +,Chennai,188.7,2007-09-18,1970-01-01,,2007-09,2007,9,https://www.ipoplatform.com/ipo/cccl_ipo/3472
3471,Main Board,Supreme Infrastructure India Limited,Infrastructure,Karvy Investor Services Limited,Mumbai,37.53,2007-09-21,1970-01-01,,2007-09,2007,9,https://www.ipoplatform.com/ipo/supreme_infrastructure_ipo/3471
3357,Main Board,Power Grid Corporation of India Limited,Power and Energy,Goldman Sachs (India) Securities Private Limited Goldman Sachs (India) Securities Private Limited and ICICI Securities Limited and J.P. Morgan India Private Limited and SBI Capital Markets Limited +,Gurugram,7442.34,2007-09-10,1970-01-01,,2007-09,2007,9,https://www.ipoplatform.com/ipo/power_grid_fpo/3357
3480,Main Board,TAKE Solutions Limited,Information Technology  - Data Solutions,Edelweiss Financial Services Limited,Chennai,153.3,2007-08-01,1970-01-01,,2007-08,2007,8,https://www.ipoplatform.com/ipo/take_solutions_ipo/3480
3479,Main Board,K.P.R. Mill Limited,Textiles - Fabrics,ICICI Securities Limited,Coimbatore,133.02,2007-08-02,,,2007-08,2007,8,https://www.ipoplatform.com/ipo/kpr_mill_ipo/3479
3477,Main Board,Motilal Oswal Financial Services Limited,Banking and Finance,Citigroup Global Markets India Private Limited,Mumbai,246.07,2007-08-20,1970-01-01,,2007-08,2007,8,https://www.ipoplatform.com/ipo/motilal_oswal_ipo/3477
3476,Main Board,Indowind Energy Limited,Power and Energy - Wind,Uti Securities Limited,Chennai,81.25,2007-08-21,1970-01-01,,2007-08,2007,8,https://www.ipoplatform.com/ipo/indowind_ipo/3476
3475,Main Board,Magnum Ventures Limited,Paper and Stationery,Srei Capital Markets Limited,New Delhi,52.92,2007-08-27,1970-01-01,,2007-08,2007,8,https://www.ipoplatform.com/ipo/magnum_ventures_ipo/3475
4157,Main Board,Allied Digital Services Limited,Information Technology,Anand Rathi Securities Limited,Mumbai,85.93,2007-07-02,,,2007-07,2007,7,https://www.ipoplatform.com/ipo/Allied-Digital-Services-ipo/4157
4155,Main Board,Omaxe Limited,Real Estate,Citigroup Global Markets India Private Limited Citigroup Global Markets India Private Limited and Jm Financial Limited +,New Delhi,605.94,2007-07-17,,,2007-07,2007,7,https://www.ipoplatform.com/ipo/omaxe-ipo/4155
3482,Main Board,Central Bank of India,Banking and Finance,Idbi Capital Market Services Limited Idbi Capital Market Services Limited and Axis Capital Limited and Citigroup Global Markets India Private Limited and ICICI Securities Limited +,Mumbai,816.0,2007-07-24,1970-01-01,,2007-07,2007,7,https://www.ipoplatform.com/ipo/central_bank_of_india_ipo/3482
3481,Main Board,Asian Granito India Limited,"Ceramic and Stone - Marble, Tiles and Granite",SBI Capital Markets Limited,Ahmedabad,67.9,2007-07-26,1970-01-01,,2007-07,2007,7,https://www.ipoplatform.com/ipo/asian_granito_ipo/3481
3478,Main Board,Puravankara Projects Limited,Real Estate,Bofa Securities India Limited Bofa Securities India Limited and Citigroup Global Markets India Private Limited and Kotak Mahindra Capital Company Limited +,Mumbai,858.7,2007-07-31,1970-01-01,,2007-07,2007,7,https://www.ipoplatform.com/ipo/puravankara_ipo/3478
4156,Main Board,Meghmani Organics Limited,Agro,Edelweiss Financial Services Limited Edelweiss Financial Services Limited and Il&Fs Investsmart Securities Limited +,Ahmedabad,102.0,2007-06-04,,,2007-06,2007,6,https://www.ipoplatform.com/ipo/meghmani-organics-ipo/4156
3483,Main Board,Nelcast Limited,Steel - Iron,Karvy Investor Services Limited,Gudur,95.27,2007-06-04,1970-01-01,,2007-06,2007,6,https://www.ipoplatform.com/ipo/nelcast_ipo/3483
3487,Main Board,Insecticides India Limited,Chemical - Pesticides,Uti Securities Limited,New Delhi,36.92,2007-05-07,1970-01-01,,2007-05,2007,5,https://www.ipoplatform.com/ipo/insecticides_ipo/3487
3486,Main Board,Asahi Songwon Colors Limited,Chemical,Fortune Financial Services (India) Limited,Mahesana,33.5,2007-05-09,1970-01-01,,2007-05,2007,5,https://www.ipoplatform.com/ipo/asahi_songwon_ipo/3486
3485,Main Board,Nitin Fire Protection Industries Limited,Corporate Solutions,Karvy Investor Services Limited Karvy Investor Services Limited and Uti Securities Limited +,Mumbai,64.41,2007-05-15,,,2007-05,2007,5,https://www.ipoplatform.com/ipo/nitin_fire_ipo/3485
3484,Main Board,Time Technoplast Limited,Packaging & Disposables,Il&Fs Investsmart Securities Limited,Daman,123.53,2007-05-18,1970-01-01,,2007-05,2007,5,https://www.ipoplatform.com/ipo/time_technoplast_ipo/3484
3491,Main Board,Fortis Healthcare Limited,Healthcare - Hospitals and Clinic,Citigroup Global Markets India Private Limited Citigroup Global Markets India Private Limited and Jm Financial Limited and Kotak Mahindra Capital Company Limited +,New Delhi,496.76,2007-04-16,1970-01-01,,2007-04,2007,4,https://www.ipoplatform.com/ipo/fortis_healthcare_ipo/3491
3490,Main Board,Bhagwati Banquets And Hotels Limited,Hotels and Resorts,Chartered Capital And Investment Limited,Ahmedabad,92.0,2007-04-18,1970-01-01,,2007-04,2007,4,https://www.ipoplatform.com/ipo/bhagwati_hotels_ipo/3490
3489,Main Board,Hilton Metal Forging Limited,Automobile - Forging and Casting,Centrum Capital Limited,Mumbai,38.15,2007-04-18,1970-01-01,,2007-04,2007,4,https://www.ipoplatform.com/ipo/hilton_metal_ipo/3489
3488,Main Board,MIC Electronics Limited,Electric Equipments,Edelweiss Financial Services Limited,Hyderabad,76.5,2007-04-30,,,2007-04,2007,4,https://www.ipoplatform.com/ipo/mic_electronics_ipo/3488
3492,Main Board,ICRA Limited,Banking and Finance,Kotak Mahindra Capital Company Limited Kotak Mahindra Capital Company Limited and SBI Capital Markets Limited +,New Delhi,85.18,2007-03-20,1970-01-01,,2007-03,2007,3,https://www.ipoplatform.com/ipo/icra_ipo/3492
3502,Main Board,Oriental Trimex Limited,"Ceramic and Stone - Marble, Tiles and Granite",Almondz Global Securities Limited,New Delhi,48.0,2007-02-08,1970-01-01,,2007-02,2007,2,https://www.ipoplatform.com/ipo/oriental_trimex_ipo/3502
3501,Main Board,MindTree Consulting Limited,Information Technology,J.P. Morgan India Private Limited J.P. Morgan India Private Limited and Kotak Mahindra Capital Company Limited +,Bengaluru,237.72,2007-02-09,,,2007-02,2007,2,https://www.ipoplatform.com/ipo/mindtree_ipo/3501
3500,Main Board,Mudra Lifestyle Limited,Textiles,SBI Capital Markets Limited,Mumbai,86.22,2007-02-08,1970-01-01,,2007-02,2007,2,https://www.ipoplatform.com/ipo/mudra_lifestyle_ipo/3500
3499,Main Board,Idea Cellular Limited,Telecom,Bofa Securities India Limited Bofa Securities India Limited and Citigroup Global Markets India Private Limited and Ubs Securities India Private Limited +,Gandhinagar,2125.0,2007-02-12,1970-01-01,,2007-02,2007,2,https://www.ipoplatform.com/ipo/idea_cellular_ipo/3499
3498,Main Board,Raj Television Network Limited,Advertising and Media,Vivro Financial Services Private Limited,Chennai,91.7,2007-02-14,1970-01-01,,2007-02,2007,2,https://www.ipoplatform.com/ipo/raj_television_ipo/3498
3497,Main Board,Jockey India - Page Industries Limited,Textiles,Il&Fs Investsmart Securities Limited,Bengaluru,100.94,2007-02-23,1970-01-01,,2007-02,2007,2,https://www.ipoplatform.com/ipo/page_industries_ipo/3497
3496,Main Board,AMD Metplast Limited,FMCG - Snacks and Beverages,Chartered Capital And Investment Limited,New Delhi,76.25,2007-02-15,1970-01-01,,2007-02,2007,2,https://www.ipoplatform.com/ipo/amd_metplast_ipo/3496
3495,Main Board,Jagjanani Textiles Limited,Textiles,Centrum Capital Limited,Jaipur,20.25,2007-02-15,1970-01-01,,2007-02,2007,2,https://www.ipoplatform.com/ipo/jagjanani_ipo/3495
3494,Main Board,Lawreshwar Polymers Limited,Footwear,Ashika Capital Limited,Jaipur,13.94,2007-02-05,1970-01-01,,2007-02,2007,2,https://www.ipoplatform.com/ipo/lawreshwar_ipo/3494
3493,Main Board,Astral Poly Technik Limited,Plastic and Polymer,Karvy Investor Services Limited,Ahmedabad,34.17,2007-02-14,1970-01-01,,2007-02,2007,2,https://www.ipoplatform.com/ipo/astral_ipo/3493
3516,Main Board,Autoline Industries Limited,Automobile,Bob Capital Markets Limited,Pune,75.0,2007-01-08,1970-01-01,,2007-01,2007,1,https://www.ipoplatform.com/ipo/autoline_ipo/3516
3515,Main Board,Akruti Nirman Limited,Real Estate,Axis Capital Limited Axis Capital Limited and J.P. Morgan India Private Limited +,Mumbai,361.8,2007-01-15,1970-01-01,,2007-01,2007,1,https://www.ipoplatform.com/ipo/akruti_ipo/3515
3513,Main Board,Global Broadcast News Limited,Advertising and Media,ICICI Securities Limited ICICI Securities Limited and Kotak Mahindra Capital Company Limited +,New Delhi,105.0,2007-01-15,,,2007-01,2007,1,https://www.ipoplatform.com/ipo/gbn_ipo/3513
3512,Main Board,Technocraft Industries (India) Limited,Textiles,Anand Rathi Securities Limited,Mumbai,87.36,2007-01-18,1970-01-01,,2007-01,2007,1,https://www.ipoplatform.com/ipo/technocraft_ipo/3512
3511,Main Board,Cinemax India Limited,Advertising and Media,Axis Capital Limited Axis Capital Limited and Edelweiss Financial Services Limited +,Mumbai,138.26,2007-01-18,1970-01-01,,2007-01,2007,1,https://www.ipoplatform.com/ipo/cinemax_ipo/3511
3510,Main Board,Redington (India) Limited,Logistics,Axis Capital Limited,Chennai,149.51,2007-01-22,1970-01-01,,2007-01,2007,1,https://www.ipoplatform.com/ipo/redington_ipo/3510
3509,Main Board,House of Pearl Fashions Limited,Textiles,Jm Morgan Stanley Private Limited,New Delhi,329.17,2007-01-16,,,2007-01,2007,1,https://www.ipoplatform.com/ipo/house_of_pearl_ipo/3509
3508,Main Board,Firstsource Solutions Limited,Outsourcing - BPO,Bofa Securities India Limited Bofa Securities India Limited and Deutsche Equities India Private Limited and ICICI Securities Limited +,Mumbai,443.52,2007-01-29,1970-01-01,,2007-01,2007,1,https://www.ipoplatform.com/ipo/firstsource_ipo/3508
3507,Main Board,Power Finance Corporation Limited,Banking and Finance,Axis Capital Limited Axis Capital Limited and ICICI Securities Limited and Kotak Mahindra Capital Company Limited +,New Delhi,997.19,2007-01-31,1970-01-01,,2007-01,2007,1,https://www.ipoplatform.com/ipo/pfc_ipo/3507
3506,Main Board,Transwarranty Finance Limited,Banking and Finance,Idbi Capital Market Services Limited,Mumbai,31.2,2007-01-23,1970-01-01,,2007-01,2007,1,https://www.ipoplatform.com/ipo/transwarranty_ipo/3506
3519,Main Board,XL Telecom Limited,Telecom,Anand Rathi Securities Limited Anand Rathi Securities Limited and Centrum Capital Limited +,Secunderabad,59.35,2006-12-04,,,2006-12,2006,12,https://www.ipoplatform.com/ipo/xl_telecom_ipo/3519
3518,Main Board,Tanla Platforms Limited (Tanla Solutions Limited),Information Technology,SBI Capital Markets Limited,Hyderabad,378.86,2006-12-11,1970-01-01,,2006-12,2006,12,https://www.ipoplatform.com/ipo/tanla_ipo/3518
3517,Main Board,Lumax Auto Technologies Limited,Automobile,Centrum Capital Limited,Pune,22.59,2006-12-14,,,2006-12,2006,12,https://www.ipoplatform.com/ipo/lumax_ipo/3517
3514,Main Board,Cambridge Technology Enterprises Limited,Information Technology,Centrum Capital Limited,Hyderabad,24.0,2006-12-29,1970-01-01,,2006-12,2006,12,https://www.ipoplatform.com/ipo/cambridge_technology_ipo/3514
3525,Main Board,Parsvnath Developers Limited,Real Estate,Axis Capital Limited Axis Capital Limited and Bofa Securities India Limited and Jm Morgan Stanley Private Limited +,New Delhi,997.14,2006-11-06,1970-01-01,,2006-11,2006,11,https://www.ipoplatform.com/ipo/parsvanath_ipo/3525
3524,Main Board,L.T. Overseas Limited,Agro,Il&Fs Investsmart Securities Limited Il&Fs Investsmart Securities Limited and Uti Securities Limited +,New Delhi,39.4,2006-11-27,,,2006-11,2006,11,https://www.ipoplatform.com/ipo/lt_overseas_ipo/3524
3523,Main Board,Ruchira Papers Limited,Paper and Stationery,A.K. Capital Services Limited,Sirmour,23.5,2006-11-23,1970-01-01,,2006-11,2006,11,https://www.ipoplatform.com/ipo/ruchira_ipo/3523
3522,Main Board,Sobha Developers Limited,Real Estate,Axis Capital Limited Axis Capital Limited and Il&Fs Investsmart Securities Limited and Kotak Mahindra Capital Company Limited +,Bengaluru,569.17,2006-11-23,1970-01-01,,2006-11,2006,11,https://www.ipoplatform.com/ipo/sobha_ipo/3522
3521,Main Board,KLRF Limited,Agro - Flour Mill,Keynote Financial Services Limited,Gangaikondan,14.3,2006-11-27,1970-01-01,,2006-11,2006,11,https://www.ipoplatform.com/ipo/klrf_ipo/3521
3520,Main Board,Gulshan Sugars & Chemicals Limited,Chemical,Srei Capital Markets Limited,New Delhi,26.4,2006-11-22,,,2006-11,2006,11,https://www.ipoplatform.com/ipo/gulshan_sugars_fpo/3520
3527,Main Board,Zenith Birla (India) Limited,Steel - Tubes and Pipes,Keynote Financial Services Limited Keynote Financial Services Limited and Idbi Capital Market Services Limited +,Mumbai,131.0,2006-10-16,1970-01-01,,2006-10,2006,10,https://www.ipoplatform.com/ipo/zenith_birla_fpo/3527
3526,Main Board,Info Edge India Limited (Naukri.com),Online Service Provider,Citigroup Global Markets India Private Limited Citigroup Global Markets India Private Limited and ICICI Securities Limited +,New Delhi,170.36,2006-10-30,1970-01-01,,2006-10,2006,10,https://www.ipoplatform.com/ipo/info_edge_ipo/3526
3539,Main Board,Atlanta Limited,Infrastructure,Karvy Investor Services Limited Karvy Investor Services Limited and Srei Capital Markets Limited and Uti Securities Limited +,Mumbai,64.5,2006-09-01,1970-01-01,,2006-09,2006,9,https://www.ipoplatform.com/ipo/atlanta_ipo/3539
3537,Main Board,Action Construction Equipment Limited,Engineering - Heavy Machinery,Karvy Investor Services Limited Karvy Investor Services Limited and Uti Securities Limited +,New Delhi,59.8,2006-09-01,1970-01-01,,2006-09,2006,9,https://www.ipoplatform.com/ipo/action_ipo/3537
3536,Main Board,HOV Services Limited,Outsourcing,Bofa Securities India Limited Bofa Securities India Limited and Morgan Stanley India Company Private Limited +,Pune,81.0,2006-09-04,1970-01-01,,2006-09,2006,9,https://www.ipoplatform.com/ipo/hov_ipo/3536
3535,Main Board,Gwalior Chemical Industries Limited,Chemical,Jm Morgan Stanley Private Limited,Mumbai,80.0,2006-09-11,1970-01-01,,2006-09,2006,9,https://www.ipoplatform.com/ipo/gwalior_chemical_ipo/3535
3534,Main Board,Richa Knits Limited,Textiles,Kjmc Corporate Advisors (India) Limited,New Delhi,22.5,2006-09-13,1970-01-01,,2006-09,2006,9,https://www.ipoplatform.com/ipo/richa_knits_ipo/3534
3533,Main Board,Gayatri Projects Limited,Engineering - EPC,Almondz Global Securities Limited Almondz Global Securities Limited and Il&Fs Investsmart Securities Limited +,Mumbai,85.55,2006-09-26,,,2006-09,2006,9,https://www.ipoplatform.com/ipo/gayatri_ipo/3533
3532,Main Board,Fiem Industries Limited,Automobile,Il&Fs Investsmart Securities Limited,New Delhi,56.17,2006-09-21,1970-01-01,,2006-09,2006,9,https://www.ipoplatform.com/ipo/fiem_ipo/3532
3531,Main Board,JHS Svendgaard Laboratories Limited,Healthcare,Centrum Capital Limited Centrum Capital Limited and Uti Securities Limited +,Sirmour,35.96,2006-09-26,1970-01-01,,2006-09,2006,9,https://www.ipoplatform.com/ipo/jhs_ipo/3531
3530,Main Board,Development Credit Bank Limited,Banking and Finance,Axis Capital Limited Axis Capital Limited and Jm Morgan Stanley Private Limited +,Mumbai,185.9,2006-09-29,1970-01-01,,2006-09,2006,9,https://www.ipoplatform.com/ipo/dcb_ipo/3530
3529,Main Board,Global Vectra Helicorp Limited,Infrastructure,SBI Capital Markets Limited,New Delhi,64.75,2006-09-29,1970-01-01,,2006-09,2006,9,https://www.ipoplatform.com/ipo/global_vectra_ipo/3529
3528,Main Board,Accel Frontline Limited,Information Technology - SaaS,SBI Capital Markets Limited,Chennai,42.27,2006-09-28,1970-01-01,,2006-09,2006,9,https://www.ipoplatform.com/ipo/accel_frontline_ipo/3528
3540,Main Board,Voltamp Transformers Limited,Electric Equipments - Transformers,Axis Capital Limited,Vadodara,168.49,2006-08-24,1970-01-01,,2006-08,2006,8,https://www.ipoplatform.com/ipo/voltamp_ipo/3540
3538,Main Board,Deep Industries Limited,Infrastructure,Keynote Financial Services Limited Keynote Financial Services Limited and Idbi Capital Market Services Limited and Nexgen Capitals Limited +,Gandhinagar,40.68,2006-08-29,,,2006-08,2006,8,https://www.ipoplatform.com/ipo/deep_industries_ipo/3538
3505,Main Board,C&C Constructions Limited,Infrastructure,Edelweiss Financial Services Limited,New Delhi,124.24,2006-02-05,,,2006-02,2006,2,https://www.ipoplatform.com/ipo/constructions_ipo/3505
3504,Main Board,SMS Pharmaceuticals Limited,Pharmaceutical,Uti Securities Limited,Hyderabad,97.93,2006-02-05,1970-01-01,,2006-02,2006,2,https://www.ipoplatform.com/ipo/sms_pharmaceuticals_ipo/3504
3189,Main Board,Polycab India Limited,Cables and Wires,Axis Capital Limited Axis Capital Limited and Citigroup Global Markets India Private Limited and Edelweiss Financial Services Limited and IIFL Securities Limited +,New Delhi,1346.0,2005-07-10,1970-01-01,,2005-07,2005,7,https://www.ipoplatform.com/ipo/polycab-ipo/3189
3549,SME,NeoPolitan Pizza and Foods Limited,Hotels and Resorts - QSR,Turnaround Corporate Advisors Private Limited,Vadodara,12.0,,1970-01-01,,1970-01,1970,1,https://www.ipoplatform.com/ipo/neopolitan-pizza-and-foods-ipo/3549
1979,SME,DRS Dilip Roadlines Limited,Logistics,Aryaman Financial Services Limited,Hyderabad,31.5,,1970-01-01,,1970-01,1970,1,https://www.ipoplatform.com/ipo/agarwal-packers-and-movers-ipo/1979
